customer_id,txn_count,total_spend,avg_spend,days_active,txn_count_norm,total_spend_norm,behaviour_score,segment
C1001,3,199332.0,66444.0,176,4.081632653061225,99.66583291645823,51.873732784759724,Active
C1002,2,153741.0,76870.5,63,2.0408163265306123,76.85892946473236,39.449872895631486,Low-Activity
C1004,2,98982.0,49491.0,17,2.0408163265306123,49.465732866433214,25.753274596481912,Low-Activity
C1005,1,69501.0,69501.0,0,0.0,34.71785892946473,17.358929464732366,Dormant
C1006,1,50105.0,50105.0,0,0.0,25.015007503751875,12.507503751875937,Dormant
C1007,2,58693.0,29346.5,38,2.0408163265306123,29.311155577788895,15.675985952159754,Dormant
C1009,3,168893.0,56297.666666666664,110,4.081632653061225,84.43871935967984,44.26017600637053,Low-Activity
C1010,1,53426.0,53426.0,0,0.0,26.67633816908454,13.33816908454227,Dormant
C1011,4,216814.0,54203.5,228,6.122448979591836,100.0,53.06122448979592,Active
C1012,2,76940.0,38470.0,58,2.0408163265306123,38.4392196098049,20.240017968167756,Dormant
C1013,1,40930.0,40930.0,0,0.0,20.425212606303152,10.212606303151576,Dormant
C1016,2,38423.0,19211.5,215,2.0408163265306123,19.171085542771387,10.605950934651,Dormant
C1018,3,118200.0,39400.0,73,4.081632653061225,59.079539769884946,31.580586211473086,Low-Activity
C1021,2,104669.0,52334.5,242,2.0408163265306123,52.31065532766384,27.175735827097224,Low-Activity
C1022,2,55000.0,27500.0,255,2.0408163265306123,27.463731865932967,14.75227409623179,Dormant
C1023,1,20990.0,20990.0,0,0.0,10.450225112556279,5.225112556278139,Dormant
C1024,1,61572.0,61572.0,0,0.0,30.751375687843925,15.375687843921963,Dormant
C1025,2,18791.0,9395.5,25,2.0408163265306123,9.350175087543771,5.695495707037192,Dormant
C1026,1,15487.0,15487.0,0,0.0,7.697348674337169,3.8486743371685845,Dormant
C1028,2,107730.0,53865.0,171,2.0408163265306123,53.84192096048024,27.941368643505424,Low-Activity
C1032,1,91994.0,91994.0,0,0.0,45.96998499249625,22.984992496248125,Dormant
C1036,1,15671.0,15671.0,0,0.0,7.7893946973486745,3.8946973486743373,Dormant
C1037,1,73240.0,73240.0,0,0.0,36.58829414707353,18.294147073536767,Dormant
C1038,2,70927.0,35463.5,51,2.0408163265306123,35.4312156078039,18.736015967167255,Dormant
C1039,1,34997.0,34997.0,0,0.0,17.457228614307155,8.728614307153578,Dormant
C1040,1,84717.0,84717.0,0,0.0,42.329664832416206,21.164832416208103,Dormant
C1043,1,10854.0,10854.0,0,0.0,5.379689844922461,2.6898449224612304,Dormant
C1044,1,36015.0,36015.0,0,0.0,17.96648324162081,8.983241620810405,Dormant
C1045,1,50105.0,50105.0,0,0.0,25.015007503751875,12.507503751875937,Dormant
C1048,1,12768.0,12768.0,0,0.0,6.337168584292146,3.168584292146073,Dormant
C1049,1,551.0,551.0,0,0.0,0.22561280640320158,0.11280640320160079,Dormant
C1051,1,19260.0,19260.0,0,0.0,9.5847923961981,4.79239619809905,Dormant
C1052,1,67365.0,67365.0,0,0.0,33.64932466233117,16.824662331165584,Dormant
C1053,1,54530.0,54530.0,0,0.0,27.228614307153578,13.614307153576789,Dormant
C1054,1,81665.0,81665.0,0,0.0,40.802901450725365,20.401450725362682,Dormant
C1055,2,97408.0,48704.0,176,2.0408163265306123,48.678339169584795,25.359577748057703,Low-Activity
C1056,2,94073.0,47036.5,199,2.0408163265306123,47.010005002501245,24.525410664515928,Dormant
C1058,1,80702.0,80702.0,0,0.0,40.32116058029015,20.160580290145074,Dormant
C1060,3,112568.0,37522.666666666664,10,4.081632653061225,56.26213106553276,30.171881859296995,Low-Activity
C1062,1,23241.0,23241.0,0,0.0,11.576288144072036,5.788144072036018,Dormant
C1064,2,119951.0,59975.5,9,2.0408163265306123,59.95547773886943,30.99814703270002,Low-Activity
C1065,1,50105.0,50105.0,0,0.0,25.015007503751875,12.507503751875937,Dormant
C1066,3,38442.0,12814.0,131,4.081632653061225,19.180590295147574,11.631111474104399,Dormant
C1067,2,104893.0,52446.5,63,2.0408163265306123,52.42271135567784,27.231763841104225,Low-Activity
C1068,1,86265.0,86265.0,0,0.0,43.10405202601301,21.552026013006504,Dormant
C1069,1,21959.0,21959.0,0,0.0,10.934967483741872,5.467483741870936,Dormant
C1071,3,229809.0,76603.0,269,4.081632653061225,100.0,52.04081632653061,Active
C1072,1,69312.0,69312.0,0,0.0,34.62331165582791,17.311655827913956,Dormant
C1073,1,69537.0,69537.0,0,0.0,34.735867933966986,17.367933966983493,Dormant
C1074,2,89029.0,44514.5,200,2.0408163265306123,44.48674337168585,23.26377984910823,Dormant
C1075,2,54811.0,27405.5,75,2.0408163265306123,27.369184592296147,14.70500045941338,Dormant
C1076,2,58238.0,29119.0,87,2.0408163265306123,29.08354177088544,15.562179048708026,Dormant
C1077,1,96704.0,96704.0,0,0.0,48.32616308154077,24.163081540770385,Dormant
C1078,2,127694.0,63847.0,56,2.0408163265306123,63.82891445722861,32.93486539187961,Low-Activity
C1080,2,65637.0,32818.5,121,2.0408163265306123,32.78489244622311,17.41285438637686,Dormant
C1081,2,88320.0,44160.0,300,2.0408163265306123,44.13206603301651,23.08644117977356,Dormant
C1082,1,35028.0,35028.0,0,0.0,17.47273636818409,8.736368184092045,Dormant
C1086,1,11413.0,11413.0,0,0.0,5.659329664832416,2.829664832416208,Dormant
C1087,1,51264.0,51264.0,0,0.0,25.59479739869935,12.797398699349674,Dormant
C1089,2,152739.0,76369.5,148,2.0408163265306123,76.3576788394197,39.19924758297516,Low-Activity
C1090,1,30997.0,30997.0,0,0.0,15.456228114057028,7.728114057028514,Dormant
C1091,1,10690.0,10690.0,0,0.0,5.297648824412206,2.648824412206103,Dormant
C1092,1,9847.0,9847.0,0,0.0,4.875937968984492,2.437968984492246,Dormant
C1093,1,25056.0,25056.0,0,0.0,12.48424212106053,6.242121060530265,Dormant
C1094,1,7084.0,7084.0,0,0.0,3.4937468734367183,1.7468734367183592,Dormant
C1095,1,45097.0,45097.0,0,0.0,22.50975487743872,11.25487743871936,Dormant
C1096,1,49628.0,49628.0,0,0.0,24.77638819409705,12.388194097048524,Dormant
C1097,1,66450.0,66450.0,0,0.0,33.19159579789895,16.595797898949474,Dormant
C1098,2,69195.0,34597.5,314,2.0408163265306123,34.5647823911956,18.302799358863105,Dormant
C1100,2,37281.0,18640.5,164,2.0408163265306123,18.599799899949975,10.320308113240294,Dormant
C1104,2,68672.0,34336.0,57,2.0408163265306123,34.30315157578789,18.171983951159252,Dormant
C1105,4,139175.0,34793.75,192,6.122448979591836,69.57228614307154,37.84736756133169,Low-Activity
C1107,2,49155.0,24577.5,64,2.0408163265306123,24.539769884942473,13.290293105736543,Dormant
C1108,1,16003.0,16003.0,0,0.0,7.955477738869435,3.9777388694347176,Dormant
C1109,1,58022.0,58022.0,0,0.0,28.975487743871938,14.487743871935969,Dormant
C1110,1,92262.0,92262.0,0,0.0,46.104052026013,23.0520260130065,Dormant
C1112,1,84574.0,84574.0,0,0.0,42.25812906453227,21.129064532266135,Dormant
C1114,1,58907.0,58907.0,0,0.0,29.41820910455228,14.70910455227614,Dormant
C1115,1,70202.0,70202.0,0,0.0,35.068534267133565,17.534267133566782,Dormant
C1116,1,594.0,594.0,0,0.0,0.24712356178089043,0.12356178089044521,Dormant
C1117,2,127191.0,63595.5,30,2.0408163265306123,63.57728864432216,32.809052485426385,Low-Activity
C1118,1,38048.0,38048.0,0,0.0,18.983491745872936,9.491745872936468,Dormant
C1120,2,79700.0,39850.0,56,2.0408163265306123,39.81990995497749,20.93036314075405,Dormant
C1122,1,41887.0,41887.0,0,0.0,20.903951975987994,10.451975987993997,Dormant
C1124,2,177316.0,88658.0,50,2.0408163265306123,88.65232616308154,45.34657124480608,Low-Activity
C1125,2,67161.0,33580.5,125,2.0408163265306123,33.54727363681841,17.79404498167451,Dormant
C1126,2,104687.0,52343.5,150,2.0408163265306123,52.319659829914954,27.180238078222782,Low-Activity
C1128,1,69998.0,69998.0,0,0.0,34.96648324162081,17.483241620810404,Dormant
C1129,1,17111.0,17111.0,0,0.0,8.509754877438718,4.254877438719359,Dormant
C1130,1,2100.0,2100.0,0,0.0,1.0005002501250626,0.5002501250625313,Dormant
C1132,1,88042.0,88042.0,0,0.0,43.99299649824913,21.996498249124564,Dormant
C1133,1,46450.0,46450.0,0,0.0,23.186593296648326,11.593296648324163,Dormant
C1136,1,40500.0,40500.0,0,0.0,20.210105052526263,10.105052526263131,Dormant
C1137,1,86879.0,86879.0,0,0.0,43.4112056028014,21.7056028014007,Dormant
C1138,2,79072.0,39536.0,158,2.0408163265306123,39.50575287643822,20.773284601484416,Dormant
C1139,1,55861.0,55861.0,0,0.0,27.894447223611806,13.947223611805903,Dormant
C1140,2,119405.0,59702.5,143,2.0408163265306123,59.682341170585296,30.861578748557953,Low-Activity
C1141,1,2655.0,2655.0,0,0.0,1.2781390695347674,0.6390695347673837,Dormant
C1142,2,142844.0,71422.0,143,2.0408163265306123,71.40770385192596,36.72426008922829,Low-Activity
C1143,2,109052.0,54526.0,68,2.0408163265306123,54.50325162581291,28.27203397617176,Low-Activity
C1144,1,56115.0,56115.0,0,0.0,28.021510755377687,14.010755377688843,Dormant
C1145,4,329093.0,82273.25,238,6.122448979591836,100.0,53.06122448979592,Active
C1146,1,90830.0,90830.0,0,0.0,45.38769384692346,22.69384692346173,Dormant
C1147,1,41732.0,41732.0,0,0.0,20.8264132066033,10.41320660330165,Dormant
C1148,3,246500.0,82166.66666666667,132,4.081632653061225,100.0,52.04081632653061,Active
C1151,2,85889.0,42944.5,69,2.0408163265306123,42.915957978989496,22.478387152760053,Dormant
C1152,1,75490.0,75490.0,0,0.0,37.71385692846423,18.856928464232116,Dormant
C1153,3,100543.0,33514.333333333336,116,4.081632653061225,50.246623311655824,27.164127982358526,Low-Activity
C1154,3,158276.0,52758.666666666664,92,4.081632653061225,79.12756378189094,41.60459821747608,Low-Activity
C1155,1,50105.0,50105.0,0,0.0,25.015007503751875,12.507503751875937,Dormant
C1156,1,98895.0,98895.0,0,0.0,49.422211105552776,24.711105552776388,Dormant
C1158,1,9996.0,9996.0,0,0.0,4.950475237618809,2.4752376188094045,Dormant
C1159,1,13655.0,13655.0,0,0.0,6.780890445222611,3.3904452226113055,Dormant
C1160,1,1936.0,1936.0,0,0.0,0.9184592296148073,0.45922961480740365,Dormant
C1161,2,15276.0,7638.0,296,2.0408163265306123,7.591795897948975,4.816306112239793,Dormant
C1162,2,108593.0,54296.5,146,2.0408163265306123,54.27363681840921,28.15722657246991,Low-Activity
C1163,1,3302.0,3302.0,0,0.0,1.6018009004502252,0.8009004502251126,Dormant
C1164,1,73631.0,73631.0,0,0.0,36.78389194597298,18.39194597298649,Dormant
C1165,2,98925.0,49462.5,30,2.0408163265306123,49.43721860930465,25.73901746791763,Low-Activity
C1166,1,17721.0,17721.0,0,0.0,8.814907453726864,4.407453726863432,Dormant
C1171,2,124459.0,62229.5,194,2.0408163265306123,62.210605302651324,32.12571081459097,Low-Activity
C1172,1,47080.0,47080.0,0,0.0,23.50175087543772,11.75087543771886,Dormant
C1174,2,130173.0,65086.5,114,2.0408163265306123,65.06903451725863,33.55492542189462,Low-Activity
C1175,1,64196.0,64196.0,0,0.0,32.06403201600801,16.032016008004003,Dormant
C1178,2,100239.0,50119.5,102,2.0408163265306123,50.09454727363681,26.06768180008371,Low-Activity
C1179,1,76328.0,76328.0,0,0.0,38.133066533266636,19.066533266633318,Dormant
C1182,2,154341.0,77170.5,44,2.0408163265306123,77.15907953976988,39.59994793315025,Low-Activity
C1183,1,62358.0,62358.0,0,0.0,31.144572286143074,15.572286143071537,Dormant
C1185,1,55529.0,55529.0,0,0.0,27.72836418209105,13.864182091045524,Dormant
C1186,1,41819.0,41819.0,0,0.0,20.86993496748374,10.43496748374187,Dormant
C1187,2,110872.0,55436.0,323,2.0408163265306123,55.41370685342672,28.727261589978664,Low-Activity
C1189,1,89501.0,89501.0,0,0.0,44.722861430715355,22.361430715357677,Dormant
C1190,2,70485.0,35242.5,80,2.0408163265306123,35.210105052526266,18.62546068952844,Dormant
C1191,3,169732.0,56577.333333333336,34,4.081632653061225,84.8584292146073,44.47003093383426,Low-Activity
C1192,2,82530.0,41265.0,90,2.0408163265306123,41.23561780890445,21.63821706771753,Dormant
C1193,2,168834.0,84417.0,105,2.0408163265306123,84.40920460230114,43.22501046441588,Low-Activity
C1194,1,67061.0,67061.0,0,0.0,33.49724862431216,16.74862431215608,Dormant
C1195,1,99098.0,99098.0,0,0.0,49.52376188094047,24.761880940470235,Dormant
C1197,1,50105.0,50105.0,0,0.0,25.015007503751875,12.507503751875937,Dormant
C1198,1,8299.0,8299.0,0,0.0,4.101550775387694,2.050775387693847,Dormant
C1201,2,134122.0,67061.0,40,2.0408163265306123,67.04452226113057,34.54266929383059,Low-Activity
C1202,1,48615.0,48615.0,0,0.0,24.269634817408704,12.134817408704352,Dormant
C1203,2,113477.0,56738.5,171,2.0408163265306123,56.71685842921461,29.37883737787261,Low-Activity
C1204,2,68133.0,34066.5,104,2.0408163265306123,34.03351675837919,18.0371665424549,Dormant
C1205,1,20721.0,20721.0,0,0.0,10.315657828914457,5.1578289144572285,Dormant
C1206,2,93658.0,46829.0,286,2.0408163265306123,46.8024012006003,24.421608763565455,Dormant
C1207,3,100646.0,33548.666666666664,102,4.081632653061225,50.29814907453727,27.18989086379925,Low-Activity
C1209,2,79063.0,39531.5,139,2.0408163265306123,39.50125062531266,20.771033475921634,Dormant
C1211,1,35909.0,35909.0,0,0.0,17.91345672836418,8.95672836418209,Dormant
C1212,1,51799.0,51799.0,0,0.0,25.862431215607806,12.931215607803903,Dormant
C1213,1,4351.0,4351.0,0,0.0,2.1265632816408204,1.0632816408204102,Dormant
C1215,2,124020.0,62010.0,218,2.0408163265306123,61.99099549774888,32.01590591213974,Low-Activity
C1220,1,90471.0,90471.0,0,0.0,45.20810405202601,22.604052026013004,Dormant
C1223,2,130594.0,65297.0,189,2.0408163265306123,65.27963981990995,33.66022807322028,Low-Activity
C1224,3,154116.0,51372.0,199,4.081632653061225,77.04652326163082,40.56407795734602,Low-Activity
C1225,2,109072.0,54536.0,90,2.0408163265306123,54.51325662831415,28.27703647742238,Low-Activity
C1226,3,151614.0,50538.0,96,4.081632653061225,75.79489744872436,39.93826505089279,Low-Activity
C1227,1,39421.0,39421.0,0,0.0,19.67033516758379,9.835167583791895,Dormant
C1228,1,29054.0,29054.0,0,0.0,14.48424212106053,7.242121060530265,Dormant
C1229,1,66327.0,66327.0,0,0.0,33.13006503251626,16.56503251625813,Dormant
C1231,1,88483.0,88483.0,0,0.0,44.2136068034017,22.10680340170085,Dormant
C1232,3,119583.0,39861.0,292,4.081632653061225,59.77138569284642,31.926509172953825,Low-Activity
C1233,3,149328.0,49776.0,165,4.081632653061225,74.65132566283141,39.366479157946316,Low-Activity
C1234,4,213350.0,53337.5,195,6.122448979591836,100.0,53.06122448979592,Active
C1235,2,79877.0,39938.5,137,2.0408163265306123,39.90845422711355,20.97463527682208,Dormant
C1236,1,41065.0,41065.0,0,0.0,20.492746373186595,10.246373186593297,Dormant
C1237,1,8090.0,8090.0,0,0.0,3.9969984992496244,1.9984992496248122,Dormant
C1238,2,119955.0,59977.5,282,2.0408163265306123,59.957478739369684,30.999147532950147,Low-Activity
C1240,1,79088.0,79088.0,0,0.0,39.513756878439224,19.756878439219612,Dormant
C1241,1,88304.0,88304.0,0,0.0,44.12406203101551,22.062031015507756,Dormant
C1242,2,175792.0,87896.0,174,2.0408163265306123,87.88994497248625,44.96538064950843,Low-Activity
C1243,1,60272.0,60272.0,0,0.0,30.10105052526263,15.050525262631314,Dormant
C1244,3,152362.0,50787.333333333336,258,4.081632653061225,76.16908454227114,40.12535859766618,Low-Activity
C1246,3,125023.0,41674.333333333336,179,4.081632653061225,62.49274637318659,33.287189513123906,Low-Activity
C1249,3,78619.0,26206.333333333332,167,4.081632653061225,39.279139569784896,21.68038611142306,Dormant
C1250,2,90126.0,45063.0,121,2.0408163265306123,45.035517758879436,23.538167042705023,Dormant
C1253,1,96114.0,96114.0,0,0.0,48.03101550775388,24.01550775387694,Dormant
C1255,3,129598.0,43199.333333333336,177,4.081632653061225,64.78139069534767,34.431511674204444,Low-Activity
C1256,3,91972.0,30657.333333333332,229,4.081632653061225,45.95897948974487,25.02030607140305,Low-Activity
C1258,2,43231.0,21615.5,217,2.0408163265306123,21.576288144072038,11.808552235301326,Dormant
C1260,1,59914.0,59914.0,0,0.0,29.921960980490248,14.960980490245124,Dormant
C1261,1,91791.0,91791.0,0,0.0,45.86843421710856,22.93421710855428,Dormant
C1262,2,109988.0,54994.0,184,2.0408163265306123,54.97148574287144,28.506151034701023,Low-Activity
C1264,3,167069.0,55689.666666666664,164,4.081632653061225,83.52626313156578,43.8039478923135,Low-Activity
C1267,1,53314.0,53314.0,0,0.0,26.620310155077537,13.310155077538768,Dormant
C1268,1,47365.0,47365.0,0,0.0,23.64432216108054,11.82216108054027,Dormant
C1269,2,56724.0,28362.0,80,2.0408163265306123,28.326163081540773,15.183489704035694,Dormant
C1270,4,111867.0,27966.75,236,6.122448979591836,55.91145572786394,31.016952353727888,Low-Activity
C1271,3,266732.0,88910.66666666667,260,4.081632653061225,100.0,52.04081632653061,Active
C1272,1,89086.0,89086.0,0,0.0,44.51525762881441,22.257628814407205,Dormant
C1276,1,35891.0,35891.0,0,0.0,17.904452226113058,8.952226113056529,Dormant
C1277,5,268757.0,53751.4,177,8.16326530612245,100.0,54.08163265306123,Active
C1278,1,44850.0,44850.0,0,0.0,22.386193096548272,11.193096548274136,Dormant
C1279,1,68262.0,68262.0,0,0.0,34.09804902451226,17.04902451225613,Dormant
C1281,1,5885.0,5885.0,0,0.0,2.8939469734867433,1.4469734867433717,Dormant
C1282,2,156679.0,78339.5,129,2.0408163265306123,78.32866433216608,40.18474032934835,Low-Activity
C1283,1,65827.0,65827.0,0,0.0,32.879939969984996,16.439969984992498,Dormant
C1285,2,65466.0,32733.0,59,2.0408163265306123,32.69934967483742,17.370083000684016,Dormant
C1287,1,17267.0,17267.0,0,0.0,8.587793896948474,4.293896948474237,Dormant
C1288,1,42780.0,42780.0,0,0.0,21.350675337668832,10.675337668834416,Dormant
C1289,1,74002.0,74002.0,0,0.0,36.969484742371186,18.484742371185593,Dormant
C1292,2,148250.0,74125.0,226,2.0408163265306123,74.11205602801401,38.07643617727231,Low-Activity
C1294,4,92744.0,23186.0,277,6.122448979591836,46.345172586293145,26.23381078294249,Low-Activity
C1295,1,93748.0,93748.0,0,0.0,46.84742371185593,23.423711855927966,Dormant
C1296,1,21156.0,21156.0,0,0.0,10.533266633316659,5.2666333166583295,Dormant
C1297,1,89602.0,89602.0,0,0.0,44.77338669334667,22.386693346673336,Dormant
C1298,2,82812.0,41406.0,96,2.0408163265306123,41.37668834417209,21.70875233535135,Dormant
C1300,1,70624.0,70624.0,0,0.0,35.27963981990995,17.639819909954976,Dormant
C1301,2,133738.0,66869.0,151,2.0408163265306123,66.85242621310655,34.446621269818586,Low-Activity
C1302,2,142117.0,71058.5,40,2.0408163265306123,71.04402201100551,36.54241916876806,Low-Activity
C1305,1,60740.0,60740.0,0,0.0,30.335167583791893,15.167583791895947,Dormant
C1306,1,25496.0,25496.0,0,0.0,12.704352176088044,6.352176088044022,Dormant
C1307,3,77146.0,25715.333333333332,261,4.081632653061225,38.54227113556779,21.311951894314507,Dormant
C1308,1,1874.0,1874.0,0,0.0,0.8874437218609305,0.44372186093046523,Dormant
C1310,1,59837.0,59837.0,0,0.0,29.883441720860432,14.941720860430216,Dormant
C1312,1,24053.0,24053.0,0,0.0,11.982491245622812,5.991245622811406,Dormant
C1314,2,84654.0,42327.0,324,2.0408163265306123,42.298149074537264,22.169482700533937,Dormant
C1317,2,35350.0,17675.0,170,2.0408163265306123,17.63381690845423,9.837316617492421,Dormant
C1318,2,151850.0,75925.0,153,2.0408163265306123,75.91295647823912,38.97688640238487,Low-Activity
C1319,1,62996.0,62996.0,0,0.0,31.463731865932964,15.731865932966482,Dormant
C1320,2,86111.0,43055.5,147,2.0408163265306123,43.02701350675338,22.533914916641994,Dormant
C1321,1,2574.0,2574.0,0,0.0,1.2376188094047023,0.6188094047023511,Dormant
C1324,2,51499.0,25749.5,11,2.0408163265306123,25.712356178089045,13.87658625230983,Dormant
C1325,2,12625.0,6312.5,214,2.0408163265306123,6.265632816408203,4.153224571469408,Dormant
C1328,1,1876.0,1876.0,0,0.0,0.8884442221110554,0.4442221110555277,Dormant
C1329,4,164000.0,41000.0,123,6.122448979591836,81.99099549774887,44.05672223867035,Low-Activity
C1330,1,62226.0,62226.0,0,0.0,31.07853926963482,15.53926963481741,Dormant
C1331,3,200204.0,66734.66666666667,90,4.081632653061225,100.0,52.04081632653061,Active
C1336,1,75776.0,75776.0,0,0.0,37.85692846423211,18.928464232116056,Dormant
C1338,1,89863.0,89863.0,0,0.0,44.903951975987994,22.451975987993997,Dormant
C1340,5,317384.0,63476.8,296,8.16326530612245,100.0,54.08163265306123,Active
C1341,1,5459.0,5459.0,0,0.0,2.6808404202101053,1.3404202101050526,Dormant
C1342,1,51931.0,51931.0,0,0.0,25.92846423211606,12.96423211605803,Dormant
C1343,2,154224.0,77112.0,34,2.0408163265306123,77.10055027513756,39.57068330083409,Low-Activity
C1345,1,64353.0,64353.0,0,0.0,32.14257128564282,16.07128564282141,Dormant
C1347,1,13095.0,13095.0,0,0.0,6.500750375187595,3.2503751875937974,Dormant
C1348,1,53216.0,53216.0,0,0.0,26.57128564282141,13.285642821410706,Dormant
C1349,1,75998.0,75998.0,0,0.0,37.96798399199599,18.983991995997997,Dormant
C1350,1,93001.0,93001.0,0,0.0,46.473736868434216,23.236868434217108,Dormant
C1352,3,112286.0,37428.666666666664,130,4.081632653061225,56.12106053026513,30.10134659166318,Low-Activity
C1354,1,4168.0,4168.0,0,0.0,2.035017508754377,1.0175087543771886,Dormant
C1355,1,50105.0,50105.0,0,0.0,25.015007503751875,12.507503751875937,Dormant
C1356,1,57455.0,57455.0,0,0.0,28.691845922961477,14.345922961480738,Dormant
C1358,3,55542.0,18514.0,206,4.081632653061225,27.734867433716857,15.90825004338904,Dormant
C1359,1,79983.0,79983.0,0,0.0,39.961480740370185,19.980740370185092,Dormant
C1362,1,51013.0,51013.0,0,0.0,25.469234617308658,12.734617308654329,Dormant
C1363,1,59707.0,59707.0,0,0.0,29.818409204602304,14.909204602301152,Dormant
C1364,5,389890.0,77978.0,239,8.16326530612245,100.0,54.08163265306123,Active
C1365,2,72801.0,36400.5,199,2.0408163265306123,36.368684342171086,19.204750334350848,Dormant
C1368,1,11891.0,11891.0,0,0.0,5.898449224612306,2.949224612306153,Dormant
C1369,1,91262.0,91262.0,0,0.0,45.60380190095047,22.801900950475236,Dormant
C1370,2,70251.0,35125.5,253,2.0408163265306123,35.09304652326163,18.56693142489612,Dormant
C1371,2,198229.0,99114.5,106,2.0408163265306123,99.11405702851425,50.577436677522435,Active
C1372,2,27482.0,13741.0,103,2.0408163265306123,13.69784892446223,7.869332625496421,Dormant
C1374,1,70893.0,70893.0,0,0.0,35.414207103551774,17.707103551775887,Dormant
C1375,2,142037.0,71018.5,11,2.0408163265306123,71.0040020010005,36.52240916376556,Low-Activity
C1376,1,25854.0,25854.0,0,0.0,12.88344172086043,6.441720860430215,Dormant
C1378,2,53954.0,26977.0,130,2.0408163265306123,26.94047023511756,14.490643280824086,Dormant
C1382,3,118989.0,39663.0,344,4.081632653061225,59.47423711855928,31.777934885810254,Low-Activity
C1383,1,96756.0,96756.0,0,0.0,48.352176088044025,24.176088044022013,Dormant
C1384,1,69231.0,69231.0,0,0.0,34.582791395697846,17.291395697848923,Dormant
C1386,4,210098.0,52524.5,129,6.122448979591836,100.0,53.06122448979592,Active
C1389,1,13420.0,13420.0,0,0.0,6.663331665832917,3.3316658329164586,Dormant
C1390,3,119145.0,39715.0,148,4.081632653061225,59.55227613806904,31.816954395565133,Low-Activity
C1391,2,62352.0,31176.0,23,2.0408163265306123,31.141570785392698,16.591193555961656,Dormant
C1392,3,178766.0,59588.666666666664,218,4.081632653061225,89.37768884442221,46.729660748741715,Low-Activity
C1393,1,22688.0,22688.0,0,0.0,11.299649824912457,5.6498249124562285,Dormant
C1395,2,76600.0,38300.0,322,2.0408163265306123,38.26913456728364,20.154975446907127,Dormant
C1397,1,14207.0,14207.0,0,0.0,7.057028514257128,3.528514257128564,Dormant
C1400,2,137499.0,68749.5,30,2.0408163265306123,68.73386693346674,35.38734162999868,Low-Activity
C1402,1,69631.0,69631.0,0,0.0,34.78289144572286,17.39144572286143,Dormant
C1403,1,63653.0,63653.0,0,0.0,31.79239619809905,15.896198099049524,Dormant
C1404,4,120136.0,30034.0,339,6.122448979591836,60.04802401200601,33.085236495798924,Low-Activity
C1405,1,13193.0,13193.0,0,0.0,6.549774887443722,3.274887443721861,Dormant
C1406,3,223577.0,74525.66666666667,176,4.081632653061225,100.0,52.04081632653061,Active
C1412,1,58487.0,58487.0,0,0.0,29.208104052026012,14.604052026013006,Dormant
C1414,1,25083.0,25083.0,0,0.0,12.49774887443722,6.24887443721861,Dormant
C1415,1,58470.0,58470.0,0,0.0,29.19959979989995,14.599799899949975,Dormant
C1416,1,8136.0,8136.0,0,0.0,4.020010005002502,2.010005002501251,Dormant
C1417,1,50105.0,50105.0,0,0.0,25.015007503751875,12.507503751875937,Dormant
C1418,1,21662.0,21662.0,0,0.0,10.7863931965983,5.39319659829915,Dormant
C1419,3,90664.0,30221.333333333332,76,4.081632653061225,45.30465232616308,24.693142489612153,Dormant
C1421,2,81503.0,40751.5,6,2.0408163265306123,40.72186093046523,21.38133862849792,Dormant
C1422,1,26352.0,26352.0,0,0.0,13.13256628314157,6.566283141570785,Dormant
C1423,1,50105.0,50105.0,0,0.0,25.015007503751875,12.507503751875937,Dormant
C1427,1,1517.0,1517.0,0,0.0,0.7088544272136068,0.3544272136068034,Dormant
C1430,1,69691.0,69691.0,0,0.0,34.81290645322661,17.406453226613305,Dormant
C1432,1,8959.0,8959.0,0,0.0,4.431715857928965,2.2158579289644824,Dormant
C1436,1,13052.0,13052.0,0,0.0,6.479239619809905,3.2396198099049527,Dormant
C1437,3,191519.0,63839.666666666664,173,4.081632653061225,95.75737868934468,49.91950567120295,Low-Activity
C1440,1,82522.0,82522.0,0,0.0,41.23161580790396,20.61580790395198,Dormant
C1441,2,96566.0,48283.0,37,2.0408163265306123,48.25712856428214,25.148972445406375,Low-Activity
C1442,2,85869.0,42934.5,91,2.0408163265306123,42.905952976488244,22.473384651509427,Dormant
C1443,1,12283.0,12283.0,0,0.0,6.0945472736368185,3.0472736368184092,Dormant
C1444,1,10195.0,10195.0,0,0.0,5.050025012506254,2.525012506253127,Dormant
C1445,1,62823.0,62823.0,0,0.0,31.377188594297152,15.688594297148576,Dormant
C1446,3,166296.0,55432.0,226,4.081632653061225,83.13956978489244,43.61060121897683,Low-Activity
C1448,1,24843.0,24843.0,0,0.0,12.377688844422211,6.188844422211106,Dormant
C1451,1,30370.0,30370.0,0,0.0,15.142571285642822,7.571285642821411,Dormant
C1452,1,73107.0,73107.0,0,0.0,36.52176088044022,18.26088044022011,Dormant
C1453,1,7139.0,7139.0,0,0.0,3.5212606303151572,1.7606303151575786,Dormant
C1454,1,79814.0,79814.0,0,0.0,39.87693846923462,19.93846923461731,Dormant
C1456,1,93050.0,93050.0,0,0.0,46.49824912456228,23.24912456228114,Dormant
C1458,1,69582.0,69582.0,0,0.0,34.7583791895948,17.3791895947974,Dormant
C1459,1,30314.0,30314.0,0,0.0,15.114557278639321,7.5572786393196605,Dormant
C1462,1,43174.0,43174.0,0,0.0,21.54777388694347,10.773886943471735,Dormant
C1463,1,47421.0,47421.0,0,0.0,23.672336168084044,11.836168084042022,Dormant
C1464,2,106419.0,53209.5,103,2.0408163265306123,53.18609304652326,27.613454686526936,Low-Activity
C1466,1,88187.0,88187.0,0,0.0,44.06553276638319,22.032766383191596,Dormant
C1470,1,24353.0,24353.0,0,0.0,12.13256628314157,6.066283141570785,Dormant
C1471,1,51474.0,51474.0,0,0.0,25.699849924962482,12.849924962481241,Dormant
C1475,2,68094.0,34047.0,146,2.0408163265306123,34.01400700350175,18.02741166501618,Dormant
C1477,1,38372.0,38372.0,0,0.0,19.1455727863932,9.5727863931966,Dormant
C1478,1,42959.0,42959.0,0,0.0,21.440220110055026,10.720110055027513,Dormant
C1479,1,30966.0,30966.0,0,0.0,15.44072036018009,7.720360180090045,Dormant
C1480,1,13164.0,13164.0,0,0.0,6.5352676338169085,3.2676338169084542,Dormant
C1481,2,111967.0,55983.5,96,2.0408163265306123,55.961480740370185,29.001148533450397,Low-Activity
C1482,1,2269.0,2269.0,0,0.0,1.0850425212606303,0.5425212606303151,Dormant
C1486,1,77743.0,77743.0,0,0.0,38.840920460230116,19.420460230115058,Dormant
C1488,1,68840.0,68840.0,0,0.0,34.3871935967984,17.1935967983992,Dormant
C1489,3,167823.0,55941.0,89,4.081632653061225,83.90345172586294,43.99254218946208,Low-Activity
C1490,2,59114.0,29557.0,48,2.0408163265306123,29.52176088044022,15.781288603485416,Dormant
C1492,1,30768.0,30768.0,0,0.0,15.341670835417709,7.6708354177088545,Dormant
C1493,2,185234.0,92617.0,335,2.0408163265306123,92.61330665332666,47.32706148992864,Low-Activity
C1494,1,41668.0,41668.0,0,0.0,20.7943971985993,10.39719859929965,Dormant
C1495,2,44648.0,22324.0,106,2.0408163265306123,22.285142571285643,12.162979448908128,Dormant
C1496,3,216470.0,72156.66666666667,154,4.081632653061225,100.0,52.04081632653061,Active
C1497,1,16464.0,16464.0,0,0.0,8.186093046523261,4.093046523261631,Dormant
C1498,1,87654.0,87654.0,0,0.0,43.798899449724864,21.899449724862432,Dormant
C1500,1,28257.0,28257.0,0,0.0,14.085542771385692,7.042771385692846,Dormant
C1501,1,69945.0,69945.0,0,0.0,34.939969984992494,17.469984992496247,Dormant
C1502,2,100319.0,50159.5,40,2.0408163265306123,50.134567283641815,26.087691805086212,Low-Activity
C1504,3,105405.0,35135.0,188,4.081632653061225,52.67883941970985,28.38023603638554,Low-Activity
C1506,1,70987.0,70987.0,0,0.0,35.461230615307656,17.730615307653828,Dormant
C1507,1,9679.0,9679.0,0,0.0,4.791895947973987,2.3959479739869933,Dormant
C1508,3,130151.0,43383.666666666664,102,4.081632653061225,65.05802901450726,34.56983083378424,Low-Activity
C1510,1,81835.0,81835.0,0,0.0,40.88794397198599,20.443971985992995,Dormant
C1512,2,72805.0,36402.5,95,2.0408163265306123,36.37068534267134,19.205750834600973,Dormant
C1514,2,142846.0,71423.0,251,2.0408163265306123,71.40870435217609,36.72476033935335,Low-Activity
C1515,1,50105.0,50105.0,0,0.0,25.015007503751875,12.507503751875937,Dormant
C1517,1,82589.0,82589.0,0,0.0,41.26513256628314,20.63256628314157,Dormant
C1519,1,70200.0,70200.0,0,0.0,35.06753376688344,17.53376688344172,Dormant
C1521,1,17838.0,17838.0,0,0.0,8.873436718359178,4.436718359179589,Dormant
C1522,1,74800.0,74800.0,0,0.0,37.368684342171086,18.684342171085543,Dormant
C1523,2,78730.0,39365.0,62,2.0408163265306123,39.334667333666836,20.687741830098723,Dormant
C1524,1,6021.0,6021.0,0,0.0,2.9619809904952477,1.4809904952476238,Dormant
C1525,1,50362.0,50362.0,0,0.0,25.14357178589295,12.571785892946474,Dormant
C1526,3,190593.0,63531.0,276,4.081632653061225,95.29414707353678,49.687889863299,Low-Activity
C1527,1,99956.0,99956.0,0,0.0,49.95297648824412,24.97648824412206,Dormant
C1529,2,88364.0,44182.0,112,2.0408163265306123,44.154077038519254,23.097446682524932,Dormant
C1530,1,4339.0,4339.0,0,0.0,2.12056028014007,1.060280140070035,Dormant
C1531,1,61773.0,61773.0,0,0.0,30.85192596298149,15.425962981490745,Dormant
C1534,2,109365.0,54682.5,15,2.0408163265306123,54.659829914957484,28.350323120744047,Low-Activity
C1536,2,86018.0,43009.0,254,2.0408163265306123,42.98049024512256,22.510653285826585,Dormant
C1537,3,257704.0,85901.33333333333,226,4.081632653061225,100.0,52.04081632653061,Active
C1539,3,99590.0,33196.666666666664,192,4.081632653061225,49.769884942471236,26.925758797766232,Low-Activity
C1540,3,148343.0,49447.666666666664,57,4.081632653061225,74.15857928964482,39.12010597135302,Low-Activity
C1541,2,58994.0,29497.0,235,2.0408163265306123,29.461730865432717,15.751273595981665,Dormant
C1543,1,94090.0,94090.0,0,0.0,47.01850925462731,23.509254627313656,Dormant
C1544,2,82334.0,41167.0,50,2.0408163265306123,41.1375687843922,21.589192555461405,Dormant
C1545,3,194129.0,64709.666666666664,127,4.081632653061225,97.06303151575788,50.57233208440955,Active
C1546,1,21791.0,21791.0,0,0.0,10.850925462731366,5.425462731365683,Dormant
C1547,1,30395.0,30395.0,0,0.0,15.155077538769385,7.5775387693846925,Dormant
C1548,1,22288.0,22288.0,0,0.0,11.099549774887443,5.549774887443721,Dormant
C1550,1,17318.0,17318.0,0,0.0,8.613306653326664,4.306653326663332,Dormant
C1551,1,11536.0,11536.0,0,0.0,5.720860430215108,2.860430215107554,Dormant
C1552,1,56605.0,56605.0,0,0.0,28.26663331665833,14.133316658329164,Dormant
C1555,2,109362.0,54681.0,88,2.0408163265306123,54.658329164582284,28.349572745556447,Low-Activity
C1556,5,256910.0,51382.0,269,8.16326530612245,100.0,54.08163265306123,Active
C1557,2,29394.0,14697.0,36,2.0408163265306123,14.65432716358179,8.347571745056202,Dormant
C1559,3,260135.0,86711.66666666667,240,4.081632653061225,100.0,52.04081632653061,Active
C1560,3,73539.0,24513.0,159,4.081632653061225,36.73786893446723,20.40975079376423,Dormant
C1561,2,130908.0,65454.0,92,2.0408163265306123,65.4367183591796,33.738767342855105,Low-Activity
C1562,2,91881.0,45940.5,108,2.0408163265306123,45.91345672836418,23.977136527447396,Dormant
C1564,2,72841.0,36420.5,97,2.0408163265306123,36.38869434717359,19.2147553368521,Dormant
C1565,3,192643.0,64214.333333333336,342,4.081632653061225,96.31965982991495,50.20064624148809,Active
C1569,2,178852.0,89426.0,328,2.0408163265306123,89.42071035517759,45.730763340854104,Low-Activity
C1570,1,31389.0,31389.0,0,0.0,15.65232616308154,7.82616308154077,Dormant
C1571,3,145857.0,48619.0,112,4.081632653061225,72.91495747873937,38.498295065900294,Low-Activity
C1572,4,224742.0,56185.5,293,6.122448979591836,100.0,53.06122448979592,Active
C1573,1,62090.0,62090.0,0,0.0,31.010505252626313,15.505252626313156,Dormant
C1574,4,293937.0,73484.25,128,6.122448979591836,100.0,53.06122448979592,Active
C1575,1,30661.0,30661.0,0,0.0,15.288144072036017,7.6440720360180086,Dormant
C1577,1,26173.0,26173.0,0,0.0,13.043021510755379,6.521510755377689,Dormant
C1579,1,47046.0,47046.0,0,0.0,23.484742371185593,11.742371185592797,Dormant
C1580,2,59436.0,29718.0,74,2.0408163265306123,29.682841420710353,15.861828873620484,Dormant
C1581,3,170465.0,56821.666666666664,345,4.081632653061225,85.22511255627813,44.65337260466968,Low-Activity
C1582,1,73201.0,73201.0,0,0.0,36.56878439219609,18.284392196098047,Dormant
C1583,2,187641.0,93820.5,65,2.0408163265306123,93.81740870435218,47.929112515441396,Low-Activity
C1584,1,42076.0,42076.0,0,0.0,20.998499249624814,10.499249624812407,Dormant
C1585,1,49022.0,49022.0,0,0.0,24.473236618309155,12.236618309154577,Dormant
C1587,1,53994.0,53994.0,0,0.0,26.96048024012006,13.48024012006003,Dormant
C1588,2,130019.0,65009.5,79,2.0408163265306123,64.991995997999,33.51640616226481,Low-Activity
C1589,1,35620.0,35620.0,0,0.0,17.76888444222111,8.884442221110556,Dormant
C1591,2,141377.0,70688.5,219,2.0408163265306123,70.67383691845923,36.357326622494924,Low-Activity
C1593,3,144101.0,48033.666666666664,215,4.081632653061225,72.03651825912956,38.05907545609539,Low-Activity
C1594,1,96004.0,96004.0,0,0.0,47.975987993997,23.9879939969985,Dormant
C1595,2,111741.0,55870.5,6,2.0408163265306123,55.84842421210605,28.94462026931833,Low-Activity
C1596,2,195393.0,97696.5,42,2.0408163265306123,97.69534767383692,49.86808200018377,Low-Activity
C1597,4,169707.0,42426.75,126,6.122448979591836,84.84592296148074,45.48418597053629,Low-Activity
C1598,1,9991.0,9991.0,0,0.0,4.947973986993497,2.4739869934967484,Dormant
C1599,1,22391.0,22391.0,0,0.0,11.151075537768884,5.575537768884442,Dormant
C1600,3,115608.0,38536.0,56,4.081632653061225,57.78289144572286,30.932262049392044,Low-Activity
C1602,2,134797.0,67398.5,36,2.0408163265306123,67.38219109554777,34.71150371103919,Low-Activity
C1603,1,30417.0,30417.0,0,0.0,15.16608304152076,7.58304152076038,Dormant
C1604,2,48820.0,24410.0,8,2.0408163265306123,24.372186093046526,13.20650120978857,Dormant
C1606,1,45339.0,45339.0,0,0.0,22.630815407703853,11.315407703851927,Dormant
C1607,2,62999.0,31499.5,39,2.0408163265306123,31.465232616308153,16.753024471419383,Dormant
C1609,1,83775.0,83775.0,0,0.0,41.8584292146073,20.92921460730365,Dormant
C1610,1,92076.0,92076.0,0,0.0,46.011005502751374,23.005502751375687,Dormant
C1612,1,46112.0,46112.0,0,0.0,23.01750875437719,11.508754377188595,Dormant
C1613,1,83114.0,83114.0,0,0.0,41.52776388194097,20.763881940970485,Dormant
C1614,3,156465.0,52155.0,59,4.081632653061225,78.22161080540269,41.151621729231955,Low-Activity
C1615,5,283355.0,56671.0,160,8.16326530612245,100.0,54.08163265306123,Active
C1616,1,1469.0,1469.0,0,0.0,0.6848424212106052,0.3424212106053026,Dormant
C1618,1,62276.0,62276.0,0,0.0,31.103551775887944,15.551775887943972,Dormant
C1619,3,133722.0,44574.0,275,4.081632653061225,66.84442221110555,35.463027432083386,Low-Activity
C1622,1,50105.0,50105.0,0,0.0,25.015007503751875,12.507503751875937,Dormant
C1623,1,50105.0,50105.0,0,0.0,25.015007503751875,12.507503751875937,Dormant
C1625,2,54435.0,27217.5,74,2.0408163265306123,27.181090545272635,14.610953435901624,Dormant
C1626,1,4165.0,4165.0,0,0.0,2.0335167583791893,1.0167583791895947,Dormant
C1627,1,2101.0,2101.0,0,0.0,1.001000500250125,0.5005002501250625,Dormant
C1628,1,61915.0,61915.0,0,0.0,30.92296148074037,15.461480740370185,Dormant
C1629,1,63665.0,63665.0,0,0.0,31.798399199599796,15.899199599799898,Dormant
C1630,2,156977.0,78488.5,39,2.0408163265306123,78.47773886943472,40.25927759798267,Low-Activity
C1631,1,98292.0,98292.0,0,0.0,49.12056028014007,24.560280140070034,Dormant
C1632,2,54019.0,27009.5,223,2.0408163265306123,26.972986493246626,14.50690140988862,Dormant
C1634,4,306453.0,76613.25,212,6.122448979591836,100.0,53.06122448979592,Active
C1635,1,32471.0,32471.0,0,0.0,16.1935967983992,8.0967983991996,Dormant
C1636,1,95881.0,95881.0,0,0.0,47.9144572286143,23.95722861430715,Dormant
C1638,1,16988.0,16988.0,0,0.0,8.448224112056028,4.224112056028014,Dormant
C1639,1,40267.0,40267.0,0,0.0,20.093546773386695,10.046773386693348,Dormant
C1641,1,16757.0,16757.0,0,0.0,8.332666333166582,4.166333166583291,Dormant
C1643,1,62211.0,62211.0,0,0.0,31.071035517758876,15.535517758879438,Dormant
C1644,1,65902.0,65902.0,0,0.0,32.91745872936468,16.45872936468234,Dormant
C1645,2,172286.0,86143.0,145,2.0408163265306123,86.13606803401701,44.088442180273816,Low-Activity
C1646,2,147857.0,73928.5,243,2.0408163265306123,73.91545772886442,37.97813702769752,Low-Activity
C1648,1,97413.0,97413.0,0,0.0,48.6808404202101,24.34042021010505,Dormant
C1649,1,68880.0,68880.0,0,0.0,34.4072036018009,17.20360180090045,Dormant
C1650,1,33839.0,33839.0,0,0.0,16.87793896948474,8.43896948474237,Dormant
C1652,1,57449.0,57449.0,0,0.0,28.68884442221111,14.344422211105554,Dormant
C1654,2,81152.0,40576.0,42,2.0408163265306123,40.54627313656828,21.293544731549446,Dormant
C1656,1,74084.0,74084.0,0,0.0,37.01050525262632,18.50525262631316,Dormant
C1658,2,80722.0,40361.0,64,2.0408163265306123,40.33116558279139,21.185990954661,Dormant
C1659,3,134618.0,44872.666666666664,284,4.081632653061225,67.29264632316158,35.6871394881114,Low-Activity
C1660,3,92210.0,30736.666666666668,221,4.081632653061225,46.07803901950975,25.07983583628549,Low-Activity
C1661,4,224878.0,56219.5,157,6.122448979591836,100.0,53.06122448979592,Active
C1662,1,14602.0,14602.0,0,0.0,7.254627313656828,3.627313656828414,Dormant
C1663,2,143207.0,71603.5,2,2.0408163265306123,71.58929464732367,36.81505548692714,Low-Activity
C1665,1,84061.0,84061.0,0,0.0,42.001500750375186,21.000750375187593,Dormant
C1666,2,78609.0,39304.5,139,2.0408163265306123,39.274137068534266,20.657476697532438,Dormant
C1667,3,203972.0,67990.66666666667,311,4.081632653061225,100.0,52.04081632653061,Active
C1669,2,112346.0,56173.0,164,2.0408163265306123,56.15107553776888,29.095945932149746,Low-Activity
C1670,1,50105.0,50105.0,0,0.0,25.015007503751875,12.507503751875937,Dormant
C1671,5,230890.0,46178.0,286,8.16326530612245,100.0,54.08163265306123,Active
C1672,1,50105.0,50105.0,0,0.0,25.015007503751875,12.507503751875937,Dormant
C1674,1,50105.0,50105.0,0,0.0,25.015007503751875,12.507503751875937,Dormant
C1675,1,82330.0,82330.0,0,0.0,41.13556778389194,20.56778389194597,Dormant
C1677,1,21870.0,21870.0,0,0.0,10.890445222611305,5.4452226113056525,Dormant
C1678,1,93579.0,93579.0,0,0.0,46.76288144072036,23.38144072036018,Dormant
C1679,1,44058.0,44058.0,0,0.0,21.989994997498748,10.994997498749374,Dormant
C1680,3,144616.0,48205.333333333336,139,4.081632653061225,72.29414707353676,38.18788986329899,Low-Activity
C1681,2,103393.0,51696.5,47,2.0408163265306123,51.672336168084044,26.856576247307327,Low-Activity
C1684,1,49805.0,49805.0,0,0.0,24.864932466233117,12.432466233116559,Dormant
C1685,2,97667.0,48833.5,326,2.0408163265306123,48.80790395197599,25.4243601392533,Low-Activity
C1686,2,97124.0,48562.0,157,2.0408163265306123,48.536268134067036,25.288542230298823,Low-Activity
C1687,4,222862.0,55715.5,310,6.122448979591836,100.0,53.06122448979592,Active
C1688,1,67405.0,67405.0,0,0.0,33.669334667333665,16.834667333666832,Dormant
C1689,4,240650.0,60162.5,215,6.122448979591836,100.0,53.06122448979592,Active
C1690,2,75332.0,37666.0,47,2.0408163265306123,37.63481740870435,19.83781686761748,Dormant
C1691,1,18813.0,18813.0,0,0.0,9.361180590295147,4.6805902951475735,Dormant
C1692,2,35919.0,17959.5,287,2.0408163265306123,17.918459229614808,9.97963777807271,Dormant
C1693,1,30485.0,30485.0,0,0.0,15.20010005002501,7.600050025012505,Dormant
C1694,1,70972.0,70972.0,0,0.0,35.45372686343172,17.72686343171586,Dormant
C1695,1,21381.0,21381.0,0,0.0,10.645822911455728,5.322911455727864,Dormant
C1697,1,92279.0,92279.0,0,0.0,46.112556278139074,23.056278139069537,Dormant
C1698,3,70356.0,23452.0,167,4.081632653061225,35.145572786393195,19.61360271972721,Dormant
C1699,2,154620.0,77310.0,168,2.0408163265306123,77.29864932466232,39.66973282559647,Low-Activity
C1701,1,5544.0,5544.0,0,0.0,2.72336168084042,1.36168084042021,Dormant
C1703,3,206659.0,68886.33333333333,205,4.081632653061225,100.0,52.04081632653061,Active
C1704,1,74252.0,74252.0,0,0.0,37.09454727363682,18.54727363681841,Dormant
C1706,1,39182.0,39182.0,0,0.0,19.550775387693847,9.775387693846923,Dormant
C1707,1,22568.0,22568.0,0,0.0,11.239619809904951,5.619809904952476,Dormant
C1709,1,40785.0,40785.0,0,0.0,20.352676338169083,10.176338169084541,Dormant
C1710,1,98624.0,98624.0,0,0.0,49.286643321660826,24.643321660830413,Dormant
C1711,1,54139.0,54139.0,0,0.0,27.033016508254125,13.516508254127062,Dormant
C1712,2,75759.0,37879.5,16,2.0408163265306123,37.84842421210605,19.94462026931833,Dormant
C1713,2,92530.0,46265.0,34,2.0408163265306123,46.238119059529765,24.139467693030188,Dormant
C1716,3,87602.0,29200.666666666668,192,4.081632653061225,43.77288644322161,23.927259548141418,Dormant
C1717,3,123144.0,41048.0,104,4.081632653061225,61.5527763881941,32.81720452062766,Low-Activity
C1719,3,185421.0,61807.0,290,4.081632653061225,92.70685342671335,48.394243039887286,Low-Activity
C1721,1,50105.0,50105.0,0,0.0,25.015007503751875,12.507503751875937,Dormant
C1722,2,75362.0,37681.0,20,2.0408163265306123,37.649824912456225,19.845320619493418,Dormant
C1723,2,128525.0,64262.5,220,2.0408163265306123,64.24462231115558,33.1427193188431,Low-Activity
C1725,1,95990.0,95990.0,0,0.0,47.96898449224612,23.98449224612306,Dormant
C1726,4,193726.0,48431.5,52,6.122448979591836,96.86143071535767,51.491939847474754,Active
C1727,2,172149.0,86074.5,252,2.0408163265306123,86.06753376688344,44.05417504670703,Low-Activity
C1728,2,47028.0,23514.0,204,2.0408163265306123,23.47573786893447,12.758277097732542,Dormant
C1730,2,118220.0,59110.0,82,2.0408163265306123,59.08954477238619,30.5651805494584,Low-Activity
C1731,2,132659.0,66329.5,179,2.0408163265306123,66.31265632816408,34.17673632734735,Low-Activity
C1734,2,76815.0,38407.5,296,2.0408163265306123,38.37668834417209,20.20875233535135,Dormant
C1737,2,95152.0,47576.0,262,2.0408163265306123,47.549774887443725,24.795295606987168,Dormant
C1739,1,71404.0,71404.0,0,0.0,35.66983491745873,17.834917458729365,Dormant
C1740,1,35199.0,35199.0,0,0.0,17.558279139569784,8.779139569784892,Dormant
C1743,1,48568.0,48568.0,0,0.0,24.246123061530767,12.123061530765384,Dormant
C1745,2,85319.0,42659.5,61,2.0408163265306123,42.63081540770386,22.335815867117233,Dormant
C1746,1,26479.0,26479.0,0,0.0,13.196098049024513,6.598049024512257,Dormant
C1748,1,57464.0,57464.0,0,0.0,28.696348174087046,14.348174087043523,Dormant
C1752,1,70415.0,70415.0,0,0.0,35.17508754377189,17.587543771885944,Dormant
C1754,4,267256.0,66814.0,41,6.122448979591836,100.0,53.06122448979592,Active
C1755,2,104530.0,52265.0,65,2.0408163265306123,52.24112056028014,27.140968443405374,Low-Activity
C1756,2,124260.0,62130.0,124,2.0408163265306123,62.11105552776388,32.07593592714725,Low-Activity
C1757,2,118973.0,59486.5,112,2.0408163265306123,59.46623311655828,30.753524721544444,Low-Activity
C1759,1,75048.0,75048.0,0,0.0,37.49274637318659,18.746373186593296,Dormant
C1760,3,138919.0,46306.333333333336,4,4.081632653061225,69.44422211105554,36.76292738205838,Low-Activity
C1761,3,85027.0,28342.333333333332,25,4.081632653061225,42.48474237118559,23.28318751212341,Dormant
C1762,1,83459.0,83459.0,0,0.0,41.70035017508754,20.85017508754377,Dormant
C1765,1,68986.0,68986.0,0,0.0,34.46023011505753,17.230115057528764,Dormant
C1766,1,19142.0,19142.0,0,0.0,9.52576288144072,4.76288144072036,Dormant
C1767,2,8098.0,4049.0,73,2.0408163265306123,4.001000500250125,3.0209084133903685,Dormant
C1768,3,205314.0,68438.0,346,4.081632653061225,100.0,52.04081632653061,Active
C1769,4,129684.0,32421.0,151,6.122448979591836,64.82441220610305,35.47343059284744,Low-Activity
C1770,3,136581.0,45527.0,142,4.081632653061225,68.27463731865933,36.178134985860275,Low-Activity
C1771,1,18701.0,18701.0,0,0.0,9.305152576288144,4.652576288144072,Dormant
C1773,2,44607.0,22303.5,168,2.0408163265306123,22.264632316158078,12.152724321344346,Dormant
C1774,1,20528.0,20528.0,0,0.0,10.21910955477739,5.109554777388695,Dormant
C1775,2,82651.0,41325.5,32,2.0408163265306123,41.29614807403702,21.668482200283815,Dormant
C1776,1,35051.0,35051.0,0,0.0,17.484242121060532,8.742121060530266,Dormant
C1777,1,11967.0,11967.0,0,0.0,5.936468234117059,2.9682341170585294,Dormant
C1778,2,95564.0,47782.0,319,2.0408163265306123,47.75587793896948,24.898347132750047,Dormant
C1779,1,23821.0,23821.0,0,0.0,11.866433216608305,5.933216608304153,Dormant
C1780,2,183587.0,91793.5,247,2.0408163265306123,91.78939469734867,46.91510551193964,Low-Activity
C1781,2,62424.0,31212.0,200,2.0408163265306123,31.1775887943972,16.609202560463906,Dormant
C1783,1,56703.0,56703.0,0,0.0,28.31565782891446,14.15782891445723,Dormant
C1784,3,87746.0,29248.666666666668,96,4.081632653061225,43.84492246123062,23.963277557145922,Dormant
C1785,1,82238.0,82238.0,0,0.0,41.08954477238619,20.544772386193095,Dormant
C1786,1,7904.0,7904.0,0,0.0,3.9039519759879937,1.9519759879939969,Dormant
C1787,1,91623.0,91623.0,0,0.0,45.784392196098054,22.892196098049027,Dormant
C1788,1,10357.0,10357.0,0,0.0,5.131065532766383,2.5655327663831917,Dormant
C1789,2,75789.0,37894.5,137,2.0408163265306123,37.86343171585793,19.95212402119427,Dormant
C1790,1,9114.0,9114.0,0,0.0,4.5092546273136564,2.2546273136568282,Dormant
C1791,1,20739.0,20739.0,0,0.0,10.324662331165582,5.162331165582791,Dormant
C1792,1,50105.0,50105.0,0,0.0,25.015007503751875,12.507503751875937,Dormant
C1793,2,24100.0,12050.0,268,2.0408163265306123,12.006003001500751,7.023409664015682,Dormant
C1797,1,50105.0,50105.0,0,0.0,25.015007503751875,12.507503751875937,Dormant
C1798,3,173613.0,57871.0,220,4.081632653061225,86.79989994997499,45.4407663015181,Low-Activity
C1799,1,55446.0,55446.0,0,0.0,27.686843421710854,13.843421710855427,Dormant
C1801,1,23001.0,23001.0,0,0.0,11.456228114057028,5.728114057028514,Dormant
C1802,2,126732.0,63366.0,54,2.0408163265306123,63.34767383691846,32.69424508172454,Low-Activity
C1804,3,206955.0,68985.0,239,4.081632653061225,100.0,52.04081632653061,Active
C1806,1,77330.0,77330.0,0,0.0,38.63431715857929,19.317158579289647,Dormant
C1807,1,50105.0,50105.0,0,0.0,25.015007503751875,12.507503751875937,Dormant
C1808,2,106059.0,53029.5,79,2.0408163265306123,53.006003001500744,27.523409664015677,Low-Activity
C1809,1,33875.0,33875.0,0,0.0,16.895947973986996,8.447973986993498,Dormant
C1810,1,1920.0,1920.0,0,0.0,0.9104552276138069,0.45522761380690346,Dormant
C1813,1,18173.0,18173.0,0,0.0,9.041020510255128,4.520510255127564,Dormant
C1814,2,117979.0,58989.5,235,2.0408163265306123,58.96898449224612,30.504900409388366,Low-Activity
C1815,4,192604.0,48151.0,183,6.122448979591836,96.30015007503752,51.21129952731468,Active
C1816,2,144540.0,72270.0,308,2.0408163265306123,72.25612806403203,37.14847219528132,Low-Activity
C1818,3,153972.0,51324.0,152,4.081632653061225,76.97448724362181,40.528059948341514,Low-Activity
C1821,1,86283.0,86283.0,0,0.0,43.11305652826413,21.556528264132066,Dormant
C1822,2,113504.0,56752.0,45,2.0408163265306123,56.73036518259129,29.38559075456095,Low-Activity
C1823,2,76133.0,38066.5,140,2.0408163265306123,38.035517758879436,20.038167042705023,Dormant
C1824,2,61530.0,30765.0,343,2.0408163265306123,30.730365182591296,16.385590754560955,Dormant
C1825,2,125617.0,62808.5,111,2.0408163265306123,62.789894947473734,32.41535563700217,Low-Activity
C1827,1,76965.0,76965.0,0,0.0,38.45172586293147,19.225862931465734,Dormant
C1830,2,138876.0,69438.0,50,2.0408163265306123,69.42271135567783,35.731763841104225,Low-Activity
C1832,3,198603.0,66201.0,7,4.081632653061225,99.30115057528765,51.691391614174435,Active
C1834,1,11763.0,11763.0,0,0.0,5.834417208604302,2.917208604302151,Dormant
C1835,1,47423.0,47423.0,0,0.0,23.673336668334166,11.836668334167083,Dormant
C1837,1,49802.0,49802.0,0,0.0,24.863431715857928,12.431715857928964,Dormant
C1838,1,78987.0,78987.0,0,0.0,39.463231615807906,19.731615807903953,Dormant
C1839,1,38902.0,38902.0,0,0.0,19.410705352676338,9.705352676338169,Dormant
C1840,1,34854.0,34854.0,0,0.0,17.38569284642321,8.692846423211606,Dormant
C1844,1,30499.0,30499.0,0,0.0,15.207103551775889,7.6035517758879445,Dormant
C1845,2,14576.0,7288.0,304,2.0408163265306123,7.241620810405203,4.641218568467908,Dormant
C1846,1,32900.0,32900.0,0,0.0,16.408204102051023,8.204102051025512,Dormant
C1847,2,30518.0,15259.0,104,2.0408163265306123,15.216608304152077,8.628712315341344,Dormant
C1848,1,8407.0,8407.0,0,0.0,4.155577788894448,2.077788894447224,Dormant
C1849,1,90541.0,90541.0,0,0.0,45.243121560780395,22.621560780390197,Dormant
C1851,1,56246.0,56246.0,0,0.0,28.08704352176088,14.04352176088044,Dormant
C1853,1,50105.0,50105.0,0,0.0,25.015007503751875,12.507503751875937,Dormant
C1854,1,50741.0,50741.0,0,0.0,25.333166583291643,12.666583291645821,Dormant
C1855,1,45576.0,45576.0,0,0.0,22.74937468734367,11.374687343671836,Dormant
C1857,2,69721.0,34860.5,105,2.0408163265306123,34.82791395697849,18.43436514175455,Dormant
C1858,1,45196.0,45196.0,0,0.0,22.55927963981991,11.279639819909955,Dormant
C1859,1,44535.0,44535.0,0,0.0,22.228614307153578,11.114307153576789,Dormant
C1860,1,64815.0,64815.0,0,0.0,32.37368684342171,16.186843421710854,Dormant
C1861,2,125029.0,62514.5,103,2.0408163265306123,62.49574787393697,32.26828210023379,Low-Activity
C1863,1,19671.0,19671.0,0,0.0,9.790395197598798,4.895197598799399,Dormant
C1864,3,191731.0,63910.333333333336,126,4.081632653061225,95.86343171585793,49.972532184459574,Low-Activity
C1865,2,94455.0,47227.5,229,2.0408163265306123,47.201100550275136,24.620958438402873,Dormant
C1867,2,157437.0,78718.5,62,2.0408163265306123,78.70785392696348,40.37433512674705,Low-Activity
C1869,3,117272.0,39090.666666666664,182,4.081632653061225,58.61530765382691,31.34847015344407,Low-Activity
C1870,3,182409.0,60803.0,273,4.081632653061225,91.20010005002501,47.64086635154312,Low-Activity
C1873,1,8034.0,8034.0,0,0.0,3.968984492246123,1.9844922461230614,Dormant
C1874,2,71039.0,35519.5,79,2.0408163265306123,35.487243621810904,18.764029974170757,Dormant
C1876,2,34667.0,17333.5,215,2.0408163265306123,17.29214607303652,9.666481199783567,Dormant
C1877,2,121189.0,60594.5,110,2.0408163265306123,60.57478739369685,31.30780186011373,Low-Activity
C1878,1,92947.0,92947.0,0,0.0,46.44672336168084,23.22336168084042,Dormant
C1879,1,37984.0,37984.0,0,0.0,18.951475737868932,9.475737868934466,Dormant
C1880,1,41619.0,41619.0,0,0.0,20.769884942471236,10.384942471235618,Dormant
C1882,4,157121.0,39280.25,265,6.122448979591836,78.54977488744372,42.33611193351778,Low-Activity
C1883,1,72039.0,72039.0,0,0.0,35.98749374687344,17.99374687343672,Dormant
C1885,1,57494.0,57494.0,0,0.0,28.711355677838917,14.355677838919458,Dormant
C1886,3,156898.0,52299.333333333336,171,4.081632653061225,78.43821910955478,41.259925881308,Low-Activity
C1887,1,69708.0,69708.0,0,0.0,34.821410705352676,17.410705352676338,Dormant
C1888,1,71375.0,71375.0,0,0.0,35.65532766383191,17.827663831915956,Dormant
C1889,4,278175.0,69543.75,124,6.122448979591836,100.0,53.06122448979592,Active
C1890,2,83601.0,41800.5,38,2.0408163265306123,41.77138569284642,21.906101009688516,Dormant
C1891,1,42502.0,42502.0,0,0.0,21.211605802901452,10.605802901450726,Dormant
C1892,3,95197.0,31732.333333333332,188,4.081632653061225,47.57228614307154,25.826959398066382,Low-Activity
C1893,1,50105.0,50105.0,0,0.0,25.015007503751875,12.507503751875937,Dormant
C1894,1,18045.0,18045.0,0,0.0,8.976988494247124,4.488494247123562,Dormant
C1896,1,57343.0,57343.0,0,0.0,28.635817908954476,14.317908954477238,Dormant
C1897,2,175809.0,87904.5,224,2.0408163265306123,87.8984492246123,44.96963277557146,Low-Activity
C1899,1,63469.0,63469.0,0,0.0,31.700350175087543,15.850175087543771,Dormant
C1901,3,198672.0,66224.0,96,4.081632653061225,99.33566783391696,51.70865024348909,Active
C1904,2,96678.0,48339.0,6,2.0408163265306123,48.313156578289146,25.176986452409878,Low-Activity
C1905,1,95512.0,95512.0,0,0.0,47.729864932466235,23.864932466233117,Dormant
C1906,2,115729.0,57864.5,52,2.0408163265306123,57.843421710855424,29.942119018693017,Low-Activity
C1908,1,31064.0,31064.0,0,0.0,15.489744872436217,7.744872436218109,Dormant
C1909,1,94446.0,94446.0,0,0.0,47.19659829914957,23.598299149574785,Dormant
C1910,3,275903.0,91967.66666666667,79,4.081632653061225,100.0,52.04081632653061,Active
C1912,1,38476.0,38476.0,0,0.0,19.1975987993997,9.59879939969985,Dormant
C1913,2,100696.0,50348.0,81,2.0408163265306123,50.3231615807904,26.181988953660504,Low-Activity
C1916,2,51273.0,25636.5,330,2.0408163265306123,25.599299649824914,13.820057988177764,Dormant
C1917,2,27647.0,13823.5,54,2.0408163265306123,13.78039019509755,7.910603260814081,Dormant
C1918,3,176428.0,58809.333333333336,245,4.081632653061225,88.20810405202602,46.14486835254362,Low-Activity
C1919,3,228371.0,76123.66666666667,78,4.081632653061225,100.0,52.04081632653061,Active
C1920,4,284232.0,71058.0,287,6.122448979591836,100.0,53.06122448979592,Active
C1922,4,163041.0,40760.25,107,6.122448979591836,81.51125562781391,43.81685230370287,Low-Activity
C1923,2,89020.0,44510.0,70,2.0408163265306123,44.48224112056028,23.261528723545446,Dormant
C1924,3,176103.0,58701.0,148,4.081632653061225,88.0455227613807,46.06357770722096,Low-Activity
C1926,1,81665.0,81665.0,0,0.0,40.802901450725365,20.401450725362682,Dormant
C1928,1,14165.0,14165.0,0,0.0,7.036018009004502,3.518009004502251,Dormant
C1929,3,199400.0,66466.66666666667,319,4.081632653061225,99.69984992496248,51.89074128901185,Active
C1931,1,92260.0,92260.0,0,0.0,46.103051525762886,23.051525762881443,Dormant
C1933,2,64855.0,32427.5,119,2.0408163265306123,32.39369684842421,17.21725658747741,Dormant
C1935,2,100210.0,50105.0,217,2.0408163265306123,50.08004002001001,26.06042817327031,Low-Activity
C1936,1,10164.0,10164.0,0,0.0,5.0345172586293145,2.5172586293146573,Dormant
C1938,2,72709.0,36354.5,12,2.0408163265306123,36.32266133066533,19.18173882859797,Dormant
C1939,1,26781.0,26781.0,0,0.0,13.347173586793396,6.673586793396698,Dormant
C1940,1,74923.0,74923.0,0,0.0,37.43021510755378,18.71510755377689,Dormant
C1941,2,134889.0,67444.5,11,2.0408163265306123,67.42821410705353,34.734515216792076,Low-Activity
C1942,1,67404.0,67404.0,0,0.0,33.6688344172086,16.8344172086043,Dormant
C1943,2,151241.0,75620.5,9,2.0408163265306123,75.60830415207603,38.824560239303324,Low-Activity
C1946,3,183684.0,61228.0,38,4.081632653061225,91.83791895947974,47.95977580627048,Low-Activity
C1947,3,135597.0,45199.0,156,4.081632653061225,67.7823911955978,35.93201192432951,Low-Activity
C1948,2,107238.0,53619.0,210,2.0408163265306123,53.59579789894947,27.81830711274004,Low-Activity
C1949,1,50105.0,50105.0,0,0.0,25.015007503751875,12.507503751875937,Dormant
C1950,1,53298.0,53298.0,0,0.0,26.61230615307654,13.30615307653827,Dormant
C1951,1,75705.0,75705.0,0,0.0,37.821410705352676,18.910705352676338,Dormant
C1952,1,13514.0,13514.0,0,0.0,6.710355177588795,3.3551775887943975,Dormant
C1953,1,79153.0,79153.0,0,0.0,39.54627313656828,19.77313656828414,Dormant
C1954,3,227690.0,75896.66666666667,175,4.081632653061225,100.0,52.04081632653061,Active
C1955,1,98411.0,98411.0,0,0.0,49.18009004502251,24.590045022511255,Dormant
C1956,4,171861.0,42965.25,92,6.122448979591836,85.92346173086544,46.02295535522864,Low-Activity
C1957,1,90913.0,90913.0,0,0.0,45.429214607303656,22.714607303651828,Dormant
C1958,1,46632.0,46632.0,0,0.0,23.277638819409706,11.638819409704853,Dormant
C1959,1,38849.0,38849.0,0,0.0,19.384192096048025,9.692096048024013,Dormant
C1961,1,83713.0,83713.0,0,0.0,41.82741370685343,20.913706853426714,Dormant
C1963,2,48538.0,24269.0,152,2.0408163265306123,24.23111555777889,13.135965942154751,Dormant
C1964,1,24265.0,24265.0,0,0.0,12.088544272136067,6.044272136068034,Dormant
C1966,4,201972.0,50493.0,51,6.122448979591836,100.0,53.06122448979592,Active
C1968,3,219452.0,73150.66666666667,326,4.081632653061225,100.0,52.04081632653061,Active
C1969,3,251926.0,83975.33333333333,209,4.081632653061225,100.0,52.04081632653061,Active
C1972,3,185987.0,61995.666666666664,62,4.081632653061225,92.98999499749875,48.53581382527999,Low-Activity
C1973,1,87832.0,87832.0,0,0.0,43.88794397198599,21.943971985992995,Dormant
C1974,3,240377.0,80125.66666666667,251,4.081632653061225,100.0,52.04081632653061,Active
C1975,2,117535.0,58767.5,40,2.0408163265306123,58.74687343671836,30.393844881624485,Low-Activity
C1976,2,85833.0,42916.5,67,2.0408163265306123,42.88794397198599,22.4643801492583,Dormant
C1978,1,50105.0,50105.0,0,0.0,25.015007503751875,12.507503751875937,Dormant
C1979,1,49146.0,49146.0,0,0.0,24.53526763381691,12.267633816908456,Dormant
C1980,1,12381.0,12381.0,0,0.0,6.143571785892946,3.071785892946473,Dormant
C1983,1,80317.0,80317.0,0,0.0,40.12856428214107,20.064282141070535,Dormant
C1984,2,46663.0,23331.5,96,2.0408163265306123,23.293146573286645,12.66698144990863,Dormant
C1985,1,78743.0,78743.0,0,0.0,39.341170585292645,19.670585292646322,Dormant
C1986,2,96445.0,48222.5,147,2.0408163265306123,48.19659829914957,25.11870731284009,Low-Activity
C1987,3,94815.0,31605.0,240,4.081632653061225,47.38119059529765,25.73141162417944,Low-Activity
C1988,2,31726.0,15863.0,132,2.0408163265306123,15.820910455227613,8.930863390879113,Dormant
C1989,2,39312.0,19656.0,34,2.0408163265306123,19.615807903951975,10.828312115241294,Dormant
C1990,2,124619.0,62309.5,201,2.0408163265306123,62.290645322661334,32.165730824595975,Low-Activity
C1991,1,16035.0,16035.0,0,0.0,7.971485742871436,3.985742871435718,Dormant
C1992,4,241058.0,60264.5,188,6.122448979591836,100.0,53.06122448979592,Active
C1994,1,48583.0,48583.0,0,0.0,24.253626813406704,12.126813406703352,Dormant
C1995,1,77079.0,77079.0,0,0.0,38.508754377188595,19.254377188594297,Dormant
C1996,1,34729.0,34729.0,0,0.0,17.323161580790394,8.661580790395197,Dormant
C1997,1,96363.0,96363.0,0,0.0,48.15557778889445,24.077788894447224,Dormant
C1999,1,84918.0,84918.0,0,0.0,42.43021510755378,21.21510755377689,Dormant
C2000,1,65882.0,65882.0,0,0.0,32.90745372686344,16.45372686343172,Dormant
C2001,2,45669.0,22834.5,130,2.0408163265306123,22.795897948974485,12.41835713775255,Dormant
C2003,1,88796.0,88796.0,0,0.0,44.37018509254627,22.185092546273136,Dormant
C2004,1,19441.0,19441.0,0,0.0,9.675337668834418,4.837668834417209,Dormant
C2007,2,42903.0,21451.5,54,2.0408163265306123,21.412206103051528,11.72651121479107,Dormant
C2008,2,82564.0,41282.0,144,2.0408163265306123,41.252626313156576,21.646721319843593,Dormant
C2009,1,40384.0,40384.0,0,0.0,20.15207603801901,10.076038019009506,Dormant
C2012,2,78349.0,39174.5,134,2.0408163265306123,39.14407203601801,20.59244418127431,Dormant
C2013,2,168112.0,84056.0,6,2.0408163265306123,84.04802401200601,43.044420169268314,Low-Activity
C2014,2,93146.0,46573.0,156,2.0408163265306123,46.54627313656828,24.293544731549446,Dormant
C2015,3,57279.0,19093.0,137,4.081632653061225,28.603801900950476,16.34271727700585,Dormant
C2016,3,93801.0,31267.0,107,4.081632653061225,46.873936968484244,25.477784810772736,Low-Activity
C2017,1,96175.0,96175.0,0,0.0,48.06153076538269,24.030765382691346,Dormant
C2018,1,9490.0,9490.0,0,0.0,4.697348674337168,2.348674337168584,Dormant
C2019,2,43398.0,21699.0,23,2.0408163265306123,21.65982991495748,11.850323120744047,Dormant
C2021,1,7155.0,7155.0,0,0.0,3.5292646323161576,1.7646323161580788,Dormant
C2025,1,50522.0,50522.0,0,0.0,25.22361180590295,12.611805902951476,Dormant
C2028,1,75757.0,75757.0,0,0.0,37.847423711855924,18.923711855927962,Dormant
C2029,1,1585.0,1585.0,0,0.0,0.742871435717859,0.3714357178589295,Dormant
C2030,3,163954.0,54651.333333333336,106,4.081632653061225,81.967983991996,43.02480832252861,Low-Activity
C2031,1,92964.0,92964.0,0,0.0,46.455227613806905,23.227613806903452,Dormant
C2032,2,122334.0,61167.0,3,2.0408163265306123,61.14757378689345,31.59419505671203,Low-Activity
C2033,1,64872.0,64872.0,0,0.0,32.40220110055028,16.20110055027514,Dormant
C2036,2,90667.0,45333.5,14,2.0408163265306123,45.306153076538266,23.673484701534438,Dormant
C2037,1,87123.0,87123.0,0,0.0,43.53326663331666,21.76663331665833,Dormant
C2040,3,145926.0,48642.0,137,4.081632653061225,72.94947473736867,38.51555369521495,Low-Activity
C2041,1,22669.0,22669.0,0,0.0,11.29014507253627,5.645072536268135,Dormant
C2044,1,45463.0,45463.0,0,0.0,22.692846423211606,11.346423211605803,Dormant
C2045,2,122731.0,61365.5,15,2.0408163265306123,61.346173086543274,31.693494706536942,Low-Activity
C2046,1,21628.0,21628.0,0,0.0,10.769384692346174,5.384692346173087,Dormant
C2048,2,11967.0,5983.5,213,2.0408163265306123,5.936468234117059,3.9886422803238357,Dormant
C2049,1,16152.0,16152.0,0,0.0,8.030015007503751,4.0150075037518755,Dormant
C2050,2,109217.0,54608.5,32,2.0408163265306123,54.585792896448226,28.313304611489418,Low-Activity
C2051,1,50105.0,50105.0,0,0.0,25.015007503751875,12.507503751875937,Dormant
C2054,3,156924.0,52308.0,261,4.081632653061225,78.45122561280641,41.266429132933816,Low-Activity
C2055,1,15862.0,15862.0,0,0.0,7.884942471235617,3.9424712356178087,Dormant
C2058,3,157883.0,52627.666666666664,312,4.081632653061225,78.93096548274137,41.506299067901296,Low-Activity
C2059,1,20248.0,20248.0,0,0.0,10.079039519759881,5.039519759879941,Dormant
C2060,1,61135.0,61135.0,0,0.0,30.532766383191596,15.266383191595798,Dormant
C2062,2,102705.0,51352.5,45,2.0408163265306123,51.32816408204101,26.68449020428581,Low-Activity
C2063,1,9617.0,9617.0,0,0.0,4.76088044022011,2.380440220110055,Dormant
C2065,1,26210.0,26210.0,0,0.0,13.061530765382692,6.530765382691346,Dormant
C2066,1,37690.0,37690.0,0,0.0,18.80440220110055,9.402201100550275,Dormant
C2067,2,96451.0,48225.5,197,2.0408163265306123,48.19959979989995,25.12020806321528,Low-Activity
C2068,1,20492.0,20492.0,0,0.0,10.201100550275138,5.100550275137569,Dormant
C2069,2,74975.0,37487.5,122,2.0408163265306123,37.456228114057026,19.748522220293818,Dormant
C2070,2,42919.0,21459.5,26,2.0408163265306123,21.420210105052526,11.73051321579157,Dormant
C2072,2,142884.0,71442.0,129,2.0408163265306123,71.42771385692846,36.73426509172954,Low-Activity
C2073,2,52474.0,26237.0,154,2.0408163265306123,26.20010005002501,14.120458188277812,Dormant
C2074,3,148902.0,49634.0,109,4.081632653061225,74.43821910955478,39.259925881308,Low-Activity
C2075,3,226535.0,75511.66666666667,59,4.081632653061225,100.0,52.04081632653061,Active
C2077,1,23287.0,23287.0,0,0.0,11.599299649824912,5.799649824912456,Dormant
C2079,4,211093.0,52773.25,299,6.122448979591836,100.0,53.06122448979592,Active
C2080,1,64554.0,64554.0,0,0.0,32.24312156078039,16.121560780390194,Dormant
C2081,2,127539.0,63769.5,71,2.0408163265306123,63.751375687843925,32.89609600718727,Low-Activity
C2088,2,164035.0,82017.5,109,2.0408163265306123,82.00850425212606,42.02466028932834,Low-Activity
C2089,1,15880.0,15880.0,0,0.0,7.893946973486743,3.9469734867433717,Dormant
C2093,2,72431.0,36215.5,82,2.0408163265306123,36.183591795897954,19.112204061214282,Dormant
C2094,2,92432.0,46216.0,283,2.0408163265306123,46.18909454727363,24.11495543690212,Dormant
C2095,2,158681.0,79340.5,23,2.0408163265306123,79.33016508254127,40.685490704535944,Low-Activity
C2096,2,54078.0,27039.0,141,2.0408163265306123,27.00250125062531,14.521658788577962,Dormant
C2098,5,251844.0,50368.8,152,8.16326530612245,100.0,54.08163265306123,Active
C2099,1,76327.0,76327.0,0,0.0,38.13256628314157,19.066283141570786,Dormant
C2100,2,74055.0,37027.5,245,2.0408163265306123,36.9959979989995,19.518407162765055,Dormant
C2101,1,40406.0,40406.0,0,0.0,20.163081540770385,10.081540770385192,Dormant
C2102,2,136543.0,68271.5,165,2.0408163265306123,68.25562781390695,35.148222070218786,Low-Activity
C2103,1,22974.0,22974.0,0,0.0,11.44272136068034,5.72136068034017,Dormant
C2104,3,136583.0,45527.666666666664,282,4.081632653061225,68.27563781890944,36.17863523598533,Low-Activity
C2105,2,128851.0,64425.5,341,2.0408163265306123,64.40770385192597,33.224260089228295,Low-Activity
C2106,1,7545.0,7545.0,0,0.0,3.724362181090545,1.8621810905452725,Dormant
C2108,1,70900.0,70900.0,0,0.0,35.41770885442722,17.70885442721361,Dormant
C2109,2,134481.0,67240.5,206,2.0408163265306123,67.22411205602802,34.63246419127932,Low-Activity
C2110,1,94479.0,94479.0,0,0.0,47.21310655327664,23.60655327663832,Dormant
C2115,1,92840.0,92840.0,0,0.0,46.393196598299156,23.196598299149578,Dormant
C2116,2,133017.0,66508.5,268,2.0408163265306123,66.49174587293646,34.26628109973354,Low-Activity
C2117,1,79614.0,79614.0,0,0.0,39.77688844422212,19.88844422211106,Dormant
C2118,2,92476.0,46238.0,66,2.0408163265306123,46.21110555277639,24.1259609396535,Dormant
C2120,1,41228.0,41228.0,0,0.0,20.574287143571787,10.287143571785894,Dormant
C2122,1,34519.0,34519.0,0,0.0,17.218109054527265,8.609054527263632,Dormant
C2124,3,166371.0,55457.0,106,4.081632653061225,83.17708854427214,43.62936059866668,Low-Activity
C2125,3,146214.0,48738.0,50,4.081632653061225,73.09354677338669,38.587589713223956,Low-Activity
C2126,1,50105.0,50105.0,0,0.0,25.015007503751875,12.507503751875937,Dormant
C2128,1,88648.0,88648.0,0,0.0,44.29614807403702,22.14807403701851,Dormant
C2129,4,202369.0,50592.25,265,6.122448979591836,100.0,53.06122448979592,Active
C2130,1,64315.0,64315.0,0,0.0,32.12356178089045,16.061780890445224,Dormant
C2131,1,62220.0,62220.0,0,0.0,31.07553776888444,15.53776888444222,Dormant
C2132,2,94934.0,47467.0,282,2.0408163265306123,47.44072036018009,24.74076834335535,Dormant
C2133,1,99958.0,99958.0,0,0.0,49.95397698849425,24.976988494247124,Dormant
C2134,2,16186.0,8093.0,137,2.0408163265306123,8.047023511755878,5.043919919143245,Dormant
C2135,1,19095.0,19095.0,0,0.0,9.50225112556278,4.75112556278139,Dormant
C2136,2,95963.0,47981.5,214,2.0408163265306123,47.95547773886943,24.99814703270002,Dormant
C2137,2,94659.0,47329.5,236,2.0408163265306123,47.30315157578789,24.671983951159252,Dormant
C2138,1,25561.0,25561.0,0,0.0,12.736868434217108,6.368434217108554,Dormant
C2140,2,86717.0,43358.5,17,2.0408163265306123,43.33016508254127,22.68549070453594,Dormant
C2141,3,119759.0,39919.666666666664,249,4.081632653061225,59.85942971485743,31.970531183959327,Low-Activity
C2142,1,65466.0,65466.0,0,0.0,32.69934967483742,16.34967483741871,Dormant
C2145,1,31018.0,31018.0,0,0.0,15.466733366683341,7.7333666833416705,Dormant
C2146,1,14478.0,14478.0,0,0.0,7.192596298149074,3.596298149074537,Dormant
C2148,1,58301.0,58301.0,0,0.0,29.115057528764382,14.557528764382191,Dormant
C2150,1,1718.0,1718.0,0,0.0,0.8094047023511755,0.4047023511755877,Dormant
C2151,2,99614.0,49807.0,105,2.0408163265306123,49.78189094547273,25.91135363600167,Low-Activity
C2154,1,70679.0,70679.0,0,0.0,35.307153576788394,17.653576788394197,Dormant
C2155,1,81959.0,81959.0,0,0.0,40.949974987493746,20.474987493746873,Dormant
C2156,1,23325.0,23325.0,0,0.0,11.61830915457729,5.809154577288645,Dormant
C2159,3,168416.0,56138.666666666664,83,4.081632653061225,84.20010005002501,44.14086635154312,Low-Activity
C2160,1,68429.0,68429.0,0,0.0,34.181590795397696,17.090795397698848,Dormant
C2161,2,157282.0,78641.0,29,2.0408163265306123,78.63031515757879,40.335565742054705,Low-Activity
C2164,4,93933.0,23483.25,185,6.122448979591836,46.939969984992494,26.531209482292166,Low-Activity
C2165,1,50638.0,50638.0,0,0.0,25.281640820410207,12.640820410205103,Dormant
C2167,2,114126.0,57063.0,2,2.0408163265306123,57.041520760380195,29.541168543455402,Low-Activity
C2168,1,91853.0,91853.0,0,0.0,45.89944972486243,22.949724862431214,Dormant
C2169,1,53276.0,53276.0,0,0.0,26.60130065032516,13.30065032516258,Dormant
C2170,1,32234.0,32234.0,0,0.0,16.07503751875938,8.03751875937969,Dormant
C2171,1,50105.0,50105.0,0,0.0,25.015007503751875,12.507503751875937,Dormant
C2172,1,20811.0,20811.0,0,0.0,10.360680340170084,5.180340170085042,Dormant
C2173,1,71380.0,71380.0,0,0.0,35.65782891445723,17.828914457228613,Dormant
C2174,2,110875.0,55437.5,296,2.0408163265306123,55.415207603801896,28.728011965166253,Low-Activity
C2176,1,33935.0,33935.0,0,0.0,16.925962981490745,8.462981490745372,Dormant
C2177,1,49604.0,49604.0,0,0.0,24.764382191095546,12.382191095547773,Dormant
C2179,2,54775.0,27387.5,59,2.0408163265306123,27.351175587793897,14.695995957162255,Dormant
C2181,2,33725.0,16862.5,243,2.0408163265306123,16.820910455227615,9.430863390879114,Dormant
C2183,1,6518.0,6518.0,0,0.0,3.210605302651326,1.605302651325663,Dormant
C2184,5,237169.0,47433.8,321,8.16326530612245,100.0,54.08163265306123,Active
C2185,1,21115.0,21115.0,0,0.0,10.512756378189096,5.256378189094548,Dormant
C2186,2,95719.0,47859.5,36,2.0408163265306123,47.83341670835418,24.937116517442394,Dormant
C2188,1,93905.0,93905.0,0,0.0,46.92596298149074,23.46298149074537,Dormant
C2189,3,129639.0,43213.0,240,4.081632653061225,64.80190095047523,34.441766801768225,Low-Activity
C2191,3,146190.0,48730.0,122,4.081632653061225,73.08154077038519,38.581586711723205,Low-Activity
C2192,1,13729.0,13729.0,0,0.0,6.8179089544772395,3.4089544772386198,Dormant
C2193,2,42914.0,21457.0,80,2.0408163265306123,21.417708854427215,11.729262590478914,Dormant
C2195,1,26795.0,26795.0,0,0.0,13.354177088544272,6.677088544272136,Dormant
C2196,2,106547.0,53273.5,65,2.0408163265306123,53.25012506253126,27.645470694530935,Low-Activity
C2198,2,100543.0,50271.5,61,2.0408163265306123,50.246623311655824,26.143719819093217,Low-Activity
C2200,1,21285.0,21285.0,0,0.0,10.597798899449725,5.298899449724862,Dormant
C2202,1,20430.0,20430.0,0,0.0,10.170085042521261,5.085042521260631,Dormant
C2203,3,177844.0,59281.333333333336,113,4.081632653061225,88.91645822911455,46.49904544108789,Low-Activity
C2204,1,69769.0,69769.0,0,0.0,34.85192596298149,17.425962981490745,Dormant
C2205,2,148678.0,74339.0,182,2.0408163265306123,74.32616308154077,38.18348970403569,Low-Activity
C2207,2,143815.0,71907.5,171,2.0408163265306123,71.89344672336168,36.96713152494615,Low-Activity
C2209,2,110539.0,55269.5,61,2.0408163265306123,55.24712356178089,28.64396994415575,Low-Activity
C2211,3,138736.0,46245.333333333336,168,4.081632653061225,69.35267633816909,36.717154495615155,Low-Activity
C2212,2,153647.0,76823.5,41,2.0408163265306123,76.81190595297649,39.42636113975355,Low-Activity
C2214,2,142957.0,71478.5,89,2.0408163265306123,71.46423211605803,36.75252422129432,Low-Activity
C2216,1,18999.0,18999.0,0,0.0,9.45422711355678,4.72711355677839,Dormant
C2218,2,69950.0,34975.0,172,2.0408163265306123,34.94247123561781,18.49164378107421,Dormant
C2220,1,31747.0,31747.0,0,0.0,15.831415707853926,7.915707853926963,Dormant
C2221,1,91516.0,91516.0,0,0.0,45.73086543271636,22.86543271635818,Dormant
C2222,1,36071.0,36071.0,0,0.0,17.99449724862431,8.997248624312155,Dormant
C2223,1,49014.0,49014.0,0,0.0,24.469234617308654,12.234617308654327,Dormant
C2224,1,79201.0,79201.0,0,0.0,39.57028514257129,19.785142571285643,Dormant
C2227,1,95820.0,95820.0,0,0.0,47.8839419709855,23.94197098549275,Dormant
C2228,1,56119.0,56119.0,0,0.0,28.02351175587794,14.01175587793897,Dormant
C2229,1,91174.0,91174.0,0,0.0,45.55977988994498,22.77988994497249,Dormant
C2230,3,108430.0,36143.333333333336,273,4.081632653061225,54.192096048024005,29.136864350542616,Low-Activity
C2231,3,130465.0,43488.333333333336,98,4.081632653061225,65.21510755377689,34.648370103419055,Low-Activity
C2232,1,73103.0,73103.0,0,0.0,36.519759879939976,18.259879939969988,Dormant
C2233,1,69785.0,69785.0,0,0.0,34.85992996498249,17.429964982491246,Dormant
C2234,2,21306.0,10653.0,32,2.0408163265306123,10.608304152076037,6.324560239303325,Dormant
C2235,1,7386.0,7386.0,0,0.0,3.6448224112056025,1.8224112056028012,Dormant
C2238,2,148906.0,74453.0,247,2.0408163265306123,74.44022011005502,38.24051821829282,Low-Activity
C2239,2,17988.0,8994.0,23,2.0408163265306123,8.948474237118559,5.494645281824585,Dormant
C2240,1,12818.0,12818.0,0,0.0,6.362181090545273,3.1810905452726366,Dormant
C2241,2,104648.0,52324.0,81,2.0408163265306123,52.30015007503752,27.170483200784066,Low-Activity
C2242,1,17333.0,17333.0,0,0.0,8.620810405202601,4.3104052026013004,Dormant
C2243,1,97050.0,97050.0,0,0.0,48.49924962481241,24.249624812406203,Dormant
C2244,1,46455.0,46455.0,0,0.0,23.189094547273637,11.594547273636818,Dormant
C2245,3,148706.0,49568.666666666664,212,4.081632653061225,74.34017008504253,39.210901369051875,Low-Activity
C2246,1,24408.0,24408.0,0,0.0,12.160080040020011,6.0800400200100055,Dormant
C2248,2,85079.0,42539.5,54,2.0408163265306123,42.510755377688845,22.275785852109728,Dormant
C2249,2,90194.0,45097.0,164,2.0408163265306123,45.069534767383686,23.555175546957148,Dormant
C2250,1,52686.0,52686.0,0,0.0,26.30615307653827,13.153076538269135,Dormant
C2251,1,66796.0,66796.0,0,0.0,33.364682341170585,16.682341170585293,Dormant
C2252,3,134837.0,44945.666666666664,125,4.081632653061225,67.40220110055027,35.741916876805746,Low-Activity
C2256,2,104652.0,52326.0,55,2.0408163265306123,52.30215107553777,27.17148370103419,Low-Activity
C2257,2,140476.0,70238.0,48,2.0408163265306123,70.22311155577789,36.131963941154254,Low-Activity
C2258,1,7273.0,7273.0,0,0.0,3.5882941470735368,1.7941470735367684,Dormant
C2259,2,118528.0,59264.0,44,2.0408163265306123,59.24362181090545,30.64221906871803,Low-Activity
C2260,2,107564.0,53782.0,170,2.0408163265306123,53.75887943971986,27.899847883125236,Low-Activity
C2262,1,50105.0,50105.0,0,0.0,25.015007503751875,12.507503751875937,Dormant
C2264,1,50105.0,50105.0,0,0.0,25.015007503751875,12.507503751875937,Dormant
C2265,2,130936.0,65468.0,186,2.0408163265306123,65.45072536268134,33.74577084460598,Low-Activity
C2266,1,37549.0,37549.0,0,0.0,18.733866933466732,9.366933466733366,Dormant
C2267,1,42645.0,42645.0,0,0.0,21.283141570785393,10.641570785392696,Dormant
C2268,1,50105.0,50105.0,0,0.0,25.015007503751875,12.507503751875937,Dormant
C2269,3,134821.0,44940.333333333336,67,4.081632653061225,67.39419709854928,35.73791487580525,Low-Activity
C2271,1,59270.0,59270.0,0,0.0,29.599799899949975,14.799899949974987,Dormant
C2273,1,44585.0,44585.0,0,0.0,22.253626813406704,11.126813406703352,Dormant
C2274,1,98917.0,98917.0,0,0.0,49.43321660830415,24.716608304152075,Dormant
C2276,1,61955.0,61955.0,0,0.0,30.94297148574287,15.471485742871435,Dormant
C2278,1,95666.0,95666.0,0,0.0,47.806903451725866,23.903451725862933,Dormant
C2279,1,94766.0,94766.0,0,0.0,47.356678339169584,23.678339169584792,Dormant
C2283,4,129817.0,32454.25,330,6.122448979591836,64.89094547273638,35.50669722616411,Low-Activity
C2284,1,9987.0,9987.0,0,0.0,4.9459729864932465,2.4729864932466232,Dormant
C2285,1,65118.0,65118.0,0,0.0,32.52526263131566,16.26263131565783,Dormant
C2286,2,137659.0,68829.5,220,2.0408163265306123,68.81390695347673,35.427361640003674,Low-Activity
C2287,1,50105.0,50105.0,0,0.0,25.015007503751875,12.507503751875937,Dormant
C2289,1,12175.0,12175.0,0,0.0,6.040520260130065,3.0202601300650325,Dormant
C2290,1,50105.0,50105.0,0,0.0,25.015007503751875,12.507503751875937,Dormant
C2291,3,109022.0,36340.666666666664,176,4.081632653061225,54.48824412206103,29.28493838756113,Low-Activity
C2292,1,82080.0,82080.0,0,0.0,41.01050525262631,20.505252626313155,Dormant
C2293,2,64344.0,32172.0,18,2.0408163265306123,32.13806903451726,17.089442680523934,Dormant
C2294,1,69731.0,69731.0,0,0.0,34.832916458229114,17.416458229114557,Dormant
C2296,2,62726.0,31363.0,125,2.0408163265306123,31.328664332166085,16.684740329348347,Dormant
C2298,1,89459.0,89459.0,0,0.0,44.701850925462736,22.350925462731368,Dormant
C2299,1,43059.0,43059.0,0,0.0,21.49024512256128,10.74512256128064,Dormant
C2300,1,20955.0,20955.0,0,0.0,10.43271635817909,5.216358179089545,Dormant
C2301,3,150436.0,50145.333333333336,244,4.081632653061225,75.2056028014007,39.64361772723096,Low-Activity
C2304,1,72854.0,72854.0,0,0.0,36.3951975987994,18.1975987993997,Dormant
C2306,3,132882.0,44294.0,154,4.081632653061225,66.42421210605303,35.25292237955713,Low-Activity
C2307,1,5282.0,5282.0,0,0.0,2.5922961480740367,1.2961480740370184,Dormant
C2308,4,255102.0,63775.5,360,6.122448979591836,100.0,53.06122448979592,Active
C2309,1,86837.0,86837.0,0,0.0,43.39019509754877,21.695097548774385,Dormant
C2311,1,57224.0,57224.0,0,0.0,28.576288144072038,14.288144072036019,Dormant
C2312,3,145167.0,48389.0,192,4.081632653061225,72.56978489244622,38.32570877275372,Low-Activity
C2313,1,94266.0,94266.0,0,0.0,47.106553276638316,23.553276638319158,Dormant
C2316,4,244146.0,61036.5,262,6.122448979591836,100.0,53.06122448979592,Active
C2317,1,50105.0,50105.0,0,0.0,25.015007503751875,12.507503751875937,Dormant
C2319,1,71692.0,71692.0,0,0.0,35.81390695347674,17.90695347673837,Dormant
C2322,1,50105.0,50105.0,0,0.0,25.015007503751875,12.507503751875937,Dormant
C2324,1,8397.0,8397.0,0,0.0,4.150575287643822,2.075287643821911,Dormant
C2325,3,223736.0,74578.66666666667,315,4.081632653061225,100.0,52.04081632653061,Active
C2329,1,99150.0,99150.0,0,0.0,49.54977488744372,24.77488744372186,Dormant
C2331,2,96919.0,48459.5,126,2.0408163265306123,48.433716858429214,25.237266592479912,Low-Activity
C2333,1,72245.0,72245.0,0,0.0,36.09054527263632,18.04527263631816,Dormant
C2334,2,123904.0,61952.0,22,2.0408163265306123,61.93296648324163,31.98689140488612,Low-Activity
C2335,1,83037.0,83037.0,0,0.0,41.489244622311155,20.744622311155577,Dormant
C2337,1,68357.0,68357.0,0,0.0,34.145572786393195,17.072786393196598,Dormant
C2338,1,61284.0,61284.0,0,0.0,30.607303651825912,15.303651825912956,Dormant
C2340,2,61247.0,30623.5,125,2.0408163265306123,30.588794397198598,16.314805361864604,Dormant
C2341,2,63362.0,31681.0,143,2.0408163265306123,31.646823411705853,16.84381986911823,Dormant
C2342,2,150637.0,75318.5,40,2.0408163265306123,75.30615307653828,38.67348470153445,Low-Activity
C2343,1,50105.0,50105.0,0,0.0,25.015007503751875,12.507503751875937,Dormant
C2344,1,51352.0,51352.0,0,0.0,25.638819409704855,12.819409704852427,Dormant
C2348,2,150469.0,75234.5,6,2.0408163265306123,75.22211105552776,38.63146369102919,Low-Activity
C2349,1,79008.0,79008.0,0,0.0,39.473736868434216,19.736868434217108,Dormant
C2353,4,246318.0,61579.5,162,6.122448979591836,100.0,53.06122448979592,Active
C2356,3,100031.0,33343.666666666664,172,4.081632653061225,49.99049524762381,27.03606395034252,Low-Activity
C2357,1,84440.0,84440.0,0,0.0,42.19109554777389,21.095547773886945,Dormant
C2359,2,94591.0,47295.5,257,2.0408163265306123,47.26913456728364,24.654975446907127,Dormant
C2361,2,44848.0,22424.0,95,2.0408163265306123,22.385192596298147,12.21300446141438,Dormant
C2363,2,79770.0,39885.0,9,2.0408163265306123,39.85492746373186,20.947871895131236,Dormant
C2364,2,73105.0,36552.5,31,2.0408163265306123,36.52076038019009,19.28078835336035,Dormant
C2365,2,103601.0,51800.5,141,2.0408163265306123,51.776388194097045,26.908602260313828,Low-Activity
C2366,1,29563.0,29563.0,0,0.0,14.738869434717358,7.369434717358679,Dormant
C2367,2,64425.0,32212.5,28,2.0408163265306123,32.178589294647324,17.109702810588967,Dormant
C2369,1,73990.0,73990.0,0,0.0,36.963481740870435,18.481740870435218,Dormant
C2371,1,88486.0,88486.0,0,0.0,44.21510755377689,22.107553776888444,Dormant
C2374,1,97864.0,97864.0,0,0.0,48.90645322661331,24.453226613306654,Dormant
C2375,1,56041.0,56041.0,0,0.0,27.98449224612306,13.99224612306153,Dormant
C2376,1,55318.0,55318.0,0,0.0,27.62281140570285,13.811405702851426,Dormant
C2377,2,105780.0,52890.0,229,2.0408163265306123,52.8664332166083,27.453624771569455,Low-Activity
C2378,2,121601.0,60800.5,48,2.0408163265306123,60.78089044522261,31.41085338587661,Low-Activity
C2379,1,14049.0,14049.0,0,0.0,6.977988994497249,3.4889944972486244,Dormant
C2380,2,108496.0,54248.0,183,2.0408163265306123,54.22511255627814,28.132964441404376,Low-Activity
C2381,2,110418.0,55209.0,11,2.0408163265306123,55.186593296648326,28.613704811589468,Low-Activity
C2382,1,74009.0,74009.0,0,0.0,36.97298649324662,18.48649324662331,Dormant
C2384,2,108102.0,54051.0,31,2.0408163265306123,54.0280140070035,28.034415166767054,Low-Activity
C2386,3,104068.0,34689.333333333336,342,4.081632653061225,52.010005002501245,28.045818827781236,Low-Activity
C2387,3,125594.0,41864.666666666664,329,4.081632653061225,62.778389194597295,33.43001092382926,Low-Activity
C2388,3,28599.0,9533.0,226,4.081632653061225,14.25662831415708,9.169130483609152,Dormant
C2389,3,200632.0,66877.33333333333,89,4.081632653061225,100.0,52.04081632653061,Active
C2390,2,125700.0,62850.0,257,2.0408163265306123,62.83141570785392,32.43611601719227,Low-Activity
C2391,2,130708.0,65354.0,76,2.0408163265306123,65.33666833416709,33.68874233034885,Low-Activity
C2392,1,73003.0,73003.0,0,0.0,36.469734867433715,18.234867433716857,Dormant
C2394,2,86626.0,43313.0,38,2.0408163265306123,43.28464232116058,22.662729323845596,Dormant
C2400,1,68463.0,68463.0,0,0.0,34.19859929964982,17.09929964982491,Dormant
C2401,1,2067.0,2067.0,0,0.0,0.983991995997999,0.4919959979989995,Dormant
C2403,2,50642.0,25321.0,262,2.0408163265306123,25.283641820910457,13.662229073720535,Dormant
C2404,1,52432.0,52432.0,0,0.0,26.17908954477239,13.089544772386194,Dormant
C2406,2,165491.0,82745.5,173,2.0408163265306123,82.7368684342171,42.38884238037386,Low-Activity
C2407,1,37626.0,37626.0,0,0.0,18.772386193096548,9.386193096548274,Dormant
C2409,4,182892.0,45723.0,101,6.122448979591836,91.44172086043022,48.78208492001103,Low-Activity
C2410,3,159529.0,53176.333333333336,250,4.081632653061225,79.75437718859429,41.918004920827755,Low-Activity
C2412,1,97655.0,97655.0,0,0.0,48.801900950475236,24.400950475237618,Dormant
C2414,1,89113.0,89113.0,0,0.0,44.52876438219109,22.264382191095546,Dormant
C2415,1,96743.0,96743.0,0,0.0,48.34567283641821,24.172836418209105,Dormant
C2416,1,64866.0,64866.0,0,0.0,32.3991995997999,16.19959979989995,Dormant
C2417,2,39257.0,19628.5,48,2.0408163265306123,19.588294147073537,10.814555236802075,Dormant
C2420,1,74547.0,74547.0,0,0.0,37.242121060530266,18.621060530265133,Dormant
C2421,2,62827.0,31413.5,161,2.0408163265306123,31.379189594797396,16.710002960664003,Dormant
C2422,2,172272.0,86136.0,123,2.0408163265306123,86.12906453226613,44.08494042939837,Low-Activity
C2423,1,25064.0,25064.0,0,0.0,12.48824412206103,6.244122061030515,Dormant
C2424,1,62855.0,62855.0,0,0.0,31.39319659829915,15.696598299149574,Dormant
C2425,2,87644.0,43822.0,112,2.0408163265306123,43.793896948474234,22.917356637502422,Dormant
C2426,2,74925.0,37462.5,68,2.0408163265306123,37.4312156078039,19.736015967167255,Dormant
C2428,2,44964.0,22482.0,53,2.0408163265306123,22.443221610805402,12.242018968668008,Dormant
C2431,2,69586.0,34793.0,218,2.0408163265306123,34.76038019009505,18.40059825831283,Dormant
C2434,1,95552.0,95552.0,0,0.0,47.74987493746873,23.874937468734366,Dormant
C2435,1,36075.0,36075.0,0,0.0,17.996498249124564,8.998249124562282,Dormant
C2436,1,99710.0,99710.0,0,0.0,49.829914957478735,24.914957478739368,Dormant
C2437,1,36776.0,36776.0,0,0.0,18.347173586793396,9.173586793396698,Dormant
C2438,1,50105.0,50105.0,0,0.0,25.015007503751875,12.507503751875937,Dormant
C2439,2,56714.0,28357.0,85,2.0408163265306123,28.321160580290144,15.180988453410379,Dormant
C2440,2,135741.0,67870.5,238,2.0408163265306123,67.85442721360681,34.947621770068714,Low-Activity
C2442,2,27106.0,13553.0,255,2.0408163265306123,13.50975487743872,7.775285601984666,Dormant
C2445,1,9602.0,9602.0,0,0.0,4.753376688344172,2.376688344172086,Dormant
C2446,2,163150.0,81575.0,139,2.0408163265306123,81.56578289144572,41.80329960898817,Low-Activity
C2447,4,194022.0,48505.5,159,6.122448979591836,97.00950475237619,51.56597686598401,Active
C2448,1,50105.0,50105.0,0,0.0,25.015007503751875,12.507503751875937,Dormant
C2449,4,268711.0,67177.75,275,6.122448979591836,100.0,53.06122448979592,Active
C2455,1,62294.0,62294.0,0,0.0,31.11255627813907,15.556278139069535,Dormant
C2460,4,220985.0,55246.25,233,6.122448979591836,100.0,53.06122448979592,Active
C2461,3,105038.0,35012.666666666664,237,4.081632653061225,52.495247623811906,28.288440138436567,Low-Activity
C2462,2,103228.0,51614.0,93,2.0408163265306123,51.589794897448726,26.815305611989668,Low-Activity
C2463,1,13215.0,13215.0,0,0.0,6.560780390195098,3.280390195097549,Dormant
C2464,1,88137.0,88137.0,0,0.0,44.040520260130066,22.020260130065033,Dormant
C2465,2,139879.0,69939.5,223,2.0408163265306123,69.92446223111556,35.982639278823086,Low-Activity
C2466,2,171866.0,85933.0,217,2.0408163265306123,85.92596298149074,43.98338965401068,Low-Activity
C2467,1,42287.0,42287.0,0,0.0,21.104052026013008,10.552026013006504,Dormant
C2468,1,17291.0,17291.0,0,0.0,8.599799899949975,4.2998999499749875,Dormant
C2469,2,66426.0,33213.0,49,2.0408163265306123,33.179589794897446,17.610203060714028,Dormant
C2471,1,96020.0,96020.0,0,0.0,47.983991995998,23.991995997999,Dormant
C2472,1,5696.0,5696.0,0,0.0,2.799399699849925,1.3996998499249624,Dormant
C2473,2,85718.0,42859.0,58,2.0408163265306123,42.8304152076038,22.435615767067205,Dormant
C2474,2,117158.0,58579.0,198,2.0408163265306123,58.55827913956978,30.299547733050193,Low-Activity
C2476,1,9682.0,9682.0,0,0.0,4.7933966983491745,2.3966983491745872,Dormant
C2477,2,127311.0,63655.5,7,2.0408163265306123,63.637318659329665,32.83906749293014,Low-Activity
C2478,3,71576.0,23858.666666666668,117,4.081632653061225,35.75587793896948,19.918755296015355,Dormant
C2480,2,108528.0,54264.0,256,2.0408163265306123,54.241120560280145,28.140968443405377,Low-Activity
C2481,2,101413.0,50706.5,14,2.0408163265306123,50.68184092046023,26.36132862349542,Low-Activity
C2484,1,65473.0,65473.0,0,0.0,32.70285142571286,16.35142571285643,Dormant
C2485,1,64124.0,64124.0,0,0.0,32.028014007003506,16.014007003501753,Dormant
C2487,1,36052.0,36052.0,0,0.0,17.984992496248122,8.992496248124061,Dormant
C2490,2,73945.0,36972.5,50,2.0408163265306123,36.940970485242616,19.490893405886613,Dormant
C2492,1,50105.0,50105.0,0,0.0,25.015007503751875,12.507503751875937,Dormant
C2494,1,54543.0,54543.0,0,0.0,27.235117558779386,13.617558779389693,Dormant
C2495,2,167611.0,83805.5,213,2.0408163265306123,83.79739869934969,42.91910751294015,Low-Activity
C2497,1,98161.0,98161.0,0,0.0,49.055027513756876,24.527513756878438,Dormant
C2499,2,70396.0,35198.0,145,2.0408163265306123,35.1655827913957,18.603199558963155,Dormant
C2500,2,180983.0,90491.5,234,2.0408163265306123,90.48674337168585,46.26377984910823,Low-Activity
C2501,2,156289.0,78144.5,246,2.0408163265306123,78.1335667833917,40.08719155496116,Low-Activity
C2502,4,188451.0,47112.75,270,6.122448979591836,94.22261130565282,50.17253014262233,Active
C2504,2,111833.0,55916.5,103,2.0408163265306123,55.894447223611806,28.967631775071208,Low-Activity
C2505,2,71355.0,35677.5,155,2.0408163265306123,35.64532266133067,18.84306949393064,Dormant
C2506,1,43920.0,43920.0,0,0.0,21.92096048024012,10.96048024012006,Dormant
C2507,1,97375.0,97375.0,0,0.0,48.66183091545773,24.330915457728864,Dormant
C2509,1,65754.0,65754.0,0,0.0,32.843421710855424,16.421710855427712,Dormant
C2514,1,18446.0,18446.0,0,0.0,9.177588794397199,4.588794397198599,Dormant
C2515,2,63302.0,31651.0,58,2.0408163265306123,31.6168084042021,16.828812365366357,Dormant
C2517,3,109790.0,36596.666666666664,214,4.081632653061225,54.87243621810906,29.477034435585143,Low-Activity
C2518,1,31429.0,31429.0,0,0.0,15.672336168084042,7.836168084042021,Dormant
C2519,1,22949.0,22949.0,0,0.0,11.430215107553778,5.715107553776889,Dormant
C2521,1,48274.0,48274.0,0,0.0,24.099049524762382,12.049524762381191,Dormant
C2523,1,50942.0,50942.0,0,0.0,25.433716858429218,12.716858429214609,Dormant
C2524,3,164475.0,54825.0,203,4.081632653061225,82.22861430715358,43.1551234801074,Low-Activity
C2525,3,202846.0,67615.33333333333,156,4.081632653061225,100.0,52.04081632653061,Active
C2526,1,61917.0,61917.0,0,0.0,30.923961980990494,15.461980990495247,Dormant
C2528,1,93061.0,93061.0,0,0.0,46.50375187593797,23.251875937968986,Dormant
C2529,1,87587.0,87587.0,0,0.0,43.76538269134567,21.882691345672836,Dormant
C2531,4,294766.0,73691.5,215,6.122448979591836,100.0,53.06122448979592,Active
C2532,1,74717.0,74717.0,0,0.0,37.3271635817909,18.66358179089545,Dormant
C2536,2,170721.0,85360.5,145,2.0408163265306123,85.35317658829415,43.69699645741238,Low-Activity
C2537,3,158784.0,52928.0,292,4.081632653061225,79.38169084542271,41.731661749241965,Low-Activity
C2538,2,72893.0,36446.5,27,2.0408163265306123,36.41470735367684,19.227761840103724,Dormant
C2539,1,57998.0,57998.0,0,0.0,28.963481740870435,14.481740870435218,Dormant
C2540,1,92315.0,92315.0,0,0.0,46.13056528264132,23.06528264132066,Dormant
C2541,1,90498.0,90498.0,0,0.0,45.221610805402705,22.610805402701352,Dormant
C2542,1,85947.0,85947.0,0,0.0,42.944972486243124,21.472486243121562,Dormant
C2543,1,17052.0,17052.0,0,0.0,8.48024012006003,4.240120060030015,Dormant
C2545,2,50411.0,25205.5,4,2.0408163265306123,25.16808404202101,13.604450184275812,Dormant
C2546,1,893.0,893.0,0,0.0,0.39669834917458724,0.19834917458729362,Dormant
C2548,2,114874.0,57437.0,268,2.0408163265306123,57.41570785392697,29.72826209022879,Low-Activity
C2549,1,50105.0,50105.0,0,0.0,25.015007503751875,12.507503751875937,Dormant
C2550,2,129732.0,64866.0,153,2.0408163265306123,64.84842421210605,33.444620269318335,Low-Activity
C2551,3,175487.0,58495.666666666664,289,4.081632653061225,87.73736868434217,45.909500668701696,Low-Activity
C2552,1,63631.0,63631.0,0,0.0,31.78139069534767,15.890695347673836,Dormant
C2553,1,94329.0,94329.0,0,0.0,47.13806903451726,23.56903451725863,Dormant
C2555,2,183154.0,91577.0,59,2.0408163265306123,91.57278639319661,46.80680135986361,Low-Activity
C2556,2,77510.0,38755.0,122,2.0408163265306123,38.72436218109054,20.382589253810576,Dormant
C2558,1,51877.0,51877.0,0,0.0,25.90145072536268,12.95072536268134,Dormant
C2559,2,117474.0,58737.0,57,2.0408163265306123,58.716358179089546,30.378587252810078,Low-Activity
C2560,2,74915.0,37457.5,77,2.0408163265306123,37.42621310655328,19.733514716541944,Dormant
C2561,1,35776.0,35776.0,0,0.0,17.846923461730864,8.923461730865432,Dormant
C2563,2,67443.0,33721.5,35,2.0408163265306123,33.68834417208604,17.864580249308325,Dormant
C2564,2,134657.0,67328.5,297,2.0408163265306123,67.31215607803902,34.67648620228482,Low-Activity
C2565,1,4217.0,4217.0,0,0.0,2.0595297648824413,1.0297648824412207,Dormant
C2567,2,153076.0,76538.0,32,2.0408163265306123,76.52626313156578,39.2835397290482,Low-Activity
C2568,1,39438.0,39438.0,0,0.0,19.678839419709853,9.839419709854926,Dormant
C2569,1,50105.0,50105.0,0,0.0,25.015007503751875,12.507503751875937,Dormant
C2571,1,58089.0,58089.0,0,0.0,29.009004502251123,14.504502251125562,Dormant
C2573,1,43720.0,43720.0,0,0.0,21.82091045522761,10.910455227613806,Dormant
C2574,2,83114.0,41557.0,239,2.0408163265306123,41.52776388194097,21.78429010423579,Dormant
C2577,2,39408.0,19704.0,108,2.0408163265306123,19.66383191595798,10.852324121244298,Dormant
C2578,1,50718.0,50718.0,0,0.0,25.32166083041521,12.660830415207606,Dormant
C2581,2,88197.0,44098.5,11,2.0408163265306123,44.070535267633815,23.055675797082213,Dormant
C2582,1,79518.0,79518.0,0,0.0,39.72886443221611,19.864432216108057,Dormant
C2585,1,34219.0,34219.0,0,0.0,17.068034017008504,8.534017008504252,Dormant
C2587,2,51532.0,25766.0,23,2.0408163265306123,25.72886443221611,13.884840379373362,Dormant
C2588,1,35121.0,35121.0,0,0.0,17.519259629814908,8.759629814907454,Dormant
C2589,2,61086.0,30543.0,184,2.0408163265306123,30.508254127063534,16.274535226797074,Dormant
C2590,1,34761.0,34761.0,0,0.0,17.339169584792398,8.669584792396199,Dormant
C2591,1,54735.0,54735.0,0,0.0,27.331165582791396,13.665582791395698,Dormant
C2596,1,97188.0,97188.0,0,0.0,48.568284142071036,24.284142071035518,Dormant
C2597,1,50105.0,50105.0,0,0.0,25.015007503751875,12.507503751875937,Dormant
C2600,1,77072.0,77072.0,0,0.0,38.50525262631316,19.25262631315658,Dormant
C2601,1,52469.0,52469.0,0,0.0,26.197598799399703,13.098799399699852,Dormant
C2603,1,3200.0,3200.0,0,0.0,1.5507753876938468,0.7753876938469234,Dormant
C2604,1,15902.0,15902.0,0,0.0,7.90495247623812,3.95247623811906,Dormant
C2605,2,147908.0,73954.0,219,2.0408163265306123,73.94097048524262,37.99089340588662,Low-Activity
C2607,1,42492.0,42492.0,0,0.0,21.206603301650826,10.603301650825413,Dormant
C2609,2,6407.0,3203.5,17,2.0408163265306123,3.1550775387693846,2.5979469326499984,Dormant
C2610,1,81567.0,81567.0,0,0.0,40.75387693846923,20.376938469234616,Dormant
C2613,2,47094.0,23547.0,138,2.0408163265306123,23.508754377188595,12.774785351859604,Dormant
C2614,1,58304.0,58304.0,0,0.0,29.11655827913957,14.558279139569786,Dormant
C2616,1,50105.0,50105.0,0,0.0,25.015007503751875,12.507503751875937,Dormant
C2618,1,83278.0,83278.0,0,0.0,41.60980490245122,20.80490245122561,Dormant
C2619,2,54416.0,27208.0,119,2.0408163265306123,27.171585792896447,14.60620105971353,Dormant
C2620,3,89739.0,29913.0,261,4.081632653061225,44.841920960480245,24.461776806770736,Dormant
C2622,1,71801.0,71801.0,0,0.0,35.86843421710855,17.934217108554275,Dormant
C2625,2,76759.0,38379.5,202,2.0408163265306123,38.34867433716859,20.1947453318496,Dormant
C2626,1,95829.0,95829.0,0,0.0,47.888444222111055,23.944222111055527,Dormant
C2627,2,100956.0,50478.0,160,2.0408163265306123,50.453226613306654,26.247021469918632,Low-Activity
C2628,1,95887.0,95887.0,0,0.0,47.91745872936468,23.95872936468234,Dormant
C2629,3,105307.0,35102.333333333336,40,4.081632653061225,52.629814907453735,28.35572378025748,Low-Activity
C2630,1,71386.0,71386.0,0,0.0,35.660830415207606,17.830415207603803,Dormant
C2631,1,34081.0,34081.0,0,0.0,16.998999499749875,8.499499749874937,Dormant
C2633,2,133388.0,66694.0,216,2.0408163265306123,66.67733866933466,34.35907749793264,Low-Activity
C2635,2,73769.0,36884.5,173,2.0408163265306123,36.85292646323162,19.446871394881114,Dormant
C2636,2,88776.0,44388.0,68,2.0408163265306123,44.36018009004502,23.200498208287815,Dormant
C2637,1,76256.0,76256.0,0,0.0,38.097048524262135,19.048524262131068,Dormant
C2638,1,49712.0,49712.0,0,0.0,24.8184092046023,12.40920460230115,Dormant
C2639,1,6820.0,6820.0,0,0.0,3.36168084042021,1.680840420210105,Dormant
C2640,1,27799.0,27799.0,0,0.0,13.856428214107053,6.928214107053527,Dormant
C2641,1,5974.0,5974.0,0,0.0,2.9384692346173087,1.4692346173086543,Dormant
C2644,1,92654.0,92654.0,0,0.0,46.300150075037514,23.150075037518757,Dormant
C2645,3,125194.0,41731.333333333336,143,4.081632653061225,62.57828914457229,33.32996089881676,Low-Activity
C2646,3,155088.0,51696.0,320,4.081632653061225,77.5327663831916,40.80719951812641,Low-Activity
C2647,2,168630.0,84315.0,130,2.0408163265306123,84.3071535767884,43.173984951659506,Low-Activity
C2648,2,124436.0,62218.0,186,2.0408163265306123,62.199099549774886,32.11995793815275,Low-Activity
C2649,2,140506.0,70253.0,101,2.0408163265306123,70.23811905952977,36.13946769303019,Low-Activity
C2651,1,45271.0,45271.0,0,0.0,22.5967983991996,11.2983991995998,Dormant
C2652,2,106225.0,53112.5,248,2.0408163265306123,53.08904452226113,27.56493042439587,Low-Activity
C2653,1,56710.0,56710.0,0,0.0,28.319159579789893,14.159579789894947,Dormant
C2654,1,12121.0,12121.0,0,0.0,6.013506753376689,3.0067533766883443,Dormant
C2657,1,44907.0,44907.0,0,0.0,22.41470735367684,11.20735367683842,Dormant
C2658,2,144764.0,72382.0,13,2.0408163265306123,72.36818409204602,37.20450020928832,Low-Activity
C2660,2,100150.0,50075.0,124,2.0408163265306123,50.05002501250625,26.04542066951843,Low-Activity
C2661,1,23738.0,23738.0,0,0.0,11.824912456228114,5.912456228114057,Dormant
C2663,2,59680.0,29840.0,278,2.0408163265306123,29.80490245122561,15.922859388878113,Dormant
C2664,1,18726.0,18726.0,0,0.0,9.317658829414707,4.658829414707354,Dormant
C2665,1,16796.0,16796.0,0,0.0,8.352176088044022,4.176088044022011,Dormant
C2666,2,174574.0,87287.0,21,2.0408163265306123,87.28064032016009,44.66072832334535,Low-Activity
C2667,3,246908.0,82302.66666666667,96,4.081632653061225,100.0,52.04081632653061,Active
C2668,1,20843.0,20843.0,0,0.0,10.376688344172086,5.188344172086043,Dormant
C2669,1,41882.0,41882.0,0,0.0,20.90145072536268,10.45072536268134,Dormant
C2671,1,65994.0,65994.0,0,0.0,32.963481740870435,16.481740870435218,Dormant
C2672,1,80422.0,80422.0,0,0.0,40.18109054527264,20.09054527263632,Dormant
C2673,3,40683.0,13561.0,119,4.081632653061225,20.301650825412707,12.191641739236966,Dormant
C2674,2,70258.0,35129.0,123,2.0408163265306123,35.09654827413707,18.56868230033384,Dormant
C2676,1,29188.0,29188.0,0,0.0,14.55127563781891,7.275637818909455,Dormant
C2677,2,96345.0,48172.5,39,2.0408163265306123,48.146573286643324,25.093694806586967,Low-Activity
C2678,3,95436.0,31812.0,202,4.081632653061225,47.69184592296148,25.886739288011352,Low-Activity
C2679,2,146216.0,73108.0,145,2.0408163265306123,73.09454727363682,37.56768180008372,Low-Activity
C2680,1,29441.0,29441.0,0,0.0,14.67783891945973,7.338919459729865,Dormant
C2682,2,76365.0,38182.5,60,2.0408163265306123,38.15157578789395,20.09619605721228,Dormant
C2685,1,4800.0,4800.0,0,0.0,2.351175587793897,1.1755877938969486,Dormant
C2686,1,16361.0,16361.0,0,0.0,8.13456728364182,4.06728364182091,Dormant
C2687,2,178421.0,89210.5,138,2.0408163265306123,89.20510255127564,45.62295943890313,Low-Activity
C2689,4,216725.0,54181.25,151,6.122448979591836,100.0,53.06122448979592,Active
C2690,3,114932.0,38310.666666666664,302,4.081632653061225,57.44472236118059,30.763177507120908,Low-Activity
C2693,2,112128.0,56064.0,183,2.0408163265306123,56.04202101050525,29.04141866851793,Low-Activity
C2695,2,48018.0,24009.0,274,2.0408163265306123,23.970985492746376,13.005900909638495,Dormant
C2696,1,29904.0,29904.0,0,0.0,14.909454727363682,7.454727363681841,Dormant
C2699,1,8783.0,8783.0,0,0.0,4.3436718359179585,2.1718359179589792,Dormant
C2700,1,63213.0,63213.0,0,0.0,31.572286143071537,15.786143071535768,Dormant
C2701,1,83617.0,83617.0,0,0.0,41.779389694847424,20.889694847423712,Dormant
C2702,1,35257.0,35257.0,0,0.0,17.58729364682341,8.793646823411706,Dormant
C2704,1,70543.0,70543.0,0,0.0,35.239119559779894,17.619559779889947,Dormant
C2706,1,76230.0,76230.0,0,0.0,38.084042021010504,19.042021010505252,Dormant
C2707,1,68046.0,68046.0,0,0.0,33.989994997498755,16.994997498749377,Dormant
C2708,1,18555.0,18555.0,0,0.0,9.232116058029014,4.616058029014507,Dormant
C2709,2,55347.0,27673.5,14,2.0408163265306123,27.63731865932966,14.839067492930138,Dormant
C2712,1,91393.0,91393.0,0,0.0,45.669334667333665,22.834667333666832,Dormant
C2715,2,64940.0,32470.0,26,2.0408163265306123,32.43621810905453,17.23851721779257,Dormant
C2716,2,148732.0,74366.0,170,2.0408163265306123,74.35317658829415,38.19699645741238,Low-Activity
C2717,2,182165.0,91082.5,43,2.0408163265306123,91.07803901950976,46.55942767302019,Low-Activity
C2719,1,28739.0,28739.0,0,0.0,14.326663331665834,7.163331665832917,Dormant
C2721,4,206238.0,51559.5,290,6.122448979591836,100.0,53.06122448979592,Active
C2723,1,74206.0,74206.0,0,0.0,37.07153576788394,18.53576788394197,Dormant
C2724,4,284071.0,71017.75,300,6.122448979591836,100.0,53.06122448979592,Active
C2725,3,137478.0,45826.0,100,4.081632653061225,68.72336168084043,36.40249716695082,Low-Activity
C2726,1,6164.0,6164.0,0,0.0,3.0335167583791898,1.5167583791895949,Dormant
C2727,1,91318.0,91318.0,0,0.0,45.63181590795398,22.81590795397699,Dormant
C2728,1,57675.0,57675.0,0,0.0,28.80190095047524,14.40095047523762,Dormant
C2733,2,59260.0,29630.0,130,2.0408163265306123,29.594797398699352,15.817806862614983,Dormant
C2734,3,92789.0,30929.666666666668,299,4.081632653061225,46.36768384192096,25.224658247491092,Low-Activity
C2735,1,82596.0,82596.0,0,0.0,41.26863431715858,20.63431715857929,Dormant
C2736,1,85198.0,85198.0,0,0.0,42.57028514257129,21.285142571285643,Dormant
C2737,1,50105.0,50105.0,0,0.0,25.015007503751875,12.507503751875937,Dormant
C2738,1,97516.0,97516.0,0,0.0,48.73236618309155,24.366183091545775,Dormant
C2741,2,107661.0,53830.5,54,2.0408163265306123,53.80740370185092,27.924110014190767,Low-Activity
C2742,2,154000.0,77000.0,132,2.0408163265306123,76.98849424712357,39.51465528682709,Low-Activity
C2746,1,58704.0,58704.0,0,0.0,29.31665832916458,14.65832916458229,Dormant
C2749,2,41842.0,20921.0,265,2.0408163265306123,20.88144072036018,11.461128523445398,Dormant
C2750,3,63815.0,21271.666666666668,168,4.081632653061225,31.873436718359176,17.9775346857102,Dormant
C2751,2,119273.0,59636.5,170,2.0408163265306123,59.61630815407703,30.82856224030382,Low-Activity
C2752,1,64898.0,64898.0,0,0.0,32.415207603801896,16.207603801900948,Dormant
C2753,1,51349.0,51349.0,0,0.0,25.637318659329665,12.818659329664833,Dormant
C2754,3,216318.0,72106.0,55,4.081632653061225,100.0,52.04081632653061,Active
C2755,1,11035.0,11035.0,0,0.0,5.470235117558779,2.7351175587793897,Dormant
C2756,2,120017.0,60008.5,199,2.0408163265306123,59.988494247123555,31.014655286827082,Low-Activity
C2757,3,159558.0,53186.0,228,4.081632653061225,79.76888444222111,41.925258547641164,Low-Activity
C2758,1,50105.0,50105.0,0,0.0,25.015007503751875,12.507503751875937,Dormant
C2759,1,86087.0,86087.0,0,0.0,43.01500750375188,21.50750375187594,Dormant
C2760,1,52076.0,52076.0,0,0.0,26.001000500250125,13.000500250125063,Dormant
C2761,1,42769.0,42769.0,0,0.0,21.345172586293145,10.672586293146573,Dormant
C2762,2,101502.0,50751.0,75,2.0408163265306123,50.72636318159079,26.3835897540607,Low-Activity
C2763,2,36562.0,18281.0,148,2.0408163265306123,18.240120060030016,10.140468193280315,Dormant
C2764,2,107335.0,53667.5,6,2.0408163265306123,53.64432216108054,27.842569243805574,Low-Activity
C2770,1,67934.0,67934.0,0,0.0,33.93396698349175,16.966983491745875,Dormant
C2771,1,21477.0,21477.0,0,0.0,10.69384692346173,5.346923461730865,Dormant
C2772,2,14146.0,7073.0,130,2.0408163265306123,7.026513256628314,4.533664791579463,Dormant
C2773,2,84190.0,42095.0,94,2.0408163265306123,42.06603301650825,22.05342467151943,Dormant
C2774,2,109681.0,54840.5,102,2.0408163265306123,54.81790895447723,28.42936264050392,Low-Activity
C2776,1,97638.0,97638.0,0,0.0,48.79339669834917,24.396698349174585,Dormant
C2777,2,133337.0,66668.5,177,2.0408163265306123,66.65182591295647,34.34632111974354,Low-Activity
C2778,1,34921.0,34921.0,0,0.0,17.4192096048024,8.7096048024012,Dormant
C2779,3,94211.0,31403.666666666668,17,4.081632653061225,47.07903951975988,25.580336086410554,Low-Activity
C2780,1,87575.0,87575.0,0,0.0,43.75937968984493,21.879689844922463,Dormant
C2781,1,75107.0,75107.0,0,0.0,37.52226113056528,18.76113056528264,Dormant
C2782,2,65720.0,32860.0,254,2.0408163265306123,32.8264132066033,17.433614766566954,Dormant
C2784,1,50105.0,50105.0,0,0.0,25.015007503751875,12.507503751875937,Dormant
C2785,1,50105.0,50105.0,0,0.0,25.015007503751875,12.507503751875937,Dormant
C2786,1,39532.0,39532.0,0,0.0,19.72586293146573,9.862931465732865,Dormant
C2787,2,97819.0,48909.5,5,2.0408163265306123,48.8839419709855,25.462379148758053,Low-Activity
C2788,1,69169.0,69169.0,0,0.0,34.55177588794397,17.275887943971984,Dormant
C2789,3,195390.0,65130.0,172,4.081632653061225,97.69384692346173,50.88773978826148,Active
C2790,1,32708.0,32708.0,0,0.0,16.31215607803902,8.15607803901951,Dormant
C2792,1,76568.0,76568.0,0,0.0,38.25312656328164,19.12656328164082,Dormant
C2793,2,182766.0,91383.0,97,2.0408163265306123,91.37868934467234,46.70975283560148,Low-Activity
C2794,1,79771.0,79771.0,0,0.0,39.855427713856926,19.927713856928463,Dormant
C2796,1,83774.0,83774.0,0,0.0,41.85792896448224,20.92896448224112,Dormant
C2797,2,169300.0,84650.0,160,2.0408163265306123,84.6423211605803,43.341568743555456,Low-Activity
C2798,2,78404.0,39202.0,228,2.0408163265306123,39.171585792896444,20.606201059713527,Dormant
C2800,2,114383.0,57191.5,59,2.0408163265306123,57.17008504252126,29.605450684525934,Low-Activity
C2801,1,19981.0,19981.0,0,0.0,9.945472736368185,4.972736368184092,Dormant
C2802,2,78706.0,39353.0,15,2.0408163265306123,39.32266133066533,20.68173882859797,Dormant
C2804,1,21047.0,21047.0,0,0.0,10.478739369684842,5.239369684842421,Dormant
C2806,2,114612.0,57306.0,172,2.0408163265306123,57.28464232116058,29.662729323845596,Low-Activity
C2809,2,61963.0,30981.5,126,2.0408163265306123,30.946973486743374,16.493894906636992,Dormant
C2810,2,91773.0,45886.5,251,2.0408163265306123,45.85942971485743,23.95012302069402,Dormant
C2811,1,96322.0,96322.0,0,0.0,48.135067533766886,24.067533766883443,Dormant
C2812,2,112532.0,56266.0,26,2.0408163265306123,56.24412206103051,29.14246919378056,Low-Activity
C2813,2,83106.0,41553.0,220,2.0408163265306123,41.52376188094047,21.78228910373554,Dormant
C2814,1,1053.0,1053.0,0,0.0,0.4767383691845923,0.23836918459229614,Dormant
C2815,1,55804.0,55804.0,0,0.0,27.865932966483243,13.932966483241621,Dormant
C2816,2,71968.0,35984.0,185,2.0408163265306123,35.951975987994,18.996396157262303,Dormant
C2818,1,90952.0,90952.0,0,0.0,45.44872436218109,22.724362181090545,Dormant
C2819,2,93888.0,46944.0,126,2.0408163265306123,46.91745872936468,24.479137527947646,Dormant
C2820,1,89507.0,89507.0,0,0.0,44.725862931465734,22.362931465732867,Dormant
C2821,1,11410.0,11410.0,0,0.0,5.6578289144572285,2.8289144572286142,Dormant
C2823,4,241651.0,60412.75,213,6.122448979591836,100.0,53.06122448979592,Active
C2824,1,24083.0,24083.0,0,0.0,11.997498749374687,5.9987493746873435,Dormant
C2826,1,86566.0,86566.0,0,0.0,43.254627313656826,21.627313656828413,Dormant
C2827,2,50685.0,25342.5,224,2.0408163265306123,25.305152576288144,13.672984451409379,Dormant
C2828,3,205099.0,68366.33333333333,267,4.081632653061225,100.0,52.04081632653061,Active
C2829,1,63479.0,63479.0,0,0.0,31.705352676338165,15.852676338169083,Dormant
C2830,1,76006.0,76006.0,0,0.0,37.9719859929965,18.98599299649825,Dormant
C2831,2,128642.0,64321.0,245,2.0408163265306123,64.3031515757879,33.171983951159255,Low-Activity
C2832,1,39054.0,39054.0,0,0.0,19.486743371685844,9.743371685842922,Dormant
C2834,1,27005.0,27005.0,0,0.0,13.459229614807402,6.729614807403701,Dormant
C2837,1,50105.0,50105.0,0,0.0,25.015007503751875,12.507503751875937,Dormant
C2838,1,43340.0,43340.0,0,0.0,21.630815407703853,10.815407703851927,Dormant
C2840,1,3544.0,3544.0,0,0.0,1.7228614307153576,0.8614307153576788,Dormant
C2841,1,92535.0,92535.0,0,0.0,46.24062031015508,23.12031015507754,Dormant
C2842,1,10254.0,10254.0,0,0.0,5.079539769884942,2.539769884942471,Dormant
C2843,2,110038.0,55019.0,66,2.0408163265306123,54.996498249124556,28.518657287827583,Low-Activity
C2845,1,1117.0,1117.0,0,0.0,0.5087543771885943,0.25437718859429714,Dormant
C2846,1,2158.0,2158.0,0,0.0,1.0295147573786894,0.5147573786893447,Dormant
C2847,1,98611.0,98611.0,0,0.0,49.28014007003502,24.64007003501751,Dormant
C2848,2,69853.0,34926.5,144,2.0408163265306123,34.89394697348674,18.467381650008676,Dormant
C2849,2,147287.0,73643.5,44,2.0408163265306123,73.63031515757879,37.835565742054705,Low-Activity
C2850,1,50105.0,50105.0,0,0.0,25.015007503751875,12.507503751875937,Dormant
C2852,1,86050.0,86050.0,0,0.0,42.996498249124556,21.498249124562278,Dormant
C2853,1,74098.0,74098.0,0,0.0,37.01750875437719,18.508754377188595,Dormant
C2854,3,55152.0,18384.0,308,4.081632653061225,27.539769884942473,15.810701269001848,Dormant
C2855,1,54442.0,54442.0,0,0.0,27.184592296148075,13.592296148074038,Dormant
C2856,1,24060.0,24060.0,0,0.0,11.985992996498249,5.992996498249124,Dormant
C2857,2,89980.0,44990.0,74,2.0408163265306123,44.96248124062031,23.50164878357546,Dormant
C2859,1,12791.0,12791.0,0,0.0,6.3486743371685845,3.1743371685842923,Dormant
C2860,3,179448.0,59816.0,189,4.081632653061225,89.71885942971485,46.90024604138804,Low-Activity
C2861,2,64703.0,32351.5,305,2.0408163265306123,32.31765882941471,17.17923757797266,Dormant
C2863,1,96947.0,96947.0,0,0.0,48.44772386193096,24.22386193096548,Dormant
C2864,1,61696.0,61696.0,0,0.0,30.813406703351674,15.406703351675837,Dormant
C2865,1,39033.0,39033.0,0,0.0,19.47623811905953,9.738119059529765,Dormant
C2867,1,70317.0,70317.0,0,0.0,35.126063031515756,17.563031515757878,Dormant
C2868,3,103434.0,34478.0,291,4.081632653061225,51.692846423211606,27.887239538136416,Low-Activity
C2871,1,1527.0,1527.0,0,0.0,0.7138569284642321,0.35692846423211605,Dormant
C2872,2,112314.0,56157.0,74,2.0408163265306123,56.13506753376688,29.087941930148745,Low-Activity
C2873,2,46751.0,23375.5,0,2.0408163265306123,23.337168584292144,12.688992455411379,Dormant
C2874,1,52885.0,52885.0,0,0.0,26.405702851425712,13.202851425712856,Dormant
C2875,4,231121.0,57780.25,225,6.122448979591836,100.0,53.06122448979592,Active
C2876,1,72583.0,72583.0,0,0.0,36.25962981490745,18.129814907453724,Dormant
C2877,1,51839.0,51839.0,0,0.0,25.882441220610303,12.941220610305152,Dormant
C2878,1,57760.0,57760.0,0,0.0,28.844422211105552,14.422211105552776,Dormant
C2879,2,123937.0,61968.5,161,2.0408163265306123,61.94947473736868,31.995145531949646,Low-Activity
C2881,3,48100.0,16033.333333333334,248,4.081632653061225,24.012006003001503,14.046819328031363,Dormant
C2882,1,30831.0,30831.0,0,0.0,15.373186593296648,7.686593296648324,Dormant
C2883,2,126001.0,63000.5,81,2.0408163265306123,62.98199099549775,32.511403661014185,Low-Activity
C2884,3,99601.0,33200.333333333336,113,4.081632653061225,49.77538769384692,26.928510173454075,Low-Activity
C2885,2,112042.0,56021.0,95,2.0408163265306123,55.99899949974988,29.019907913140244,Low-Activity
C2887,2,135851.0,67925.5,119,2.0408163265306123,67.90945472736368,34.97513552694715,Low-Activity
C2888,1,91120.0,91120.0,0,0.0,45.5327663831916,22.7663831915958,Dormant
C2892,3,190939.0,63646.333333333336,108,4.081632653061225,95.4672336168084,49.77443313493481,Low-Activity
C2893,2,11163.0,5581.5,180,2.0408163265306123,5.534267133566784,3.787541730048698,Dormant
C2894,2,88703.0,44351.5,273,2.0408163265306123,44.323661830915455,23.182239078723033,Dormant
C2895,3,168553.0,56184.333333333336,280,4.081632653061225,84.26863431715857,44.175133485109896,Low-Activity
C2897,1,14932.0,14932.0,0,0.0,7.419709854927464,3.709854927463732,Dormant
C2898,1,33100.0,33100.0,0,0.0,16.50825412706353,8.254127063531765,Dormant
C2899,1,54306.0,54306.0,0,0.0,27.116558279139568,13.558279139569784,Dormant
C2900,3,198845.0,66281.66666666667,172,4.081632653061225,99.42221110555278,51.751921879307,Active
C2902,1,84980.0,84980.0,0,0.0,42.461230615307656,21.230615307653828,Dormant
C2903,2,91343.0,45671.5,161,2.0408163265306123,45.64432216108054,23.842569243805574,Dormant
C2906,4,138351.0,34587.75,241,6.122448979591836,69.16008004002,37.64126450980592,Low-Activity
C2907,5,283319.0,56663.8,227,8.16326530612245,100.0,54.08163265306123,Active
C2908,1,43223.0,43223.0,0,0.0,21.572286143071537,10.786143071535768,Dormant
C2909,3,176700.0,58900.0,80,4.081632653061225,88.34417208604303,46.212902369552125,Low-Activity
C2910,1,79201.0,79201.0,0,0.0,39.57028514257129,19.785142571285643,Dormant
C2912,2,80496.0,40248.0,119,2.0408163265306123,40.21810905452726,21.129462690528936,Dormant
C2913,2,102492.0,51246.0,191,2.0408163265306123,51.221610805402705,26.631213565966657,Low-Activity
C2914,2,69697.0,34848.5,237,2.0408163265306123,34.81590795397699,18.4283621402538,Dormant
C2915,1,63496.0,63496.0,0,0.0,31.713856928464235,15.856928464232118,Dormant
C2916,1,7452.0,7452.0,0,0.0,3.6778389194597296,1.8389194597298648,Dormant
C2917,2,44413.0,22206.5,254,2.0408163265306123,22.167583791895947,12.10420005921328,Dormant
C2918,1,3845.0,3845.0,0,0.0,1.8734367183591796,0.9367183591795898,Dormant
C2919,2,19881.0,9940.5,101,2.0408163265306123,9.895447723861931,5.9681320251962715,Dormant
C2920,2,104613.0,52306.5,101,2.0408163265306123,52.282641320660325,27.161728823595467,Low-Activity
C2925,3,100004.0,33334.666666666664,174,4.081632653061225,49.976988494247124,27.029310573654175,Low-Activity
C2927,2,96920.0,48460.0,218,2.0408163265306123,48.43421710855428,25.237516717542444,Low-Activity
C2928,1,50105.0,50105.0,0,0.0,25.015007503751875,12.507503751875937,Dormant
C2929,1,61634.0,61634.0,0,0.0,30.782391195597796,15.391195597798898,Dormant
C2930,1,66758.0,66758.0,0,0.0,33.34567283641821,16.672836418209105,Dormant
C2931,2,136245.0,68122.5,149,2.0408163265306123,68.10655327663831,35.07368480158446,Low-Activity
C2932,4,178854.0,44713.5,292,6.122448979591836,89.42171085542772,47.77207991750978,Low-Activity
C2933,1,74680.0,74680.0,0,0.0,37.30865432716358,18.65432716358179,Dormant
C2934,1,1340.0,1340.0,0,0.0,0.6203101550775388,0.3101550775387694,Dormant
C2936,3,135592.0,45197.333333333336,53,4.081632653061225,67.77988994497248,35.93076129901685,Low-Activity
C2937,1,58982.0,58982.0,0,0.0,29.45572786393197,14.727863931965985,Dormant
C2938,1,96119.0,96119.0,0,0.0,48.03351675837919,24.016758379189596,Dormant
C2939,2,164785.0,82392.5,25,2.0408163265306123,82.38369184592295,42.212254086226785,Low-Activity
C2940,1,19273.0,19273.0,0,0.0,9.591295647823912,4.795647823911956,Dormant
C2941,1,50105.0,50105.0,0,0.0,25.015007503751875,12.507503751875937,Dormant
C2942,1,41076.0,41076.0,0,0.0,20.49824912456228,10.24912456228114,Dormant
C2946,3,197114.0,65704.66666666667,156,4.081632653061225,98.55627813906953,51.31895539606538,Active
C2948,2,87533.0,43766.5,195,2.0408163265306123,43.738369184592294,22.889592755561452,Dormant
C2949,2,95067.0,47533.5,177,2.0408163265306123,47.50725362681341,24.77403497667201,Dormant
C2950,1,41482.0,41482.0,0,0.0,20.701350675337668,10.350675337668834,Dormant
C2951,1,88254.0,88254.0,0,0.0,44.09904952476238,22.04952476238119,Dormant
C2956,1,50105.0,50105.0,0,0.0,25.015007503751875,12.507503751875937,Dormant
C2958,1,24863.0,24863.0,0,0.0,12.387693846923462,6.193846923461731,Dormant
C2959,1,21004.0,21004.0,0,0.0,10.457228614307153,5.228614307153577,Dormant
C2960,4,120989.0,30247.25,206,6.122448979591836,60.47473736868434,33.298593174138084,Low-Activity
C2961,1,51627.0,51627.0,0,0.0,25.77638819409705,12.888194097048524,Dormant
C2963,1,25862.0,25862.0,0,0.0,12.887443721860931,6.443721860930466,Dormant
C2966,1,69586.0,69586.0,0,0.0,34.76038019009505,17.380190095047524,Dormant
C2967,1,37583.0,37583.0,0,0.0,18.750875437718857,9.375437718859429,Dormant
C2968,1,28348.0,28348.0,0,0.0,14.131065532766382,7.065532766383191,Dormant
C2969,1,78170.0,78170.0,0,0.0,39.05452726363182,19.52726363181591,Dormant
C2970,2,92861.0,46430.5,111,2.0408163265306123,46.40370185092546,24.222259088728034,Dormant
C2971,1,39793.0,39793.0,0,0.0,19.85642821410705,9.928214107053526,Dormant
C2973,2,97853.0,48926.5,337,2.0408163265306123,48.90095047523762,25.470883400884116,Low-Activity
C2974,1,39595.0,39595.0,0,0.0,19.757378689344673,9.878689344672337,Dormant
C2975,1,15596.0,15596.0,0,0.0,7.751875937968984,3.875937968984492,Dormant
C2976,1,45906.0,45906.0,0,0.0,22.914457228614307,11.457228614307153,Dormant
C2977,1,29442.0,29442.0,0,0.0,14.678339169584792,7.339169584792396,Dormant
C2980,1,95397.0,95397.0,0,0.0,47.67233616808404,23.83616808404202,Dormant
C2982,1,95979.0,95979.0,0,0.0,47.963481740870435,23.981740870435218,Dormant
C2985,2,51656.0,25828.0,94,2.0408163265306123,25.790895447723862,13.915855887127238,Dormant
C2986,4,268503.0,67125.75,235,6.122448979591836,100.0,53.06122448979592,Active
C2987,1,89068.0,89068.0,0,0.0,44.50625312656328,22.25312656328164,Dormant
C2988,1,14285.0,14285.0,0,0.0,7.096048024012005,3.5480240120060027,Dormant
C2990,2,76009.0,38004.5,113,2.0408163265306123,37.97348674337169,20.00715153495115,Dormant
C2991,1,92662.0,92662.0,0,0.0,46.30415207603802,23.15207603801901,Dormant
C2992,1,70029.0,70029.0,0,0.0,34.981990995497746,17.490995497748873,Dormant
C2993,1,34811.0,34811.0,0,0.0,17.364182091045524,8.682091045522762,Dormant
C2994,2,68835.0,34417.5,134,2.0408163265306123,34.38469234617308,18.212754336351846,Dormant
C2995,1,71380.0,71380.0,0,0.0,35.65782891445723,17.828914457228613,Dormant
C2996,3,199938.0,66646.0,149,4.081632653061225,99.96898449224612,52.02530857265367,Active
C2997,2,100774.0,50387.0,62,2.0408163265306123,50.36218109054528,26.201498708537944,Low-Activity
C2998,2,109146.0,54573.0,33,2.0408163265306123,54.55027513756878,28.295545732049696,Low-Activity
C2999,2,94019.0,47009.5,126,2.0408163265306123,46.982991495747875,24.511903911139242,Dormant
C3000,3,132632.0,44210.666666666664,169,4.081632653061225,66.29914957478739,35.190391113924306,Low-Activity
C3001,2,136085.0,68042.5,90,2.0408163265306123,68.02651325662832,35.03366479157947,Low-Activity
C3005,1,65223.0,65223.0,0,0.0,32.577788894447224,16.288894447223612,Dormant
C3007,2,162020.0,81010.0,17,2.0408163265306123,81.00050025012506,41.52065828832784,Low-Activity
C3010,1,10252.0,10252.0,0,0.0,5.078539269634817,2.5392696348174084,Dormant
C3011,3,159714.0,53238.0,285,4.081632653061225,79.84692346173087,41.964278057396044,Low-Activity
C3013,1,97743.0,97743.0,0,0.0,48.845922961480746,24.422961480740373,Dormant
C3014,3,191326.0,63775.333333333336,302,4.081632653061225,95.6608304152076,49.87123153413441,Low-Activity
C3015,2,155971.0,77985.5,49,2.0408163265306123,77.97448724362181,40.00765178507621,Low-Activity
C3016,1,27606.0,27606.0,0,0.0,13.759879939969984,6.879939969984992,Dormant
C3017,2,94831.0,47415.5,65,2.0408163265306123,47.38919459729865,24.71500546191463,Dormant
C3018,1,50364.0,50364.0,0,0.0,25.144572286143074,12.572286143071537,Dormant
C3022,1,77369.0,77369.0,0,0.0,38.653826913456726,19.326913456728363,Dormant
C3023,1,9333.0,9333.0,0,0.0,4.6188094047023505,2.3094047023511752,Dormant
C3024,3,153273.0,51091.0,222,4.081632653061225,76.6248124062031,40.35322252963216,Low-Activity
C3026,1,48300.0,48300.0,0,0.0,24.112056028014006,12.056028014007003,Dormant
C3027,1,72798.0,72798.0,0,0.0,36.3671835917959,18.18359179589795,Dormant
C3028,1,75603.0,75603.0,0,0.0,37.7703851925963,18.88519259629815,Dormant
C3031,1,15042.0,15042.0,0,0.0,7.474737368684342,3.737368684342171,Dormant
C3032,4,229149.0,57287.25,124,6.122448979591836,100.0,53.06122448979592,Active
C3033,1,63170.0,63170.0,0,0.0,31.550775387693847,15.775387693846923,Dormant
C3035,1,39640.0,39640.0,0,0.0,19.77988994497249,9.889944972486244,Dormant
C3036,1,27241.0,27241.0,0,0.0,13.577288644322161,6.788644322161081,Dormant
C3038,1,39937.0,39937.0,0,0.0,19.92846423211606,9.96423211605803,Dormant
C3040,1,93314.0,93314.0,0,0.0,46.63031515757879,23.315157578789396,Dormant
C3041,1,91967.0,91967.0,0,0.0,45.956478239119555,22.978239119559777,Dormant
C3042,1,36826.0,36826.0,0,0.0,18.372186093046523,9.186093046523261,Dormant
C3043,1,50105.0,50105.0,0,0.0,25.015007503751875,12.507503751875937,Dormant
C3044,4,114467.0,28616.75,179,6.122448979591836,57.21210605302651,31.667277516309174,Low-Activity
C3047,2,109201.0,54600.5,263,2.0408163265306123,54.577788894447224,28.309302610488917,Low-Activity
C3048,3,166441.0,55480.333333333336,101,4.081632653061225,83.21210605302652,43.64686935304387,Low-Activity
C3049,1,55976.0,55976.0,0,0.0,27.951975987994,13.975987993997,Dormant
C3050,1,56506.0,56506.0,0,0.0,28.217108554277136,14.108554277138568,Dormant
C3051,1,68599.0,68599.0,0,0.0,34.26663331665833,17.133316658329164,Dormant
C3052,1,20075.0,20075.0,0,0.0,9.992496248124063,4.996248124062031,Dormant
C3053,1,3155.0,3155.0,0,0.0,1.5282641320660328,0.7641320660330164,Dormant
C3056,1,3193.0,3193.0,0,0.0,1.5472736368184092,0.7736368184092046,Dormant
C3059,1,96268.0,96268.0,0,0.0,48.10805402701351,24.054027013506754,Dormant
C3060,1,56416.0,56416.0,0,0.0,28.172086043021512,14.086043021510756,Dormant
C3061,1,22363.0,22363.0,0,0.0,11.137068534267133,5.5685342671335665,Dormant
C3062,2,74586.0,37293.0,35,2.0408163265306123,37.261630815407706,19.651223570969158,Dormant
C3063,2,77318.0,38659.0,171,2.0408163265306123,38.62831415707854,20.334565241804576,Dormant
C3064,3,206278.0,68759.33333333333,182,4.081632653061225,100.0,52.04081632653061,Active
C3065,1,50105.0,50105.0,0,0.0,25.015007503751875,12.507503751875937,Dormant
C3066,1,50105.0,50105.0,0,0.0,25.015007503751875,12.507503751875937,Dormant
C3068,3,163031.0,54343.666666666664,203,4.081632653061225,81.50625312656328,42.79394288981225,Low-Activity
C3070,2,147343.0,73671.5,126,2.0408163265306123,73.6583291645823,37.84957274555646,Low-Activity
C3071,1,50105.0,50105.0,0,0.0,25.015007503751875,12.507503751875937,Dormant
C3072,2,124936.0,62468.0,68,2.0408163265306123,62.44922461230615,32.245020469418385,Low-Activity
C3073,2,138553.0,69276.5,291,2.0408163265306123,69.26113056528264,35.65097344590663,Low-Activity
C3074,1,51302.0,51302.0,0,0.0,25.613806903451724,12.806903451725862,Dormant
C3076,2,127689.0,63844.5,52,2.0408163265306123,63.826413206603306,32.93361476656696,Low-Activity
C3077,1,46438.0,46438.0,0,0.0,23.180590295147574,11.590295147573787,Dormant
C3079,1,75593.0,75593.0,0,0.0,37.76538269134567,18.882691345672836,Dormant
C3080,1,82549.0,82549.0,0,0.0,41.24512256128064,20.62256128064032,Dormant
C3082,1,97884.0,97884.0,0,0.0,48.91645822911455,24.458229114557277,Dormant
C3083,2,119061.0,59530.5,22,2.0408163265306123,59.51025512756378,30.775535727047195,Low-Activity
C3090,1,52486.0,52486.0,0,0.0,26.206103051525766,13.103051525762883,Dormant
C3092,1,43530.0,43530.0,0,0.0,21.725862931465734,10.862931465732867,Dormant
C3093,2,59027.0,29513.5,210,2.0408163265306123,29.47823911955978,15.759527723045197,Dormant
C3096,3,256144.0,85381.33333333333,223,4.081632653061225,100.0,52.04081632653061,Active
C3097,1,62902.0,62902.0,0,0.0,31.416708354177086,15.708354177088543,Dormant
C3098,1,43847.0,43847.0,0,0.0,21.884442221110557,10.942221110555279,Dormant
C3100,1,83959.0,83959.0,0,0.0,41.95047523761881,20.975237618809405,Dormant
C3101,1,53027.0,53027.0,0,0.0,26.476738369184595,13.238369184592298,Dormant
C3102,1,21120.0,21120.0,0,0.0,10.515257628814407,5.257628814407203,Dormant
C3103,1,7581.0,7581.0,0,0.0,3.7423711855927966,1.8711855927963983,Dormant
C3104,1,61784.0,61784.0,0,0.0,30.857428714357177,15.428714357178588,Dormant
C3105,4,198342.0,49585.5,208,6.122448979591836,99.17058529264632,52.64651713611908,Active
C3106,1,39002.0,39002.0,0,0.0,19.46073036518259,9.730365182591296,Dormant
C3107,3,163444.0,54481.333333333336,127,4.081632653061225,81.71285642821411,42.897244540637665,Low-Activity
C3108,1,87467.0,87467.0,0,0.0,43.70535267633817,21.852676338169086,Dormant
C3110,1,8987.0,8987.0,0,0.0,4.445722861430715,2.2228614307153576,Dormant
C3113,3,169734.0,56578.0,314,4.081632653061225,84.85942971485743,44.470531183959324,Low-Activity
C3114,1,39242.0,39242.0,0,0.0,19.580790395197596,9.790395197598798,Dormant
C3116,1,88877.0,88877.0,0,0.0,44.41070535267634,22.20535267633817,Dormant
C3118,1,5717.0,5717.0,0,0.0,2.809904952476238,1.404952476238119,Dormant
C3120,4,229292.0,57323.0,284,6.122448979591836,100.0,53.06122448979592,Active
C3121,1,17779.0,17779.0,0,0.0,8.84392196098049,4.421960980490245,Dormant
C3123,1,89091.0,89091.0,0,0.0,44.51775887943972,22.25887943971986,Dormant
C3125,2,68115.0,34057.5,134,2.0408163265306123,34.02451225612806,18.032664291329336,Dormant
C3130,2,73485.0,36742.5,101,2.0408163265306123,36.71085542771386,19.375835877122235,Dormant
C3131,1,12944.0,12944.0,0,0.0,6.425212606303152,3.212606303151576,Dormant
C3135,1,68005.0,68005.0,0,0.0,33.969484742371186,16.984742371185593,Dormant
C3136,1,77139.0,77139.0,0,0.0,38.538769384692344,19.269384692346172,Dormant
C3137,1,67673.0,67673.0,0,0.0,33.80340170085043,16.901700850425215,Dormant
C3138,1,35864.0,35864.0,0,0.0,17.89094547273637,8.945472736368185,Dormant
C3139,1,9131.0,9131.0,0,0.0,4.51775887943972,2.25887943971986,Dormant
C3141,1,34041.0,34041.0,0,0.0,16.978989494747374,8.489494747373687,Dormant
C3142,1,6985.0,6985.0,0,0.0,3.4442221110555273,1.7221110555277637,Dormant
C3143,2,132615.0,66307.5,60,2.0408163265306123,66.29064532266133,34.165730824595975,Low-Activity
C3147,1,50105.0,50105.0,0,0.0,25.015007503751875,12.507503751875937,Dormant
C3148,2,116932.0,58466.0,197,2.0408163265306123,58.44522261130566,30.243019468918135,Low-Activity
C3149,1,39855.0,39855.0,0,0.0,19.887443721860933,9.943721860930467,Dormant
C3151,1,25337.0,25337.0,0,0.0,12.624812406203102,6.312406203101551,Dormant
C3153,1,1620.0,1620.0,0,0.0,0.7603801900950475,0.38019009504752377,Dormant
C3155,2,117033.0,58516.5,176,2.0408163265306123,58.49574787393696,30.268282100233787,Low-Activity
C3156,2,113316.0,56658.0,102,2.0408163265306123,56.636318159079536,29.338567242805073,Low-Activity
C3158,3,202829.0,67609.66666666667,239,4.081632653061225,100.0,52.04081632653061,Active
C3159,3,205431.0,68477.0,262,4.081632653061225,100.0,52.04081632653061,Active
C3160,3,68373.0,22791.0,98,4.081632653061225,34.1535767883942,19.117604720727712,Dormant
C3161,2,126329.0,63164.5,198,2.0408163265306123,63.14607303651826,32.59344468152444,Low-Activity
C3162,2,63452.0,31726.0,51,2.0408163265306123,31.69184592296148,16.866331124746047,Dormant
C3164,1,78165.0,78165.0,0,0.0,39.052026013006504,19.526013006503252,Dormant
C3165,1,90880.0,90880.0,0,0.0,45.41270635317659,22.706353176588294,Dormant
C3166,1,39139.0,39139.0,0,0.0,19.529264632316156,9.764632316158078,Dormant
C3169,2,109836.0,54918.0,64,2.0408163265306123,54.895447723861935,28.468132025196272,Low-Activity
C3170,2,107684.0,53842.0,334,2.0408163265306123,53.81890945472736,27.929862890628986,Low-Activity
C3171,1,64967.0,64967.0,0,0.0,32.44972486243122,16.22486243121561,Dormant
C3172,2,117331.0,58665.5,234,2.0408163265306123,58.6448224112056,30.342819368868106,Low-Activity
C3173,1,52048.0,52048.0,0,0.0,25.986993496748372,12.993496748374186,Dormant
C3176,3,158062.0,52687.333333333336,176,4.081632653061225,79.02051025512756,41.55107145409439,Low-Activity
C3178,1,90605.0,90605.0,0,0.0,45.27513756878439,22.637568784392194,Dormant
C3179,3,56715.0,18905.0,235,4.081632653061225,28.321660830415208,16.201646741738216,Dormant
C3180,2,93072.0,46536.0,174,2.0408163265306123,46.50925462731366,24.275035476922135,Dormant
C3181,4,136640.0,34160.0,175,6.122448979591836,68.30415207603802,37.21330052781493,Low-Activity
C3185,1,73173.0,73173.0,0,0.0,36.55477738869435,18.277388694347174,Dormant
C3186,1,74223.0,74223.0,0,0.0,37.08004002001001,18.540020010005005,Dormant
C3187,1,82110.0,82110.0,0,0.0,41.02551275637819,20.512756378189096,Dormant
C3190,2,103104.0,51552.0,55,2.0408163265306123,51.52776388194097,26.78429010423579,Low-Activity
C3191,1,50105.0,50105.0,0,0.0,25.015007503751875,12.507503751875937,Dormant
C3192,1,63482.0,63482.0,0,0.0,31.706853426713355,15.853426713356678,Dormant
C3193,1,43521.0,43521.0,0,0.0,21.721360680340172,10.860680340170086,Dormant
C3195,1,11121.0,11121.0,0,0.0,5.513256628314157,2.7566283141570787,Dormant
C3196,5,309996.0,61999.2,230,8.16326530612245,100.0,54.08163265306123,Active
C3197,1,77024.0,77024.0,0,0.0,38.48124062031015,19.240620310155077,Dormant
C3198,2,76500.0,38250.0,180,2.0408163265306123,38.21910955477739,20.129962940654,Dormant
C3200,1,50105.0,50105.0,0,0.0,25.015007503751875,12.507503751875937,Dormant
C3203,1,10619.0,10619.0,0,0.0,5.262131065532767,2.6310655327663834,Dormant
C3204,2,69220.0,34610.0,74,2.0408163265306123,34.57728864432216,18.309052485426385,Dormant
C3205,2,23870.0,11935.0,38,2.0408163265306123,11.890945472736368,6.96588089963349,Dormant
C3207,1,50105.0,50105.0,0,0.0,25.015007503751875,12.507503751875937,Dormant
C3208,1,50105.0,50105.0,0,0.0,25.015007503751875,12.507503751875937,Dormant
C3210,1,41871.0,41871.0,0,0.0,20.895947973986996,10.447973986993498,Dormant
C3211,1,50105.0,50105.0,0,0.0,25.015007503751875,12.507503751875937,Dormant
C3212,2,183079.0,91539.5,142,2.0408163265306123,91.53526763381691,46.788041980173766,Low-Activity
C3217,3,250782.0,83594.0,82,4.081632653061225,100.0,52.04081632653061,Active
C3218,1,86324.0,86324.0,0,0.0,43.1335667833917,21.56678339169585,Dormant
C3219,1,56098.0,56098.0,0,0.0,28.013006503251624,14.006503251625812,Dormant
C3220,2,109656.0,54828.0,11,2.0408163265306123,54.80540270135068,28.423109513940645,Low-Activity
C3222,1,80539.0,80539.0,0,0.0,40.23961980990495,20.119809904952476,Dormant
C3223,1,50105.0,50105.0,0,0.0,25.015007503751875,12.507503751875937,Dormant
C3224,3,148146.0,49382.0,22,4.081632653061225,74.0600300150075,39.07083133403436,Low-Activity
C3226,2,131827.0,65913.5,63,2.0408163265306123,65.89644822411206,33.96863227532134,Low-Activity
C3229,1,4903.0,4903.0,0,0.0,2.4027013506753376,1.2013506753376688,Dormant
C3230,2,113388.0,56694.0,31,2.0408163265306123,56.67233616808404,29.356576247307324,Low-Activity
C3233,2,42988.0,21494.0,1,2.0408163265306123,21.45472736368184,11.747771845106227,Dormant
C3235,1,88253.0,88253.0,0,0.0,44.098549274637314,22.049274637318657,Dormant
C3237,1,46108.0,46108.0,0,0.0,23.01550775387694,11.50775387693847,Dormant
C3239,1,50105.0,50105.0,0,0.0,25.015007503751875,12.507503751875937,Dormant
C3240,2,97368.0,48684.0,99,2.0408163265306123,48.65832916458229,25.34957274555645,Low-Activity
C3241,1,59841.0,59841.0,0,0.0,29.88544272136068,14.94272136068034,Dormant
C3242,3,109573.0,36524.333333333336,77,4.081632653061225,54.763881940970485,29.422757297015856,Low-Activity
C3243,3,143201.0,47733.666666666664,54,4.081632653061225,71.58629314657328,37.83396289981725,Low-Activity
C3244,2,83331.0,41665.5,240,2.0408163265306123,41.636318159079536,21.838567242805073,Dormant
C3247,1,83981.0,83981.0,0,0.0,41.961480740370185,20.980740370185092,Dormant
C3248,1,34896.0,34896.0,0,0.0,17.406703351675837,8.703351675837919,Dormant
C3251,2,134478.0,67239.0,112,2.0408163265306123,67.22261130565282,34.63171381609172,Low-Activity
C3253,1,46312.0,46312.0,0,0.0,23.117558779389693,11.558779389694847,Dormant
C3255,2,134239.0,67119.5,148,2.0408163265306123,67.10305152576288,34.57193392614675,Low-Activity
C3256,1,37810.0,37810.0,0,0.0,18.864432216108053,9.432216108054027,Dormant
C3257,1,55930.0,55930.0,0,0.0,27.92896448224112,13.96448224112056,Dormant
C3258,2,56171.0,28085.5,6,2.0408163265306123,28.04952476238119,15.045170544455901,Dormant
C3259,2,80786.0,40393.0,98,2.0408163265306123,40.3631815907954,21.201998958663005,Dormant
C3260,1,43766.0,43766.0,0,0.0,21.843921960980488,10.921960980490244,Dormant
C3261,4,160388.0,40097.0,209,6.122448979591836,80.18409204602301,43.153270512807424,Low-Activity
C3262,2,128791.0,64395.5,85,2.0408163265306123,64.37768884442221,33.20925258547641,Low-Activity
C3263,2,163260.0,81630.0,63,2.0408163265306123,81.6208104052026,41.83081336586661,Low-Activity
C3265,1,50105.0,50105.0,0,0.0,25.015007503751875,12.507503751875937,Dormant
C3268,2,69070.0,34535.0,159,2.0408163265306123,34.502251125562786,18.271533726046698,Dormant
C3269,1,50654.0,50654.0,0,0.0,25.289644822411205,12.644822411205602,Dormant
C3272,1,36655.0,36655.0,0,0.0,18.28664332166083,9.143321660830415,Dormant
C3273,1,86231.0,86231.0,0,0.0,43.08704352176088,21.54352176088044,Dormant
C3274,2,43125.0,21562.5,61,2.0408163265306123,21.52326163081541,11.782038978673011,Dormant
C3276,2,98789.0,49394.5,134,2.0408163265306123,49.36918459229615,25.70500045941338,Low-Activity
C3278,1,28238.0,28238.0,0,0.0,14.076038019009504,7.038019009504752,Dormant
C3279,1,6120.0,6120.0,0,0.0,3.011505752876438,1.505752876438219,Dormant
C3280,1,36947.0,36947.0,0,0.0,18.432716358179093,9.216358179089546,Dormant
C3282,2,124717.0,62358.5,10,2.0408163265306123,62.33966983491746,32.19024308072404,Low-Activity
C3283,3,164833.0,54944.333333333336,128,4.081632653061225,82.40770385192596,43.24466825249359,Low-Activity
C3284,2,23633.0,11816.5,144,2.0408163265306123,11.772386193096548,6.90660125981358,Dormant
C3285,2,116721.0,58360.5,3,2.0408163265306123,58.339669834917466,30.190243080724038,Low-Activity
C3287,1,29902.0,29902.0,0,0.0,14.908454227113557,7.454227113556779,Dormant
C3289,2,74990.0,37495.0,115,2.0408163265306123,37.463731865932964,19.752274096231787,Dormant
C3292,2,138508.0,69254.0,24,2.0408163265306123,69.23861930965482,35.63971781809272,Low-Activity
C3293,2,139388.0,69694.0,60,2.0408163265306123,69.67883941970986,35.85982787312024,Low-Activity
C3294,2,21957.0,10978.5,262,2.0408163265306123,10.933966983491745,6.487391655011178,Dormant
C3295,1,79634.0,79634.0,0,0.0,39.78689344672336,19.89344672336168,Dormant
C3296,3,89017.0,29672.333333333332,80,4.081632653061225,44.48074037018509,24.281186511623158,Dormant
C3297,1,86395.0,86395.0,0,0.0,43.169084542271136,21.584542271135568,Dormant
C3302,1,50105.0,50105.0,0,0.0,25.015007503751875,12.507503751875937,Dormant
C3303,1,82411.0,82411.0,0,0.0,41.176088044022016,20.588044022011008,Dormant
C3305,1,98076.0,98076.0,0,0.0,49.01250625312657,24.506253126563283,Dormant
C3306,1,13363.0,13363.0,0,0.0,6.634817408704352,3.317408704352176,Dormant
C3307,2,86301.0,43150.5,73,2.0408163265306123,43.122061030515255,22.581438678522932,Dormant
C3309,1,60700.0,60700.0,0,0.0,30.315157578789393,15.157578789394696,Dormant
C3311,2,142296.0,71148.0,221,2.0408163265306123,71.1335667833917,36.58719155496116,Low-Activity
C3313,1,50105.0,50105.0,0,0.0,25.015007503751875,12.507503751875937,Dormant
C3314,1,89367.0,89367.0,0,0.0,44.65582791395698,22.32791395697849,Dormant
C3316,1,64870.0,64870.0,0,0.0,32.40120060030015,16.200600300150075,Dormant
C3317,1,52768.0,52768.0,0,0.0,26.3471735867934,13.1735867933967,Dormant
C3321,2,125478.0,62739.0,40,2.0408163265306123,62.72036018009004,32.38058825331033,Low-Activity
C3322,3,206770.0,68923.33333333333,297,4.081632653061225,100.0,52.04081632653061,Active
C3324,1,71059.0,71059.0,0,0.0,35.49724862431216,17.74862431215608,Dormant
C3326,1,32764.0,32764.0,0,0.0,16.340170085042523,8.170085042521261,Dormant
C3327,3,143043.0,47681.0,94,4.081632653061225,71.50725362681341,37.794443139937314,Low-Activity
C3328,1,10801.0,10801.0,0,0.0,5.353176588294147,2.6765882941470736,Dormant
C3329,1,38509.0,38509.0,0,0.0,19.214107053526764,9.607053526763382,Dormant
C3330,4,265433.0,66358.25,300,6.122448979591836,100.0,53.06122448979592,Active
C3335,1,42995.0,42995.0,0,0.0,21.458229114557277,10.729114557278638,Dormant
C3336,2,111391.0,55695.5,226,2.0408163265306123,55.67333666833417,28.85707649743239,Low-Activity
C3337,1,71951.0,71951.0,0,0.0,35.94347173586793,17.971735867933965,Dormant
C3338,2,54154.0,27077.0,49,2.0408163265306123,27.040520260130062,14.540668293330338,Dormant
C3339,1,91456.0,91456.0,0,0.0,45.70085042521261,22.850425212606304,Dormant
C3340,1,24001.0,24001.0,0,0.0,11.95647823911956,5.97823911955978,Dormant
C3341,1,8558.0,8558.0,0,0.0,4.23111555777889,2.115557778889445,Dormant
C3343,2,55527.0,27763.5,163,2.0408163265306123,27.72736368184092,14.884090004185767,Dormant
C3345,1,13136.0,13136.0,0,0.0,6.521260630315158,3.260630315157579,Dormant
C3346,1,34145.0,34145.0,0,0.0,17.031015507753878,8.515507753876939,Dormant
C3347,2,114544.0,57272.0,111,2.0408163265306123,57.25062531265633,29.64572081959347,Low-Activity
C3349,3,75196.0,25065.333333333332,54,4.081632653061225,37.56678339169584,20.824208022378535,Dormant
C3350,1,67962.0,67962.0,0,0.0,33.947973986993496,16.973986993496748,Dormant
C3352,1,68789.0,68789.0,0,0.0,34.36168084042021,17.180840420210107,Dormant
C3353,1,27498.0,27498.0,0,0.0,13.705852926463233,6.852926463231617,Dormant
C3354,1,50105.0,50105.0,0,0.0,25.015007503751875,12.507503751875937,Dormant
C3355,2,97331.0,48665.5,85,2.0408163265306123,48.63981990995498,25.340318118242795,Low-Activity
C3356,2,51406.0,25703.0,93,2.0408163265306123,25.665832916458232,13.853324621494423,Dormant
C3359,1,10407.0,10407.0,0,0.0,5.15607803901951,2.578039019509755,Dormant
C3361,1,88007.0,88007.0,0,0.0,43.97548774387194,21.98774387193597,Dormant
C3362,1,50105.0,50105.0,0,0.0,25.015007503751875,12.507503751875937,Dormant
C3363,1,41033.0,41033.0,0,0.0,20.47673836918459,10.238369184592296,Dormant
C3364,1,35123.0,35123.0,0,0.0,17.520260130065033,8.760130065032516,Dormant
C3365,3,159639.0,53213.0,162,4.081632653061225,79.80940470235117,41.9455186777062,Low-Activity
C3366,1,48931.0,48931.0,0,0.0,24.427713856928467,12.213856928464233,Dormant
C3367,1,36514.0,36514.0,0,0.0,18.216108054027014,9.108054027013507,Dormant
C3368,4,165899.0,41474.75,266,6.122448979591836,82.94097048524263,44.531709732417234,Low-Activity
C3369,1,52145.0,52145.0,0,0.0,26.03551775887944,13.01775887943972,Dormant
C3370,1,90736.0,90736.0,0,0.0,45.34067033516758,22.67033516758379,Dormant
C3371,2,171915.0,85957.5,89,2.0408163265306123,85.9504752376188,43.99564578207471,Low-Activity
C3372,1,42662.0,42662.0,0,0.0,21.291645822911455,10.645822911455728,Dormant
C3373,1,3139.0,3139.0,0,0.0,1.5202601300650325,0.7601300650325162,Dormant
C3374,1,74193.0,74193.0,0,0.0,37.06503251625813,18.532516258129064,Dormant
C3376,2,100210.0,50105.0,208,2.0408163265306123,50.08004002001001,26.06042817327031,Low-Activity
C3377,2,135664.0,67832.0,152,2.0408163265306123,67.81590795397699,34.9283621402538,Low-Activity
C3378,1,56550.0,56550.0,0,0.0,28.23911955977989,14.119559779889945,Dormant
C3379,1,77974.0,77974.0,0,0.0,38.956478239119555,19.478239119559777,Dormant
C3381,1,97196.0,97196.0,0,0.0,48.57228614307154,24.28614307153577,Dormant
C3382,2,110451.0,55225.5,155,2.0408163265306123,55.20310155077539,28.621958938653002,Low-Activity
C3383,2,100186.0,50093.0,187,2.0408163265306123,50.0680340170085,26.054425171769555,Low-Activity
C3384,2,98347.0,49173.5,69,2.0408163265306123,49.14807403701851,25.59444518177456,Low-Activity
C3385,2,84638.0,42319.0,30,2.0408163265306123,42.29014507253627,22.16548069953344,Dormant
C3387,2,109254.0,54627.0,89,2.0408163265306123,54.60430215107554,28.322559238803073,Low-Activity
C3389,1,77962.0,77962.0,0,0.0,38.95047523761881,19.475237618809405,Dormant
C3393,1,70790.0,70790.0,0,0.0,35.362681340670335,17.681340670335167,Dormant
C3394,1,69060.0,69060.0,0,0.0,34.49724862431216,17.24862431215608,Dormant
C3395,1,12543.0,12543.0,0,0.0,6.224612306153077,3.1123061530765384,Dormant
C3396,1,80365.0,80365.0,0,0.0,40.15257628814407,20.076288144072034,Dormant
C3397,2,76681.0,38340.5,63,2.0408163265306123,38.30965482741371,20.17523557697216,Dormant
C3398,1,12492.0,12492.0,0,0.0,6.199099549774887,3.0995497748874437,Dormant
C3399,1,50105.0,50105.0,0,0.0,25.015007503751875,12.507503751875937,Dormant
C3400,1,69133.0,69133.0,0,0.0,34.53376688344172,17.26688344172086,Dormant
C3401,1,36536.0,36536.0,0,0.0,18.22711355677839,9.113556778389196,Dormant
C3402,2,86865.0,43432.5,48,2.0408163265306123,43.40420210105053,22.72250921379057,Dormant
C3403,1,94579.0,94579.0,0,0.0,47.26313156578289,23.631565782891446,Dormant
C3407,1,47917.0,47917.0,0,0.0,23.920460230115058,11.960230115057529,Dormant
C3408,1,79263.0,79263.0,0,0.0,39.60130065032516,19.80065032516258,Dormant
C3409,2,146659.0,73329.5,185,2.0408163265306123,73.31615807903951,37.678487202785064,Low-Activity
C3410,1,59519.0,59519.0,0,0.0,29.724362181090548,14.862181090545274,Dormant
C3411,1,50105.0,50105.0,0,0.0,25.015007503751875,12.507503751875937,Dormant
C3413,1,66908.0,66908.0,0,0.0,33.42071035517759,16.710355177588795,Dormant
C3415,5,233591.0,46718.2,336,8.16326530612245,100.0,54.08163265306123,Active
C3416,2,99034.0,49517.0,133,2.0408163265306123,49.49174587293646,25.766281099733536,Low-Activity
C3418,2,148704.0,74352.0,164,2.0408163265306123,74.3391695847924,38.18999295566151,Low-Activity
C3419,3,185286.0,61762.0,188,4.081632653061225,92.63931965982991,48.360476156445564,Low-Activity
C3421,2,58234.0,29117.0,290,2.0408163265306123,29.081540770385196,15.561178548457905,Dormant
C3422,2,71720.0,35860.0,259,2.0408163265306123,35.82791395697849,18.93436514175455,Dormant
C3423,1,34046.0,34046.0,0,0.0,16.98149074537269,8.490745372686344,Dormant
C3424,1,49202.0,49202.0,0,0.0,24.56328164082041,12.281640820410205,Dormant
C3426,2,35515.0,17757.5,16,2.0408163265306123,17.716358179089546,9.87858725281008,Dormant
C3427,1,69379.0,69379.0,0,0.0,34.656828414207105,17.328414207103553,Dormant
C3428,5,289600.0,57920.0,210,8.16326530612245,100.0,54.08163265306123,Active
C3429,2,103426.0,51713.0,85,2.0408163265306123,51.68884442221111,26.86483037437086,Low-Activity
C3430,2,190617.0,95308.5,5,2.0408163265306123,95.30615307653827,48.67348470153444,Low-Activity
C3431,2,102055.0,51027.5,182,2.0408163265306123,51.00300150075038,26.521908913640495,Low-Activity
C3432,1,50105.0,50105.0,0,0.0,25.015007503751875,12.507503751875937,Dormant
C3433,3,218242.0,72747.33333333333,293,4.081632653061225,100.0,52.04081632653061,Active
C3434,1,62809.0,62809.0,0,0.0,31.370185092546272,15.685092546273136,Dormant
C3436,1,10747.0,10747.0,0,0.0,5.326163081540771,2.6630815407703854,Dormant
C3437,1,38132.0,38132.0,0,0.0,19.025512756378188,9.512756378189094,Dormant
C3438,1,43808.0,43808.0,0,0.0,21.864932466233117,10.932466233116559,Dormant
C3440,3,169013.0,56337.666666666664,24,4.081632653061225,84.49874937468735,44.290191013874285,Low-Activity
C3441,1,77120.0,77120.0,0,0.0,38.529264632316156,19.264632316158078,Dormant
C3443,2,109185.0,54592.5,131,2.0408163265306123,54.56978489244623,28.30530060948842,Low-Activity
C3446,1,90757.0,90757.0,0,0.0,45.3511755877939,22.67558779389695,Dormant
C3451,1,58501.0,58501.0,0,0.0,29.215107553776885,14.607553776888443,Dormant
C3454,3,222891.0,74297.0,261,4.081632653061225,100.0,52.04081632653061,Active
C3456,1,2294.0,2294.0,0,0.0,1.0975487743871934,0.5487743871935967,Dormant
C3460,4,138661.0,34665.25,281,6.122448979591836,69.3151575787894,37.71880327919062,Low-Activity
C3461,2,85319.0,42659.5,120,2.0408163265306123,42.63081540770386,22.335815867117233,Dormant
C3462,2,107888.0,53944.0,22,2.0408163265306123,53.92096048024012,27.980888403385364,Low-Activity
C3463,1,50105.0,50105.0,0,0.0,25.015007503751875,12.507503751875937,Dormant
C3464,1,30584.0,30584.0,0,0.0,15.249624812406203,7.624812406203102,Dormant
C3465,1,20956.0,20956.0,0,0.0,10.433216608304152,5.216608304152076,Dormant
C3466,3,74917.0,24972.333333333332,345,4.081632653061225,37.4272136068034,20.754423129932313,Dormant
C3468,2,59913.0,29956.5,171,2.0408163265306123,29.921460730365183,15.981138528447898,Dormant
C3469,1,5878.0,5878.0,0,0.0,2.8904452226113055,1.4452226113056528,Dormant
C3470,1,38865.0,38865.0,0,0.0,19.392196098049023,9.696098049024512,Dormant
C3472,3,156663.0,52221.0,219,4.081632653061225,78.32066033016508,41.20114649161315,Low-Activity
C3475,1,33934.0,33934.0,0,0.0,16.925462731365684,8.462731365682842,Dormant
C3476,1,88362.0,88362.0,0,0.0,44.15307653826914,22.07653826913457,Dormant
C3477,1,82555.0,82555.0,0,0.0,41.24812406203102,20.62406203101551,Dormant
C3479,2,156044.0,78022.0,180,2.0408163265306123,78.01100550275137,40.025910914640995,Low-Activity
C3482,1,68858.0,68858.0,0,0.0,34.39619809904953,17.198099049524764,Dormant
C3484,1,9834.0,9834.0,0,0.0,4.86943471735868,2.43471735867934,Dormant
C3486,3,134970.0,44990.0,47,4.081632653061225,67.46873436718359,35.7751835101224,Low-Activity
C3488,1,67982.0,67982.0,0,0.0,33.95797898949475,16.978989494747374,Dormant
C3489,1,69810.0,69810.0,0,0.0,34.87243621810905,17.436218109054526,Dormant
C3490,1,47927.0,47927.0,0,0.0,23.92546273136568,11.96273136568284,Dormant
C3491,1,31114.0,31114.0,0,0.0,15.514757378689344,7.757378689344672,Dormant
C3492,1,50105.0,50105.0,0,0.0,25.015007503751875,12.507503751875937,Dormant
C3493,1,50105.0,50105.0,0,0.0,25.015007503751875,12.507503751875937,Dormant
C3494,1,45611.0,45611.0,0,0.0,22.76688344172086,11.38344172086043,Dormant
C3496,2,81048.0,40524.0,203,2.0408163265306123,40.494247123561784,21.267531725046197,Dormant
C3497,1,86272.0,86272.0,0,0.0,43.107553776888444,21.553776888444222,Dormant
C3500,2,81831.0,40915.5,7,2.0408163265306123,40.88594297148575,21.46337964900818,Dormant
C3502,2,70828.0,35414.0,38,2.0408163265306123,35.38169084542271,18.71125358597666,Dormant
C3504,4,98100.0,24525.0,59,6.122448979591836,49.02451225612807,27.573480617859953,Low-Activity
C3505,1,93980.0,93980.0,0,0.0,46.963481740870435,23.481740870435218,Dormant
C3506,2,142207.0,71103.5,269,2.0408163265306123,71.08904452226113,36.564930424395875,Low-Activity
C3507,1,72610.0,72610.0,0,0.0,36.273136568284144,18.136568284142072,Dormant
C3508,1,57218.0,57218.0,0,0.0,28.57328664332166,14.28664332166083,Dormant
C3509,1,50105.0,50105.0,0,0.0,25.015007503751875,12.507503751875937,Dormant
C3510,1,77327.0,77327.0,0,0.0,38.6328164082041,19.31640820410205,Dormant
C3511,5,287757.0,57551.4,242,8.16326530612245,100.0,54.08163265306123,Active
C3513,4,183000.0,45750.0,358,6.122448979591836,91.49574787393698,48.80909842676441,Low-Activity
C3514,2,110918.0,55459.0,83,2.0408163265306123,55.436718359179594,28.738767342855102,Low-Activity
C3515,2,108993.0,54496.5,47,2.0408163265306123,54.473736868434216,28.257276597482413,Low-Activity
C3520,2,140975.0,70487.5,31,2.0408163265306123,70.4727363681841,36.25677634735736,Low-Activity
C3521,1,53193.0,53193.0,0,0.0,26.559779889944974,13.279889944972487,Dormant
C3523,2,100210.0,50105.0,1,2.0408163265306123,50.08004002001001,26.06042817327031,Low-Activity
C3524,2,183307.0,91653.5,224,2.0408163265306123,91.64932466233117,46.84507049443089,Low-Activity
C3526,1,81252.0,81252.0,0,0.0,40.59629814907454,20.29814907453727,Dormant
C3529,2,46021.0,23010.5,116,2.0408163265306123,22.971985992996498,12.506401159763556,Dormant
C3530,1,69581.0,69581.0,0,0.0,34.757878939469734,17.378939469734867,Dormant
C3532,1,82339.0,82339.0,0,0.0,41.14007003501751,20.570035017508754,Dormant
C3535,2,42193.0,21096.5,161,2.0408163265306123,21.05702851425713,11.548922420393872,Dormant
C3537,1,30692.0,30692.0,0,0.0,15.303651825912956,7.651825912956478,Dormant
C3538,2,131904.0,65952.0,188,2.0408163265306123,65.93496748374187,33.987891905136244,Low-Activity
C3539,2,77963.0,38981.5,11,2.0408163265306123,38.950975487743875,20.495895907137243,Dormant
C3541,2,108332.0,54166.0,106,2.0408163265306123,54.14307153576788,28.091943931149245,Low-Activity
C3542,1,65436.0,65436.0,0,0.0,32.68434217108555,16.342171085542773,Dormant
C3544,2,180087.0,90043.5,142,2.0408163265306123,90.03851925962981,46.03966779308021,Low-Activity
C3547,3,122668.0,40889.333333333336,113,4.081632653061225,61.31465732866433,32.69814499086278,Low-Activity
C3550,2,105910.0,52955.0,114,2.0408163265306123,52.931465732866435,27.486141029698523,Low-Activity
C3551,2,124928.0,62464.0,126,2.0408163265306123,62.44522261130565,32.243019468918135,Low-Activity
C3552,1,70656.0,70656.0,0,0.0,35.295647823911956,17.647823911955978,Dormant
C3553,1,69598.0,69598.0,0,0.0,34.76638319159579,17.383191595797896,Dormant
C3555,4,156913.0,39228.25,151,6.122448979591836,78.44572286143071,42.284085920511274,Low-Activity
C3557,1,46809.0,46809.0,0,0.0,23.36618309154577,11.683091545772886,Dormant
C3558,1,13963.0,13963.0,0,0.0,6.93496748374187,3.467483741870935,Dormant
C3560,2,130605.0,65302.5,309,2.0408163265306123,65.28514257128565,33.66297944890813,Low-Activity
C3561,1,91305.0,91305.0,0,0.0,45.62531265632816,22.81265632816408,Dormant
C3563,1,42881.0,42881.0,0,0.0,21.40120060030015,10.700600300150075,Dormant
C3565,2,148602.0,74301.0,217,2.0408163265306123,74.28814407203602,38.16448019928332,Low-Activity
C3566,2,54136.0,27068.0,249,2.0408163265306123,27.03151575787894,14.536166042204776,Dormant
C3567,2,109791.0,54895.5,0,2.0408163265306123,54.872936468234116,28.456876397382363,Low-Activity
C3568,4,173533.0,43383.25,205,6.122448979591836,86.75987993996999,46.441164459780914,Low-Activity
C3569,1,60133.0,60133.0,0,0.0,30.03151575787894,15.01575787893947,Dormant
C3572,1,95335.0,95335.0,0,0.0,47.641320660330166,23.820660330165083,Dormant
C3573,1,55295.0,55295.0,0,0.0,27.611305652826413,13.805652826413207,Dormant
C3575,3,104647.0,34882.333333333336,97,4.081632653061225,52.29964982491245,28.19064123898684,Low-Activity
C3576,1,72509.0,72509.0,0,0.0,36.222611305652826,18.111305652826413,Dormant
C3577,2,27516.0,13758.0,269,2.0408163265306123,13.714857428714359,7.877836877622485,Dormant
C3580,3,237393.0,79131.0,154,4.081632653061225,100.0,52.04081632653061,Active
C3581,4,276534.0,69133.5,226,6.122448979591836,100.0,53.06122448979592,Active
C3582,1,50105.0,50105.0,0,0.0,25.015007503751875,12.507503751875937,Dormant
C3586,1,55800.0,55800.0,0,0.0,27.863931965982992,13.931965982991496,Dormant
C3587,3,131023.0,43674.333333333336,14,4.081632653061225,65.49424712356178,34.7879398883115,Low-Activity
C3588,1,3200.0,3200.0,0,0.0,1.5507753876938468,0.7753876938469234,Dormant
C3590,3,168049.0,56016.333333333336,214,4.081632653061225,84.01650825412706,44.04907045359414,Low-Activity
C3591,2,104031.0,52015.5,1,2.0408163265306123,51.99149574787394,27.016156037202276,Low-Activity
C3592,1,73040.0,73040.0,0,0.0,36.48824412206103,18.244122061030517,Dormant
C3593,3,109401.0,36467.0,112,4.081632653061225,54.67783891945973,29.37973578626048,Low-Activity
C3594,2,132202.0,66101.0,184,2.0408163265306123,66.0840420210105,34.06242917377056,Low-Activity
C3597,4,130714.0,32678.5,164,6.122448979591836,65.33966983491746,35.73105940725465,Low-Activity
C3598,1,29904.0,29904.0,0,0.0,14.909454727363682,7.454727363681841,Dormant
C3599,2,90772.0,45386.0,25,2.0408163265306123,45.358679339669834,23.699747833100222,Dormant
C3600,2,94090.0,47045.0,183,2.0408163265306123,47.01850925462731,24.52966279057896,Dormant
C3601,1,94279.0,94279.0,0,0.0,47.11305652826413,23.556528264132066,Dormant
C3603,2,148547.0,74273.5,265,2.0408163265306123,74.26063031515758,38.1507233208441,Low-Activity
C3604,2,142143.0,71071.5,87,2.0408163265306123,71.05702851425713,36.54892242039387,Low-Activity
C3606,3,183845.0,61281.666666666664,273,4.081632653061225,91.91845922961481,48.000045941338016,Low-Activity
C3607,2,86897.0,43448.5,212,2.0408163265306123,43.420210105052526,22.730513215791568,Dormant
C3610,2,106771.0,53385.5,188,2.0408163265306123,53.36218109054527,27.70149870853794,Low-Activity
C3611,1,33473.0,33473.0,0,0.0,16.694847423711856,8.347423711855928,Dormant
C3612,1,50105.0,50105.0,0,0.0,25.015007503751875,12.507503751875937,Dormant
C3617,1,98257.0,98257.0,0,0.0,49.10305152576288,24.55152576288144,Dormant
C3618,2,107436.0,53718.0,150,2.0408163265306123,53.694847423711856,27.867831875121233,Low-Activity
C3620,1,9134.0,9134.0,0,0.0,4.519259629814908,2.259629814907454,Dormant
C3623,1,23992.0,23992.0,0,0.0,11.951975987993997,5.975987993996998,Dormant
C3624,1,50105.0,50105.0,0,0.0,25.015007503751875,12.507503751875937,Dormant
C3625,1,46062.0,46062.0,0,0.0,22.992496248124063,11.496248124062031,Dormant
C3627,1,55169.0,55169.0,0,0.0,27.548274137068535,13.774137068534268,Dormant
C3630,1,13411.0,13411.0,0,0.0,6.658829414707354,3.329414707353677,Dormant
C3632,1,15142.0,15142.0,0,0.0,7.5247623811905955,3.7623811905952977,Dormant
C3634,2,122492.0,61246.0,16,2.0408163265306123,61.22661330665332,31.633714816591965,Low-Activity
C3635,1,11162.0,11162.0,0,0.0,5.533766883441721,2.7668834417208603,Dormant
C3637,1,77771.0,77771.0,0,0.0,38.85492746373186,19.42746373186593,Dormant
C3639,2,139242.0,69621.0,13,2.0408163265306123,69.60580290145073,35.82330961399067,Low-Activity
C3642,2,151876.0,75938.0,37,2.0408163265306123,75.92596298149074,38.98338965401068,Low-Activity
C3643,1,87708.0,87708.0,0,0.0,43.82591295647824,21.91295647823912,Dormant
C3644,1,56451.0,56451.0,0,0.0,28.189594797398698,14.094797398699349,Dormant
C3645,3,183637.0,61212.333333333336,190,4.081632653061225,91.8144072036018,47.94801992833151,Low-Activity
C3646,2,61378.0,30689.0,113,2.0408163265306123,30.65432716358179,16.3475717450562,Dormant
C3648,1,89591.0,89591.0,0,0.0,44.767883941970986,22.383941970985493,Dormant
C3649,2,97800.0,48900.0,3,2.0408163265306123,48.87443721860931,25.45762677256996,Low-Activity
C3650,1,71214.0,71214.0,0,0.0,35.57478739369685,17.787393696848426,Dormant
C3651,1,54413.0,54413.0,0,0.0,27.170085042521258,13.585042521260629,Dormant
C3653,3,173099.0,57699.666666666664,166,4.081632653061225,86.54277138569284,45.31220201937703,Low-Activity
C3654,2,36599.0,18299.5,272,2.0408163265306123,18.25862931465733,10.149722820593972,Dormant
C3655,1,50105.0,50105.0,0,0.0,25.015007503751875,12.507503751875937,Dormant
C3657,2,32898.0,16449.0,63,2.0408163265306123,16.4072036018009,9.224009964165758,Dormant
C3658,2,159513.0,79756.5,62,2.0408163265306123,79.7463731865933,40.89359475656196,Low-Activity
C3659,3,235787.0,78595.66666666667,273,4.081632653061225,100.0,52.04081632653061,Active
C3660,1,83255.0,83255.0,0,0.0,41.598299149574785,20.799149574787393,Dormant
C3661,1,60996.0,60996.0,0,0.0,30.463231615807906,15.231615807903953,Dormant
C3663,1,8860.0,8860.0,0,0.0,4.382191095547774,2.191095547773887,Dormant
C3665,3,124575.0,41525.0,208,4.081632653061225,62.26863431715858,33.1751334851099,Low-Activity
C3666,1,45190.0,45190.0,0,0.0,22.556278139069537,11.278139069534769,Dormant
C3667,2,81977.0,40988.5,198,2.0408163265306123,40.95897948974488,21.499897908137743,Dormant
C3668,1,37853.0,37853.0,0,0.0,18.885942971485743,9.442971485742872,Dormant
C3669,1,76938.0,76938.0,0,0.0,38.43821910955478,19.21910955477739,Dormant
C3670,3,202641.0,67547.0,217,4.081632653061225,100.0,52.04081632653061,Active
C3671,1,95702.0,95702.0,0,0.0,47.82491245622811,23.912456228114056,Dormant
C3672,2,38039.0,19019.5,26,2.0408163265306123,18.978989494747374,10.509902910638994,Dormant
C3674,1,5785.0,5785.0,0,0.0,2.84392196098049,1.421960980490245,Dormant
C3679,2,130116.0,65058.0,172,2.0408163265306123,65.04052026013007,33.54066829333034,Low-Activity
C3681,4,187006.0,46751.5,202,6.122448979591836,93.49974987493746,49.81109942726465,Low-Activity
C3682,1,73296.0,73296.0,0,0.0,36.61630815407704,18.30815407703852,Dormant
C3685,2,99121.0,49560.5,19,2.0408163265306123,49.53526763381691,25.78804198017376,Low-Activity
C3686,3,191915.0,63971.666666666664,287,4.081632653061225,95.95547773886943,50.01855519596533,Active
C3687,1,92952.0,92952.0,0,0.0,46.44922461230615,23.224612306153077,Dormant
C3689,2,145307.0,72653.5,51,2.0408163265306123,72.63981990995497,37.34031811824279,Low-Activity
C3690,2,71677.0,35838.5,24,2.0408163265306123,35.8064032016008,18.923609764065706,Dormant
C3691,1,10576.0,10576.0,0,0.0,5.2406203101550775,2.6203101550775387,Dormant
C3693,3,166080.0,55360.0,167,4.081632653061225,83.03151575787894,43.55657420547008,Low-Activity
C3695,1,23934.0,23934.0,0,0.0,11.92296148074037,5.961480740370185,Dormant
C3696,2,120381.0,60190.5,31,2.0408163265306123,60.17058529264633,31.10570080958847,Low-Activity
C3700,1,89228.0,89228.0,0,0.0,44.58629314657328,22.29314657328664,Dormant
C3702,1,40132.0,40132.0,0,0.0,20.026013006503252,10.013006503251626,Dormant
C3703,1,17497.0,17497.0,0,0.0,8.702851425712858,4.351425712856429,Dormant
C3705,1,62737.0,62737.0,0,0.0,31.334167083541768,15.667083541770884,Dormant
C3706,1,82628.0,82628.0,0,0.0,41.28464232116058,20.64232116058029,Dormant
C3707,1,39715.0,39715.0,0,0.0,19.817408704352175,9.908704352176088,Dormant
C3708,5,257225.0,51445.0,282,8.16326530612245,100.0,54.08163265306123,Active
C3709,2,137510.0,68755.0,206,2.0408163265306123,68.73936968484242,35.390093005686516,Low-Activity
C3710,1,94700.0,94700.0,0,0.0,47.32366183091546,23.66183091545773,Dormant
C3711,6,286772.0,47795.333333333336,218,10.204081632653061,100.0,55.10204081632653,Active
C3712,1,76422.0,76422.0,0,0.0,38.18009004502251,19.090045022511255,Dormant
C3713,2,38089.0,19044.5,114,2.0408163265306123,19.0040020010005,10.522409163765557,Dormant
C3716,1,39953.0,39953.0,0,0.0,19.936468234117058,9.968234117058529,Dormant
C3717,1,37219.0,37219.0,0,0.0,18.568784392196097,9.284392196098048,Dormant
C3719,2,155398.0,77699.0,51,2.0408163265306123,77.68784392196098,39.8643301242458,Low-Activity
C3720,2,131092.0,65546.0,29,2.0408163265306123,65.5287643821911,33.78479035436086,Low-Activity
C3721,2,127492.0,63746.0,53,2.0408163265306123,63.72786393196598,32.884340129248294,Low-Activity
C3722,3,68674.0,22891.333333333332,156,4.081632653061225,34.30415207603802,19.192892364549625,Dormant
C3723,2,100210.0,50105.0,27,2.0408163265306123,50.08004002001001,26.06042817327031,Low-Activity
C3725,1,93141.0,93141.0,0,0.0,46.54377188594297,23.271885942971483,Dormant
C3728,1,59436.0,59436.0,0,0.0,29.682841420710353,14.841420710355177,Dormant
C3729,1,65251.0,65251.0,0,0.0,32.59179589794897,16.295897948974485,Dormant
C3731,3,86320.0,28773.333333333332,160,4.081632653061225,43.13156578289144,23.606599217976335,Dormant
C3732,1,40501.0,40501.0,0,0.0,20.210605302651324,10.105302651325662,Dormant
C3733,1,50105.0,50105.0,0,0.0,25.015007503751875,12.507503751875937,Dormant
C3734,2,103388.0,51694.0,125,2.0408163265306123,51.669834917458736,26.855325621994673,Low-Activity
C3735,3,229953.0,76651.0,157,4.081632653061225,100.0,52.04081632653061,Active
C3736,1,13611.0,13611.0,0,0.0,6.75887943971986,3.37943971985993,Dormant
C3738,3,121094.0,40364.666666666664,192,4.081632653061225,60.527263631815906,32.30444814243857,Low-Activity
C3739,3,204626.0,68208.66666666667,203,4.081632653061225,100.0,52.04081632653061,Active
C3740,1,50105.0,50105.0,0,0.0,25.015007503751875,12.507503751875937,Dormant
C3741,1,21878.0,21878.0,0,0.0,10.894447223611806,5.447223611805903,Dormant
C3743,1,13894.0,13894.0,0,0.0,6.900450225112556,3.450225112556278,Dormant
C3744,2,52469.0,26234.5,70,2.0408163265306123,26.197598799399703,14.119207562965158,Dormant
C3745,3,129163.0,43054.333333333336,155,4.081632653061225,64.56378189094548,34.32270727200335,Low-Activity
C3747,2,170577.0,85288.5,87,2.0408163265306123,85.28114057028515,43.66097844840788,Low-Activity
C3749,1,66336.0,66336.0,0,0.0,33.13456728364182,16.56728364182091,Dormant
C3750,1,30048.0,30048.0,0,0.0,14.981490745372685,7.490745372686343,Dormant
C3752,1,98842.0,98842.0,0,0.0,49.39569784892446,24.69784892446223,Dormant
C3756,1,71042.0,71042.0,0,0.0,35.48874437218609,17.744372186093045,Dormant
C3757,2,65696.0,32848.0,126,2.0408163265306123,32.8144072036018,17.427611765066207,Dormant
C3758,1,14745.0,14745.0,0,0.0,7.326163081540771,3.6630815407703854,Dormant
C3759,1,38115.0,38115.0,0,0.0,19.017008504252125,9.508504252126063,Dormant
C3761,3,137864.0,45954.666666666664,255,4.081632653061225,68.91645822911455,36.49904544108789,Low-Activity
C3762,1,839.0,839.0,0,0.0,0.3696848424212106,0.1848424212106053,Dormant
C3763,3,198214.0,66071.33333333333,175,4.081632653061225,99.10655327663832,51.59409296484977,Active
C3765,3,194547.0,64849.0,182,4.081632653061225,97.27213606803402,50.67688436054762,Active
C3767,1,69408.0,69408.0,0,0.0,34.67133566783392,17.33566783391696,Dormant
C3768,2,117128.0,58564.0,108,2.0408163265306123,58.54327163581791,30.29204398117426,Low-Activity
C3770,2,53105.0,26552.5,170,2.0408163265306123,26.51575787893947,14.278287102735042,Dormant
C3772,2,34773.0,17386.5,62,2.0408163265306123,17.34517258629315,9.692994456411881,Dormant
C3773,3,140746.0,46915.333333333336,224,4.081632653061225,70.35817908954478,37.219905871303,Low-Activity
C3774,1,22288.0,22288.0,0,0.0,11.099549774887443,5.549774887443721,Dormant
C3775,4,344452.0,86113.0,258,6.122448979591836,100.0,53.06122448979592,Active
C3776,2,123346.0,61673.0,118,2.0408163265306123,61.65382691345673,31.84732161999367,Low-Activity
C3778,1,99497.0,99497.0,0,0.0,49.72336168084042,24.86168084042021,Dormant
C3779,2,90243.0,45121.5,206,2.0408163265306123,45.094047023511756,23.567431675021183,Dormant
C3780,2,86941.0,43470.5,210,2.0408163265306123,43.44222111055528,22.741518718542945,Dormant
C3782,2,129429.0,64714.5,41,2.0408163265306123,64.6968484242121,33.36883237537136,Low-Activity
C3783,1,16328.0,16328.0,0,0.0,8.118059029514757,4.059029514757379,Dormant
C3784,1,78148.0,78148.0,0,0.0,39.04352176088044,19.52176088044022,Dormant
C3785,3,161690.0,53896.666666666664,236,4.081632653061225,80.83541770885444,42.45852518095783,Low-Activity
C3786,3,50655.0,16885.0,304,4.081632653061225,25.29014507253627,14.685888862798747,Dormant
C3787,2,126646.0,63323.0,171,2.0408163265306123,63.30465232616308,32.67273432634685,Low-Activity
C3789,1,48606.0,48606.0,0,0.0,24.26513256628314,12.13256628314157,Dormant
C3790,2,70709.0,35354.5,186,2.0408163265306123,35.32216108054027,18.68148870353544,Dormant
C3792,1,7639.0,7639.0,0,0.0,3.7713856928464233,1.8856928464232117,Dormant
C3793,2,55113.0,27556.5,62,2.0408163265306123,27.520260130065033,14.780538228297823,Dormant
C3795,1,27931.0,27931.0,0,0.0,13.922461230615307,6.961230615307653,Dormant
C3797,1,93760.0,93760.0,0,0.0,46.853426713356676,23.426713356678338,Dormant
C3799,1,29604.0,29604.0,0,0.0,14.759379689844923,7.379689844922462,Dormant
C3800,4,142452.0,35613.0,250,6.122448979591836,71.21160580290145,38.66702739124664,Low-Activity
C3801,1,77836.0,77836.0,0,0.0,38.88744372186093,19.443721860930467,Dormant
C3803,3,171653.0,57217.666666666664,273,4.081632653061225,85.81940970485242,44.95052117895682,Low-Activity
C3804,1,49864.0,49864.0,0,0.0,24.894447223611806,12.447223611805903,Dormant
C3806,2,93325.0,46662.5,250,2.0408163265306123,46.63581790895448,24.338317117742545,Dormant
C3808,3,108756.0,36252.0,179,4.081632653061225,54.355177588794405,29.218405120927816,Low-Activity
C3809,1,39850.0,39850.0,0,0.0,19.884942471235618,9.942471235617809,Dormant
C3810,4,177006.0,44251.5,129,6.122448979591836,88.49724862431215,47.30984880195199,Low-Activity
C3811,1,59097.0,59097.0,0,0.0,29.513256628314156,14.756628314157078,Dormant
C3814,1,27813.0,27813.0,0,0.0,13.86343171585793,6.931715857928965,Dormant
C3815,1,66911.0,66911.0,0,0.0,33.422211105552776,16.711105552776388,Dormant
C3817,4,234209.0,58552.25,242,6.122448979591836,100.0,53.06122448979592,Active
C3819,2,79723.0,39861.5,6,2.0408163265306123,39.83141570785393,20.93611601719227,Dormant
C3821,1,53596.0,53596.0,0,0.0,26.76138069034517,13.380690345172585,Dormant
C3822,2,155837.0,77918.5,181,2.0408163265306123,77.90745372686342,39.97413502669702,Low-Activity
C3823,1,11416.0,11416.0,0,0.0,5.660830415207604,2.830415207603802,Dormant
C3824,2,123667.0,61833.5,28,2.0408163265306123,61.814407203601796,31.927611765066203,Low-Activity
C3825,1,82211.0,82211.0,0,0.0,41.0760380190095,20.53801900950475,Dormant
C3827,1,44691.0,44691.0,0,0.0,22.30665332666333,11.153326663331665,Dormant
C3828,3,230909.0,76969.66666666667,46,4.081632653061225,100.0,52.04081632653061,Active
C3829,1,20112.0,20112.0,0,0.0,10.011005502751376,5.005502751375688,Dormant
C3831,1,43846.0,43846.0,0,0.0,21.883941970985493,10.941970985492746,Dormant
C3832,3,138128.0,46042.666666666664,198,4.081632653061225,69.04852426213107,36.565078457596144,Low-Activity
C3833,1,58651.0,58651.0,0,0.0,29.290145072536266,14.645072536268133,Dormant
C3834,1,23278.0,23278.0,0,0.0,11.594797398699349,5.7973986993496744,Dormant
C3835,1,50105.0,50105.0,0,0.0,25.015007503751875,12.507503751875937,Dormant
C3837,1,14227.0,14227.0,0,0.0,7.0670335167583795,3.5335167583791898,Dormant
C3838,3,232821.0,77607.0,300,4.081632653061225,100.0,52.04081632653061,Active
C3839,2,12125.0,6062.5,163,2.0408163265306123,6.015507753876938,4.028162040203775,Dormant
C3841,2,62288.0,31144.0,139,2.0408163265306123,31.10955477738869,16.575185551959652,Dormant
C3842,1,86983.0,86983.0,0,0.0,43.4632316158079,21.73161580790395,Dormant
C3843,1,58456.0,58456.0,0,0.0,29.192596298149077,14.596298149074538,Dormant
C3844,1,57467.0,57467.0,0,0.0,28.69784892446223,14.348924462231116,Dormant
C3845,2,84830.0,42415.0,32,2.0408163265306123,42.386193096548276,22.213504711539443,Dormant
C3846,1,70844.0,70844.0,0,0.0,35.38969484742371,17.694847423711856,Dormant
C3847,1,50105.0,50105.0,0,0.0,25.015007503751875,12.507503751875937,Dormant
C3849,2,130002.0,65001.0,209,2.0408163265306123,64.98349174587294,33.51215403620178,Low-Activity
C3850,3,103502.0,34500.666666666664,176,4.081632653061225,51.726863431715856,27.90424804238854,Low-Activity
C3851,1,31989.0,31989.0,0,0.0,15.95247623811906,7.97623811905953,Dormant
C3852,1,25736.0,25736.0,0,0.0,12.82441220610305,6.412206103051525,Dormant
C3854,2,131828.0,65914.0,187,2.0408163265306123,65.89694847423712,33.96888240038387,Low-Activity
C3855,1,84825.0,84825.0,0,0.0,42.38369184592296,21.19184592296148,Dormant
C3860,1,50105.0,50105.0,0,0.0,25.015007503751875,12.507503751875937,Dormant
C3863,2,90428.0,45214.0,106,2.0408163265306123,45.186593296648326,23.613704811589468,Dormant
C3865,1,82807.0,82807.0,0,0.0,41.37418709354677,20.687093546773387,Dormant
C3866,3,107068.0,35689.333333333336,55,4.081632653061225,53.510755377688845,28.796194015375036,Low-Activity
C3867,1,79809.0,79809.0,0,0.0,39.8744372186093,19.93721860930465,Dormant
C3868,2,18617.0,9308.5,71,2.0408163265306123,9.26313156578289,5.651973946156751,Dormant
C3869,2,113336.0,56668.0,45,2.0408163265306123,56.64632316158079,29.3435697440557,Low-Activity
C3870,1,81813.0,81813.0,0,0.0,40.87693846923462,20.43846923461731,Dormant
C3871,2,99828.0,49914.0,61,2.0408163265306123,49.88894447223612,25.964880399383365,Low-Activity
C3872,1,25801.0,25801.0,0,0.0,12.856928464232118,6.428464232116059,Dormant
C3873,1,7921.0,7921.0,0,0.0,3.912456228114057,1.9562281140570286,Dormant
C3875,2,23757.0,11878.5,44,2.0408163265306123,11.834417208604302,6.937616767567457,Dormant
C3877,1,50105.0,50105.0,0,0.0,25.015007503751875,12.507503751875937,Dormant
C3878,1,68469.0,68469.0,0,0.0,34.2016008004002,17.1008004002001,Dormant
C3880,1,24326.0,24326.0,0,0.0,12.119059529764883,6.059529764882441,Dormant
C3881,3,195896.0,65298.666666666664,212,4.081632653061225,97.94697348674337,51.0143030699023,Active
C3883,2,75689.0,37844.5,181,2.0408163265306123,37.813406703351674,19.927111514941142,Dormant
C3886,3,111796.0,37265.333333333336,127,4.081632653061225,55.87593796898449,29.978785311022857,Low-Activity
C3887,1,25932.0,25932.0,0,0.0,12.922461230615307,6.461230615307653,Dormant
C3888,1,96261.0,96261.0,0,0.0,48.104552276138065,24.052276138069033,Dormant
C3889,1,19384.0,19384.0,0,0.0,9.646823411705853,4.8234117058529264,Dormant
C3890,1,44335.0,44335.0,0,0.0,22.12856428214107,11.064282141070535,Dormant
C3891,2,66354.0,33177.0,55,2.0408163265306123,33.143571785892945,17.592194056211778,Dormant
C3892,4,253270.0,63317.5,125,6.122448979591836,100.0,53.06122448979592,Active
C3895,2,16253.0,8126.5,48,2.0408163265306123,8.080540270135067,5.0606782983328396,Dormant
C3896,1,22084.0,22084.0,0,0.0,10.997498749374687,5.4987493746873435,Dormant
C3897,1,50105.0,50105.0,0,0.0,25.015007503751875,12.507503751875937,Dormant
C3898,1,77913.0,77913.0,0,0.0,38.92596298149075,19.462981490745374,Dormant
C3901,1,65353.0,65353.0,0,0.0,32.64282141070535,16.321410705352676,Dormant
C3902,2,99263.0,49631.5,165,2.0408163265306123,49.60630315157579,25.8235597390532,Low-Activity
C3904,1,5965.0,5965.0,0,0.0,2.933966983491746,1.466983491745873,Dormant
C3905,1,96159.0,96159.0,0,0.0,48.05352676338169,24.026763381690845,Dormant
C3907,1,94885.0,94885.0,0,0.0,47.416208104052025,23.708104052026012,Dormant
C3908,1,65617.0,65617.0,0,0.0,32.77488744372186,16.38744372186093,Dormant
C3911,3,221065.0,73688.33333333333,196,4.081632653061225,100.0,52.04081632653061,Active
C3912,1,52401.0,52401.0,0,0.0,26.163581790895446,13.081790895447723,Dormant
C3913,1,7020.0,7020.0,0,0.0,3.461730865432716,1.730865432716358,Dormant
C3914,2,92931.0,46465.5,57,2.0408163265306123,46.438719359679844,24.239767843105227,Dormant
C3915,1,37577.0,37577.0,0,0.0,18.747873936968485,9.373936968484243,Dormant
C3916,1,72336.0,72336.0,0,0.0,36.13606803401701,18.068034017008504,Dormant
C3917,1,58584.0,58584.0,0,0.0,29.25662831415708,14.62831415707854,Dormant
C3920,1,30973.0,30973.0,0,0.0,15.444222111055527,7.722111055527764,Dormant
C3922,2,108942.0,54471.0,183,2.0408163265306123,54.44822411205603,28.24452021929332,Low-Activity
C3923,1,95042.0,95042.0,0,0.0,47.49474737368684,23.74737368684342,Dormant
C3924,1,97800.0,97800.0,0,0.0,48.87443721860931,24.437218609304654,Dormant
C3925,2,115960.0,57980.0,180,2.0408163265306123,57.95897948974488,29.999897908137743,Low-Activity
C3926,1,8755.0,8755.0,0,0.0,4.329664832416208,2.164832416208104,Dormant
C3931,2,118861.0,59430.5,210,2.0408163265306123,59.410205102551274,30.725510714540942,Low-Activity
C3933,2,187615.0,93807.5,10,2.0408163265306123,93.80440220110054,47.92260926381558,Low-Activity
C3934,1,14267.0,14267.0,0,0.0,7.08704352176088,3.54352176088044,Dormant
C3936,1,50105.0,50105.0,0,0.0,25.015007503751875,12.507503751875937,Dormant
C3938,1,62554.0,62554.0,0,0.0,31.242621310655327,15.621310655327663,Dormant
C3939,5,313989.0,62797.8,254,8.16326530612245,100.0,54.08163265306123,Active
C3940,1,52773.0,52773.0,0,0.0,26.349674837418707,13.174837418709354,Dormant
C3941,2,129804.0,64902.0,35,2.0408163265306123,64.88444222111055,33.46262927382058,Low-Activity
C3942,1,92456.0,92456.0,0,0.0,46.201100550275136,23.100550275137568,Dormant
C3944,1,33957.0,33957.0,0,0.0,16.936968484242122,8.468484242121061,Dormant
C3946,2,139061.0,69530.5,6,2.0408163265306123,69.51525762881441,35.778036977672514,Low-Activity
C3949,3,107690.0,35896.666666666664,133,4.081632653061225,53.82191095547773,28.95177180426948,Low-Activity
C3950,1,6238.0,6238.0,0,0.0,3.070535267633817,1.5352676338169085,Dormant
C3951,1,89390.0,89390.0,0,0.0,44.667333666833414,22.333666833416707,Dormant
C3952,1,33018.0,33018.0,0,0.0,16.467233616808404,8.233616808404202,Dormant
C3953,1,79804.0,79804.0,0,0.0,39.87193596798399,19.935967983991993,Dormant
C3955,1,17142.0,17142.0,0,0.0,8.525262631315659,4.2626313156578295,Dormant
C3956,3,49972.0,16657.333333333332,142,4.081632653061225,24.94847423711856,14.515053445089892,Dormant
C3958,1,78365.0,78365.0,0,0.0,39.152076038019004,19.576038019009502,Dormant
C3960,1,59503.0,59503.0,0,0.0,29.716358179089546,14.858179089544773,Dormant
C3961,2,128299.0,64149.5,205,2.0408163265306123,64.13156578289144,33.08619105471103,Low-Activity
C3962,3,148683.0,49561.0,229,4.081632653061225,74.32866433216608,39.20514849261365,Low-Activity
C3963,2,77049.0,38524.5,165,2.0408163265306123,38.49374687343672,20.267281599983665,Dormant
C3964,3,152748.0,50916.0,63,4.081632653061225,76.36218109054528,40.22190687180325,Low-Activity
C3965,1,25130.0,25130.0,0,0.0,12.521260630315156,6.260630315157578,Dormant
C3967,1,78538.0,78538.0,0,0.0,39.23861930965483,19.619309654827415,Dormant
C3969,1,57705.0,57705.0,0,0.0,28.816908454227114,14.408454227113557,Dormant
C3970,2,137690.0,68845.0,19,2.0408163265306123,68.82941470735368,35.43511551694215,Low-Activity
C3971,2,75945.0,37972.5,20,2.0408163265306123,37.94147073536768,19.991143530949145,Dormant
C3972,3,156576.0,52192.0,163,4.081632653061225,78.27713856928465,41.17938561117293,Low-Activity
C3975,2,109777.0,54888.5,24,2.0408163265306123,54.86593296648324,28.453374646506926,Low-Activity
C3976,2,131943.0,65971.5,44,2.0408163265306123,65.95447723861932,33.99764678257497,Low-Activity
C3978,3,149552.0,49850.666666666664,329,4.081632653061225,74.76338169084542,39.42250717195332,Low-Activity
C3979,3,154385.0,51461.666666666664,230,4.081632653061225,77.18109054527264,40.63136159916693,Low-Activity
C3980,1,18222.0,18222.0,0,0.0,9.06553276638319,4.532766383191595,Dormant
C3982,1,4130.0,4130.0,0,0.0,2.0160080040020008,1.0080040020010004,Dormant
C3983,2,104267.0,52133.5,7,2.0408163265306123,52.10955477738869,27.07518555195965,Low-Activity
C3984,1,49987.0,49987.0,0,0.0,24.955977988994498,12.477988994497249,Dormant
C3985,2,49123.0,24561.5,309,2.0408163265306123,24.52376188094047,13.282289103735542,Dormant
C3986,2,35230.0,17615.0,41,2.0408163265306123,17.573786893446723,9.807301609988668,Dormant
C3987,2,30360.0,15180.0,319,2.0408163265306123,15.137568784392197,8.589192555461405,Dormant
C3989,3,128016.0,42672.0,111,4.081632653061225,63.98999499749875,34.03581382527999,Low-Activity
C3990,3,157706.0,52568.666666666664,193,4.081632653061225,78.84242121060531,41.462026931833265,Low-Activity
C3994,2,12022.0,6011.0,63,2.0408163265306123,5.963981990995498,4.002399158763055,Dormant
C3997,1,84604.0,84604.0,0,0.0,42.273136568284144,21.136568284142072,Dormant
C3999,2,99385.0,49692.5,23,2.0408163265306123,49.66733366683342,25.854074996682016,Low-Activity
C4001,1,5522.0,5522.0,0,0.0,2.7123561780890446,1.3561780890445223,Dormant
C4003,2,115619.0,57809.5,60,2.0408163265306123,57.78839419709855,29.91460526181458,Low-Activity
C4004,1,37782.0,37782.0,0,0.0,18.850425212606304,9.425212606303152,Dormant
C4005,2,83032.0,41516.0,59,2.0408163265306123,41.48674337168584,21.763779849108225,Dormant
C4006,1,69068.0,69068.0,0,0.0,34.50125062531266,17.25062531265633,Dormant
C4007,1,50105.0,50105.0,0,0.0,25.015007503751875,12.507503751875937,Dormant
C4008,1,32833.0,32833.0,0,0.0,16.374687343671837,8.187343671835919,Dormant
C4009,3,144822.0,48274.0,102,4.081632653061225,72.39719859929966,38.23941562618044,Low-Activity
C4010,1,47542.0,47542.0,0,0.0,23.73286643321661,11.866433216608305,Dormant
C4012,1,33764.0,33764.0,0,0.0,16.84042021010505,8.420210105052526,Dormant
C4017,1,87179.0,87179.0,0,0.0,43.56128064032016,21.78064032016008,Dormant
C4019,2,102874.0,51437.0,285,2.0408163265306123,51.41270635317659,26.7267613398536,Low-Activity
C4020,3,105414.0,35138.0,345,4.081632653061225,52.68334167083542,28.382487161948323,Low-Activity
C4022,2,54633.0,27316.5,114,2.0408163265306123,27.28014007003502,14.660478198282817,Dormant
C4026,1,15359.0,15359.0,0,0.0,7.633316658329164,3.816658329164582,Dormant
C4028,1,45634.0,45634.0,0,0.0,22.7783891945973,11.38919459729865,Dormant
C4030,2,79003.0,39501.5,117,2.0408163265306123,39.4712356178089,20.756025972169756,Dormant
C4033,1,55117.0,55117.0,0,0.0,27.522261130565283,13.761130565282642,Dormant
C4034,1,38941.0,38941.0,0,0.0,19.430215107553778,9.715107553776889,Dormant
C4036,2,49697.0,24848.5,25,2.0408163265306123,24.810905452726363,13.425860889628488,Dormant
C4037,1,44753.0,44753.0,0,0.0,22.337668834417208,11.168834417208604,Dormant
C4038,1,25669.0,25669.0,0,0.0,12.790895447723862,6.395447723861931,Dormant
C4039,1,56900.0,56900.0,0,0.0,28.414207103551774,14.207103551775887,Dormant
C4040,1,87296.0,87296.0,0,0.0,43.619809904952476,21.809904952476238,Dormant
C4041,2,37426.0,18713.0,133,2.0408163265306123,18.67233616808404,10.356576247307327,Dormant
C4042,1,33021.0,33021.0,0,0.0,16.46873436718359,8.234367183591795,Dormant
C4044,2,143104.0,71552.0,108,2.0408163265306123,71.53776888444222,36.789292605486416,Low-Activity
C4046,3,190373.0,63457.666666666664,269,4.081632653061225,95.18409204602301,49.632862349542116,Low-Activity
C4051,1,91386.0,91386.0,0,0.0,45.66583291645823,22.832916458229114,Dormant
C4052,3,133260.0,44420.0,120,4.081632653061225,66.61330665332666,35.34746965319394,Low-Activity
C4054,1,32000.0,32000.0,0,0.0,15.957978989494748,7.978989494747374,Dormant
C4055,1,30996.0,30996.0,0,0.0,15.455727863931967,7.727863931965984,Dormant
C4056,1,80277.0,80277.0,0,0.0,40.108554277138566,20.054277138569283,Dormant
C4057,2,91277.0,45638.5,109,2.0408163265306123,45.61130565282641,23.82606098967851,Dormant
C4060,1,50105.0,50105.0,0,0.0,25.015007503751875,12.507503751875937,Dormant
C4061,1,76695.0,76695.0,0,0.0,38.31665832916458,19.15832916458229,Dormant
C4062,1,28774.0,28774.0,0,0.0,14.344172086043022,7.172086043021511,Dormant
C4064,1,32028.0,32028.0,0,0.0,15.9719859929965,7.98599299649825,Dormant
C4065,2,116075.0,58037.5,156,2.0408163265306123,58.01650825412706,30.028662290328835,Low-Activity
C4066,1,23667.0,23667.0,0,0.0,11.789394697348675,5.894697348674337,Dormant
C4067,2,34187.0,17093.5,173,2.0408163265306123,17.0520260130065,9.546421169768557,Dormant
C4071,1,65185.0,65185.0,0,0.0,32.55877938969485,16.279389694847424,Dormant
C4072,6,247265.0,41210.833333333336,249,10.204081632653061,100.0,55.10204081632653,Active
C4073,1,50105.0,50105.0,0,0.0,25.015007503751875,12.507503751875937,Dormant
C4074,1,1026.0,1026.0,0,0.0,0.46323161580790395,0.23161580790395198,Dormant
C4075,2,155126.0,77563.0,64,2.0408163265306123,77.55177588794398,39.796296107237296,Low-Activity
C4078,1,74689.0,74689.0,0,0.0,37.313156578289146,18.656578289144573,Dormant
C4080,1,52017.0,52017.0,0,0.0,25.971485742871437,12.985742871435718,Dormant
C4081,4,150942.0,37735.5,349,6.122448979591836,75.45872936468234,40.79058917213709,Low-Activity
C4082,1,15956.0,15956.0,0,0.0,7.931965982991496,3.965982991495748,Dormant
C4083,6,177059.0,29509.833333333332,327,10.204081632653061,88.52376188094047,49.36392175679676,Low-Activity
C4084,1,44437.0,44437.0,0,0.0,22.179589794897446,11.089794897448723,Dormant
C4085,1,67738.0,67738.0,0,0.0,33.835917958979486,16.917958979489743,Dormant
C4086,1,50105.0,50105.0,0,0.0,25.015007503751875,12.507503751875937,Dormant
C4088,2,107803.0,53901.5,131,2.0408163265306123,53.87843921960981,27.95962777307021,Low-Activity
C4089,1,49883.0,49883.0,0,0.0,24.903951975987994,12.451975987993997,Dormant
C4091,1,98019.0,98019.0,0,0.0,48.983991995998,24.491995997999,Dormant
C4092,2,135689.0,67844.5,63,2.0408163265306123,67.82841420710355,34.93461526681708,Low-Activity
C4093,4,122995.0,30748.75,330,6.122448979591836,61.478239119559774,33.800344049575806,Low-Activity
C4094,1,69772.0,69772.0,0,0.0,34.853426713356676,17.426713356678338,Dormant
C4095,1,79566.0,79566.0,0,0.0,39.75287643821911,19.876438219109556,Dormant
C4096,2,66935.0,33467.5,29,2.0408163265306123,33.43421710855428,17.737516717542444,Dormant
C4097,1,99246.0,99246.0,0,0.0,49.59779889944972,24.79889944972486,Dormant
C4099,1,28891.0,28891.0,0,0.0,14.402701350675336,7.201350675337668,Dormant
C4103,1,30449.0,30449.0,0,0.0,15.18209104552276,7.59104552276138,Dormant
C4104,3,225449.0,75149.66666666667,298,4.081632653061225,100.0,52.04081632653061,Active
C4108,1,63083.0,63083.0,0,0.0,31.50725362681341,15.753626813406704,Dormant
C4109,3,176336.0,58778.666666666664,106,4.081632653061225,88.16208104052026,46.12185684679074,Low-Activity
C4110,1,12613.0,12613.0,0,0.0,6.259629814907454,3.129814907453727,Dormant
C4112,1,92562.0,92562.0,0,0.0,46.25412706353176,23.12706353176588,Dormant
C4113,1,26549.0,26549.0,0,0.0,13.231115557778889,6.615557778889444,Dormant
C4114,1,61156.0,61156.0,0,0.0,30.54327163581791,15.271635817908955,Dormant
C4116,1,12059.0,12059.0,0,0.0,5.982491245622811,2.9912456228114057,Dormant
C4117,2,45973.0,22986.5,143,2.0408163265306123,22.947973986993496,12.494395156762055,Dormant
C4118,2,142917.0,71458.5,205,2.0408163265306123,71.44422211105554,36.74251921879308,Low-Activity
C4119,1,42273.0,42273.0,0,0.0,21.097048524262128,10.548524262131064,Dormant
C4121,1,50105.0,50105.0,0,0.0,25.015007503751875,12.507503751875937,Dormant
C4122,1,58041.0,58041.0,0,0.0,28.984992496248125,14.492496248124063,Dormant
C4123,1,72015.0,72015.0,0,0.0,35.97548774387194,17.98774387193597,Dormant
C4124,3,187207.0,62402.333333333336,44,4.081632653061225,93.60030015007503,48.840966401568124,Low-Activity
C4126,1,14169.0,14169.0,0,0.0,7.038019009504752,3.519009504752376,Dormant
C4127,1,61991.0,61991.0,0,0.0,30.96098049024512,15.48049024512256,Dormant
C4129,4,224751.0,56187.75,283,6.122448979591836,100.0,53.06122448979592,Active
C4130,1,79929.0,79929.0,0,0.0,39.93446723361681,19.967233616808404,Dormant
C4131,1,98607.0,98607.0,0,0.0,49.27813906953477,24.639069534767383,Dormant
C4133,2,140637.0,70318.5,24,2.0408163265306123,70.30365182591297,36.17223407622179,Low-Activity
C4134,1,14198.0,14198.0,0,0.0,7.052526263131566,3.526263131565783,Dormant
C4135,1,82050.0,82050.0,0,0.0,40.995497748874435,20.497748874437217,Dormant
C4136,1,66229.0,66229.0,0,0.0,33.08104052026013,16.540520260130066,Dormant
C4137,1,70707.0,70707.0,0,0.0,35.32116058029015,17.660580290145074,Dormant
C4138,3,159109.0,53036.333333333336,298,4.081632653061225,79.54427213606805,41.81295239456463,Low-Activity
C4139,1,77599.0,77599.0,0,0.0,38.768884442221115,19.384442221110557,Dormant
C4140,1,26151.0,26151.0,0,0.0,13.032016008004002,6.516008004002001,Dormant
C4141,1,15392.0,15392.0,0,0.0,7.6498249124562285,3.8249124562281143,Dormant
C4144,3,83052.0,27684.0,90,4.081632653061225,41.49674837418709,22.78919051362416,Dormant
C4145,1,78113.0,78113.0,0,0.0,39.02601300650325,19.513006503251624,Dormant
C4146,1,50105.0,50105.0,0,0.0,25.015007503751875,12.507503751875937,Dormant
C4147,1,44055.0,44055.0,0,0.0,21.988494247123562,10.994247123561781,Dormant
C4148,4,192593.0,48148.25,238,6.122448979591836,96.29464732366183,51.208548151626836,Active
C4149,1,14596.0,14596.0,0,0.0,7.251625812906454,3.625812906453227,Dormant
C4150,1,98001.0,98001.0,0,0.0,48.97498749374687,24.487493746873437,Dormant
C4151,1,14950.0,14950.0,0,0.0,7.42871435717859,3.714357178589295,Dormant
C4152,1,17756.0,17756.0,0,0.0,8.832416208104052,4.416208104052026,Dormant
C4153,1,70407.0,70407.0,0,0.0,35.17108554277139,17.585542771385693,Dormant
C4155,4,172822.0,43205.5,113,6.122448979591836,86.40420210105052,46.263325540321176,Low-Activity
C4156,1,50105.0,50105.0,0,0.0,25.015007503751875,12.507503751875937,Dormant
C4157,3,193238.0,64412.666666666664,187,4.081632653061225,96.61730865432716,50.34947065369419,Active
C4158,1,96172.0,96172.0,0,0.0,48.060030015007506,24.030015007503753,Dormant
C4159,2,115657.0,57828.5,232,2.0408163265306123,57.80740370185092,29.924110014190767,Low-Activity
C4160,1,58184.0,58184.0,0,0.0,29.056528264132066,14.528264132066033,Dormant
C4161,2,136349.0,68174.5,22,2.0408163265306123,68.15857928964483,35.099697808087726,Low-Activity
C4162,2,104193.0,52096.5,150,2.0408163265306123,52.07253626813406,27.056676297332334,Low-Activity
C4163,1,31273.0,31273.0,0,0.0,15.594297148574288,7.797148574287144,Dormant
C4164,3,191038.0,63679.333333333336,93,4.081632653061225,95.5167583791896,49.79919551612541,Low-Activity
C4167,2,93454.0,46727.0,196,2.0408163265306123,46.70035017508754,24.370583250809077,Dormant
C4168,1,10395.0,10395.0,0,0.0,5.15007503751876,2.57503751875938,Dormant
C4170,4,125477.0,31369.25,196,6.122448979591836,62.71985992996498,34.42115445477841,Low-Activity
C4171,1,55181.0,55181.0,0,0.0,27.554277138569283,13.777138569284642,Dormant
C4172,1,65875.0,65875.0,0,0.0,32.903951975987994,16.451975987993997,Dormant
C4173,2,68796.0,34398.0,31,2.0408163265306123,34.36518259129564,18.202999458913126,Dormant
C4174,3,104839.0,34946.333333333336,98,4.081632653061225,52.39569784892446,28.238665250992845,Low-Activity
C4175,2,97892.0,48946.0,127,2.0408163265306123,48.92046023011506,25.480638278322836,Low-Activity
C4176,2,110758.0,55379.0,69,2.0408163265306123,55.356678339169584,28.698747332850097,Low-Activity
C4177,3,193197.0,64399.0,215,4.081632653061225,96.5967983991996,50.33921552613041,Active
C4178,2,70170.0,35085.0,195,2.0408163265306123,35.05252626313157,18.54667129483109,Dormant
C4179,2,65369.0,32684.5,70,2.0408163265306123,32.650825412706354,17.345820869618482,Dormant
C4180,1,8649.0,8649.0,0,0.0,4.27663831915958,2.13831915957979,Dormant
C4182,1,50105.0,50105.0,0,0.0,25.015007503751875,12.507503751875937,Dormant
C4183,3,206119.0,68706.33333333333,125,4.081632653061225,100.0,52.04081632653061,Active
C4185,3,214932.0,71644.0,208,4.081632653061225,100.0,52.04081632653061,Active
C4186,2,149506.0,74753.0,181,2.0408163265306123,74.74037018509254,38.39059325581158,Low-Activity
C4188,1,10151.0,10151.0,0,0.0,5.028014007003502,2.514007003501751,Dormant
C4190,1,74033.0,74033.0,0,0.0,36.984992496248125,18.492496248124063,Dormant
C4191,2,127639.0,63819.5,73,2.0408163265306123,63.80140070035017,32.921108513440394,Low-Activity
C4192,2,137211.0,68605.5,70,2.0408163265306123,68.58979489744871,35.315305611989665,Low-Activity
C4195,1,75736.0,75736.0,0,0.0,37.836918459229615,18.918459229614808,Dormant
C4196,2,103012.0,51506.0,173,2.0408163265306123,51.481740870435225,26.761278598482917,Low-Activity
C4197,3,128941.0,42980.333333333336,292,4.081632653061225,64.45272636318158,34.2671795081214,Low-Activity
C4198,1,27756.0,27756.0,0,0.0,13.834917458729365,6.917458729364682,Dormant
C4199,3,217527.0,72509.0,150,4.081632653061225,100.0,52.04081632653061,Active
C4200,1,72395.0,72395.0,0,0.0,36.16558279139569,18.082791395697846,Dormant
C4201,4,153396.0,38349.0,177,6.122448979591836,76.68634317158579,41.404396075588814,Low-Activity
C4202,1,64318.0,64318.0,0,0.0,32.12506253126563,16.062531265632813,Dormant
C4203,2,108522.0,54261.0,216,2.0408163265306123,54.238119059529765,28.139467693030188,Low-Activity
C4206,1,5215.0,5215.0,0,0.0,2.5587793896948474,1.2793896948474237,Dormant
C4209,1,13350.0,13350.0,0,0.0,6.628314157078539,3.3141570785392696,Dormant
C4211,1,37275.0,37275.0,0,0.0,18.5967983991996,9.2983991995998,Dormant
C4212,1,97546.0,97546.0,0,0.0,48.74737368684342,24.37368684342171,Dormant
C4215,2,15127.0,7563.5,151,2.0408163265306123,7.517258629314657,4.779037477922635,Dormant
C4216,4,292074.0,73018.5,245,6.122448979591836,100.0,53.06122448979592,Active
C4217,1,50105.0,50105.0,0,0.0,25.015007503751875,12.507503751875937,Dormant
C4218,1,80898.0,80898.0,0,0.0,40.419209604802404,20.209604802401202,Dormant
C4219,1,94918.0,94918.0,0,0.0,47.432716358179086,23.716358179089543,Dormant
C4220,1,37989.0,37989.0,0,0.0,18.953976988494247,9.476988494247124,Dormant
C4223,1,23080.0,23080.0,0,0.0,11.495747873936967,5.7478739369684835,Dormant
C4224,1,41141.0,41141.0,0,0.0,20.530765382691346,10.265382691345673,Dormant
C4225,2,127362.0,63681.0,58,2.0408163265306123,63.662831415707856,32.85182387111924,Low-Activity
C4226,1,50015.0,50015.0,0,0.0,24.969984992496247,12.484992496248124,Dormant
C4227,2,132859.0,66429.5,67,2.0408163265306123,66.41270635317659,34.2267613398536,Low-Activity
C4228,2,62894.0,31447.0,150,2.0408163265306123,31.41270635317659,16.7267613398536,Dormant
C4229,2,157076.0,78538.0,233,2.0408163265306123,78.52726363181591,40.284039979173265,Low-Activity
C4230,1,8543.0,8543.0,0,0.0,4.2236118059029515,2.1118059029514757,Dormant
C4231,2,111096.0,55548.0,180,2.0408163265306123,55.52576288144072,28.783289603985665,Low-Activity
C4232,1,60329.0,60329.0,0,0.0,30.129564782391192,15.064782391195596,Dormant
C4235,2,129644.0,64822.0,346,2.0408163265306123,64.80440220110056,33.42260926381559,Low-Activity
C4236,1,57820.0,57820.0,0,0.0,28.874437218609305,14.437218609304653,Dormant
C4237,3,96738.0,32246.0,227,4.081632653061225,48.3431715857929,26.212402119427065,Low-Activity
C4238,1,55280.0,55280.0,0,0.0,27.603801900950476,13.801900950475238,Dormant
C4239,3,115699.0,38566.333333333336,98,4.081632653061225,57.82841420710355,30.955023430082388,Low-Activity
C4240,3,151544.0,50514.666666666664,186,4.081632653061225,75.75987993996999,39.920756296515606,Low-Activity
C4241,2,136886.0,68443.0,26,2.0408163265306123,68.4272136068034,35.23401496666701,Low-Activity
C4242,1,98057.0,98057.0,0,0.0,49.00300150075038,24.50150075037519,Dormant
C4243,3,110957.0,36985.666666666664,146,4.081632653061225,55.456228114057026,29.768930383559127,Low-Activity
C4244,1,81754.0,81754.0,0,0.0,40.84742371185593,20.423711855927966,Dormant
C4246,1,79379.0,79379.0,0,0.0,39.65932966483241,19.829664832416206,Dormant
C4247,1,50105.0,50105.0,0,0.0,25.015007503751875,12.507503751875937,Dormant
C4249,1,50105.0,50105.0,0,0.0,25.015007503751875,12.507503751875937,Dormant
C4250,1,94934.0,94934.0,0,0.0,47.44072036018009,23.720360180090044,Dormant
C4252,1,46455.0,46455.0,0,0.0,23.189094547273637,11.594547273636818,Dormant
C4253,2,109465.0,54732.5,40,2.0408163265306123,54.70985492746373,28.37533562699717,Low-Activity
C4255,1,28424.0,28424.0,0,0.0,14.169084542271134,7.084542271135567,Dormant
C4257,2,89954.0,44977.0,22,2.0408163265306123,44.94947473736868,23.495145531949646,Dormant
C4258,5,223994.0,44798.8,186,8.16326530612245,100.0,54.08163265306123,Active
C4259,4,242933.0,60733.25,127,6.122448979591836,100.0,53.06122448979592,Active
C4261,1,50300.0,50300.0,0,0.0,25.11255627813907,12.556278139069535,Dormant
C4262,3,211707.0,70569.0,134,4.081632653061225,100.0,52.04081632653061,Active
C4264,1,80193.0,80193.0,0,0.0,40.066533266633314,20.033266633316657,Dormant
C4266,1,55362.0,55362.0,0,0.0,27.644822411205606,13.822411205602803,Dormant
C4267,3,56182.0,18727.333333333332,240,4.081632653061225,28.05502751375688,16.06833008340905,Dormant
C4270,1,85205.0,85205.0,0,0.0,42.57378689344672,21.28689344672336,Dormant
C4271,2,90101.0,45050.5,102,2.0408163265306123,45.023011505752876,23.531913916141743,Dormant
C4272,1,83917.0,83917.0,0,0.0,41.929464732366185,20.964732366183092,Dormant
C4273,4,221836.0,55459.0,191,6.122448979591836,100.0,53.06122448979592,Active
C4275,1,68520.0,68520.0,0,0.0,34.22711355677839,17.113556778389196,Dormant
C4276,2,72606.0,36303.0,39,2.0408163265306123,36.271135567783894,19.155975947157252,Dormant
C4277,1,24174.0,24174.0,0,0.0,12.043021510755377,6.0215107553776885,Dormant
C4278,2,64401.0,32200.5,90,2.0408163265306123,32.16658329164582,17.103699809088216,Dormant
C4279,1,67232.0,67232.0,0,0.0,33.582791395697846,16.791395697848923,Dormant
C4281,2,66306.0,33153.0,175,2.0408163265306123,33.11955977988995,17.58018805321028,Dormant
C4284,1,41600.0,41600.0,0,0.0,20.76038019009505,10.380190095047524,Dormant
C4285,2,91991.0,45995.5,84,2.0408163265306123,45.96848424212106,24.004650284325834,Dormant
C4291,3,125642.0,41880.666666666664,235,4.081632653061225,62.8024012006003,33.44201692683076,Low-Activity
C4292,2,135576.0,67788.0,25,2.0408163265306123,67.7718859429715,34.906351134751056,Low-Activity
C4293,1,61492.0,61492.0,0,0.0,30.71135567783892,15.35567783891946,Dormant
C4294,2,168864.0,84432.0,26,2.0408163265306123,84.42421210605303,43.232514216291825,Low-Activity
C4296,1,4054.0,4054.0,0,0.0,1.9779889944972489,0.9889944972486244,Dormant
C4300,2,71277.0,35638.5,30,2.0408163265306123,35.60630315157579,18.8235597390532,Dormant
C4301,1,27779.0,27779.0,0,0.0,13.846423211605801,6.9232116058029005,Dormant
C4302,1,96671.0,96671.0,0,0.0,48.30965482741371,24.154827413706855,Dormant
C4303,1,19977.0,19977.0,0,0.0,9.943471735867934,4.971735867933967,Dormant
C4304,1,66092.0,66092.0,0,0.0,33.01250625312656,16.50625312656328,Dormant
C4305,1,11715.0,11715.0,0,0.0,5.8104052026013004,2.9052026013006502,Dormant
C4306,2,104026.0,52013.0,11,2.0408163265306123,51.98899449724862,27.014905411889615,Low-Activity
C4308,2,109800.0,54900.0,211,2.0408163265306123,54.87743871935968,28.459127522945145,Low-Activity
C4309,1,50105.0,50105.0,0,0.0,25.015007503751875,12.507503751875937,Dormant
C4310,1,8655.0,8655.0,0,0.0,4.279639819909955,2.1398199099549773,Dormant
C4311,1,96807.0,96807.0,0,0.0,48.37768884442221,24.188844422211105,Dormant
C4312,1,88621.0,88621.0,0,0.0,44.28264132066033,22.141320660330166,Dormant
C4313,1,50105.0,50105.0,0,0.0,25.015007503751875,12.507503751875937,Dormant
C4317,1,50105.0,50105.0,0,0.0,25.015007503751875,12.507503751875937,Dormant
C4318,2,109044.0,54522.0,15,2.0408163265306123,54.49924962481241,28.27003297567151,Low-Activity
C4319,1,7062.0,7062.0,0,0.0,3.4827413706853423,1.7413706853426711,Dormant
C4320,1,17585.0,17585.0,0,0.0,8.74687343671836,4.37343671835918,Dormant
C4321,1,3936.0,3936.0,0,0.0,1.91895947973987,0.959479739869935,Dormant
C4324,2,107839.0,53919.5,100,2.0408163265306123,53.896448224112056,27.968632275321333,Low-Activity
C4326,2,92967.0,46483.5,170,2.0408163265306123,46.45672836418209,24.24877234535635,Dormant
C4327,2,70572.0,35286.0,167,2.0408163265306123,35.253626813406704,18.647221569968657,Dormant
C4329,1,85684.0,85684.0,0,0.0,42.813406703351674,21.406703351675837,Dormant
C4330,1,38546.0,38546.0,0,0.0,19.23261630815408,9.61630815407704,Dormant
C4331,2,87389.0,43694.5,226,2.0408163265306123,43.66633316658329,22.85357474655695,Dormant
C4332,1,42494.0,42494.0,0,0.0,21.20760380190095,10.603801900950476,Dormant
C4335,1,38456.0,38456.0,0,0.0,19.18759379689845,9.593796898449225,Dormant
C4339,1,12362.0,12362.0,0,0.0,6.134067033516758,3.067033516758379,Dormant
C4340,2,48771.0,24385.5,124,2.0408163265306123,24.34767383691846,13.194245081724537,Dormant
C4342,2,91531.0,45765.5,5,2.0408163265306123,45.7383691845923,23.889592755561456,Dormant
C4343,2,20700.0,10350.0,43,2.0408163265306123,10.305152576288144,6.172984451409378,Dormant
C4345,2,11968.0,5984.0,218,2.0408163265306123,5.93696848424212,3.988892405386366,Dormant
C4346,2,64159.0,32079.5,229,2.0408163265306123,32.04552276138069,17.04316954395565,Dormant
C4347,1,95879.0,95879.0,0,0.0,47.91345672836418,23.95672836418209,Dormant
C4348,1,11215.0,11215.0,0,0.0,5.560280140070035,2.7801400700350176,Dormant
C4349,2,132995.0,66497.5,213,2.0408163265306123,66.48074037018509,34.26077834835785,Low-Activity
C4354,2,151763.0,75881.5,121,2.0408163265306123,75.86943471735867,38.955125521944645,Low-Activity
C4356,1,3428.0,3428.0,0,0.0,1.6648324162081043,0.8324162081040521,Dormant
C4357,1,32738.0,32738.0,0,0.0,16.327163581790895,8.163581790895448,Dormant
C4358,1,82598.0,82598.0,0,0.0,41.26963481740871,20.634817408704354,Dormant
C4359,2,132104.0,66052.0,223,2.0408163265306123,66.03501750875438,34.0379169176425,Low-Activity
C4360,1,62735.0,62735.0,0,0.0,31.333166583291643,15.666583291645821,Dormant
C4361,1,19832.0,19832.0,0,0.0,9.870935467733867,4.9354677338669335,Dormant
C4363,2,120152.0,60076.0,83,2.0408163265306123,60.056028014007,31.048422170268804,Low-Activity
C4364,1,50105.0,50105.0,0,0.0,25.015007503751875,12.507503751875937,Dormant
C4365,1,2267.0,2267.0,0,0.0,1.0840420210105053,0.5420210105052526,Dormant
C4367,3,135705.0,45235.0,214,4.081632653061225,67.83641820910455,35.959025431082885,Low-Activity
C4368,1,19451.0,19451.0,0,0.0,9.680340170085042,4.840170085042521,Dormant
C4370,1,73736.0,73736.0,0,0.0,36.83641820910456,18.41820910455228,Dormant
C4373,2,185004.0,92502.0,90,2.0408163265306123,92.49824912456228,47.26953272554645,Low-Activity
C4374,5,272152.0,54430.4,169,8.16326530612245,100.0,54.08163265306123,Active
C4376,1,41388.0,41388.0,0,0.0,20.65432716358179,10.327163581790895,Dormant
C4377,1,25110.0,25110.0,0,0.0,12.511255627813908,6.255627813906954,Dormant
C4378,1,65745.0,65745.0,0,0.0,32.838919459729865,16.419459729864933,Dormant
C4380,2,94269.0,47134.5,108,2.0408163265306123,47.10805402701351,24.57443517677206,Dormant
C4381,1,84231.0,84231.0,0,0.0,42.08654327163582,21.04327163581791,Dormant
C4382,1,83446.0,83446.0,0,0.0,41.69384692346173,20.846923461730864,Dormant
C4384,2,116295.0,58147.5,105,2.0408163265306123,58.12656328164082,30.083689804085715,Low-Activity
C4385,3,184566.0,61522.0,200,4.081632653061225,92.2791395697849,48.18038611142306,Low-Activity
C4389,3,227478.0,75826.0,308,4.081632653061225,100.0,52.04081632653061,Active
C4390,1,55976.0,55976.0,0,0.0,27.951975987994,13.975987993997,Dormant
C4391,3,226453.0,75484.33333333333,256,4.081632653061225,100.0,52.04081632653061,Active
C4392,1,77695.0,77695.0,0,0.0,38.81690845422711,19.408454227113555,Dormant
C4394,1,47053.0,47053.0,0,0.0,23.48824412206103,11.744122061030515,Dormant
C4395,2,158634.0,79317.0,193,2.0408163265306123,79.30665332666334,40.67373482659698,Low-Activity
C4397,1,11247.0,11247.0,0,0.0,5.576288144072036,2.788144072036018,Dormant
C4398,2,43869.0,21934.5,9,2.0408163265306123,21.89544772386193,11.968132025196272,Dormant
C4399,1,64808.0,64808.0,0,0.0,32.37018509254627,16.185092546273136,Dormant
C4400,1,38511.0,38511.0,0,0.0,19.21510755377689,9.607553776888444,Dormant
C4401,2,118694.0,59347.0,238,2.0408163265306123,59.32666333166583,30.68373982909822,Low-Activity
C4403,1,80010.0,80010.0,0,0.0,39.97498749374687,19.987493746873437,Dormant
C4406,5,200308.0,40061.6,271,8.16326530612245,100.0,54.08163265306123,Active
C4407,3,105626.0,35208.666666666664,76,4.081632653061225,52.789394697348676,28.43551367520495,Low-Activity
C4408,1,77229.0,77229.0,0,0.0,38.583791895947975,19.291895947973988,Dormant
C4409,1,2255.0,2255.0,0,0.0,1.078039019509755,0.5390195097548774,Dormant
C4412,1,93935.0,93935.0,0,0.0,46.94097048524262,23.47048524262131,Dormant
C4413,1,90935.0,90935.0,0,0.0,45.44022011005503,22.720110055027515,Dormant
C4414,2,106265.0,53132.5,123,2.0408163265306123,53.10905452726363,27.57493542689712,Low-Activity
C4415,1,89517.0,89517.0,0,0.0,44.73086543271636,22.36543271635818,Dormant
C4416,2,92454.0,46227.0,20,2.0408163265306123,46.200100050025014,24.120458188277812,Dormant
C4417,1,2266.0,2266.0,0,0.0,1.0835417708854427,0.5417708854427213,Dormant
C4419,1,50105.0,50105.0,0,0.0,25.015007503751875,12.507503751875937,Dormant
C4420,2,94655.0,47327.5,32,2.0408163265306123,47.30115057528764,24.670983450909127,Dormant
C4423,1,45985.0,45985.0,0,0.0,22.953976988494247,11.476988494247124,Dormant
C4424,1,98383.0,98383.0,0,0.0,49.16608304152076,24.58304152076038,Dormant
C4426,2,82733.0,41366.5,101,2.0408163265306123,41.337168584292144,21.688992455411377,Dormant
C4427,1,7669.0,7669.0,0,0.0,3.7863931965982993,1.8931965982991497,Dormant
C4428,1,29749.0,29749.0,0,0.0,14.831915957978989,7.4159579789894945,Dormant
C4430,2,150613.0,75306.5,59,2.0408163265306123,75.29414707353676,38.66748170003369,Low-Activity
C4431,1,22363.0,22363.0,0,0.0,11.137068534267133,5.5685342671335665,Dormant
C4432,3,137468.0,45822.666666666664,86,4.081632653061225,68.7183591795898,36.39999591632551,Low-Activity
C4435,3,175406.0,58468.666666666664,32,4.081632653061225,87.6968484242121,45.88924053863666,Low-Activity
C4436,1,35012.0,35012.0,0,0.0,17.464732366183092,8.732366183091546,Dormant
C4439,2,126395.0,63197.5,19,2.0408163265306123,63.17908954477238,32.6099529356515,Low-Activity
C4440,3,105773.0,35257.666666666664,178,4.081632653061225,52.86293146573286,28.472282059397045,Low-Activity
C4442,1,23272.0,23272.0,0,0.0,11.591795897948973,5.795897948974487,Dormant
C4443,1,67694.0,67694.0,0,0.0,33.81390695347674,16.90695347673837,Dormant
C4444,1,10195.0,10195.0,0,0.0,5.050025012506254,2.525012506253127,Dormant
C4446,2,167460.0,83730.0,42,2.0408163265306123,83.72186093046523,42.88133862849792,Low-Activity
C4450,1,74918.0,74918.0,0,0.0,37.42771385692846,18.71385692846423,Dormant
C4451,2,86531.0,43265.5,73,2.0408163265306123,43.237118559279644,22.638967442905127,Dormant
C4452,1,66584.0,66584.0,0,0.0,33.25862931465733,16.629314657328663,Dormant
C4453,2,94800.0,47400.0,120,2.0408163265306123,47.37368684342171,24.70725158497616,Dormant
C4454,2,104969.0,52484.5,217,2.0408163265306123,52.4607303651826,27.250773345856604,Low-Activity
C4456,2,119986.0,59993.0,187,2.0408163265306123,59.97298649324663,31.00690140988862,Low-Activity
C4457,1,59751.0,59751.0,0,0.0,29.84042021010505,14.920210105052526,Dormant
C4459,1,92801.0,92801.0,0,0.0,46.373686843421716,23.186843421710858,Dormant
C4462,2,129904.0,64952.0,4,2.0408163265306123,64.93446723361681,33.487641780073716,Low-Activity
C4464,1,50105.0,50105.0,0,0.0,25.015007503751875,12.507503751875937,Dormant
C4465,1,82001.0,82001.0,0,0.0,40.97098549274637,20.485492746373186,Dormant
C4466,3,144658.0,48219.333333333336,82,4.081632653061225,72.3151575787894,38.19839511592531,Low-Activity
C4471,1,3548.0,3548.0,0,0.0,1.724862431215608,0.862431215607804,Dormant
C4472,1,55735.0,55735.0,0,0.0,27.831415707853928,13.915707853926964,Dormant
C4475,1,50105.0,50105.0,0,0.0,25.015007503751875,12.507503751875937,Dormant
C4476,1,21846.0,21846.0,0,0.0,10.878439219609804,5.439219609804902,Dormant
C4483,5,214052.0,42810.4,181,8.16326530612245,100.0,54.08163265306123,Active
C4486,2,136686.0,68343.0,142,2.0408163265306123,68.3271635817909,35.18398995416076,Low-Activity
C4487,1,7077.0,7077.0,0,0.0,3.490245122561281,1.7451225612806405,Dormant
C4489,2,108590.0,54295.0,220,2.0408163265306123,54.272136068034015,28.156476197282313,Low-Activity
C4490,3,126969.0,42323.0,356,4.081632653061225,63.46623311655828,33.77393288480975,Low-Activity
C4491,1,37769.0,37769.0,0,0.0,18.843921960980488,9.421960980490244,Dormant
C4493,1,50105.0,50105.0,0,0.0,25.015007503751875,12.507503751875937,Dormant
C4494,1,10325.0,10325.0,0,0.0,5.115057528764382,2.557528764382191,Dormant
C4495,1,89574.0,89574.0,0,0.0,44.75937968984493,22.379689844922463,Dormant
C4496,2,74788.0,37394.0,170,2.0408163265306123,37.362681340670335,19.701748833600472,Dormant
C4497,1,4294.0,4294.0,0,0.0,2.0980490245122563,1.0490245122561281,Dormant
C4499,1,56557.0,56557.0,0,0.0,28.24262131065533,14.121310655327665,Dormant
C4500,1,36866.0,36866.0,0,0.0,18.392196098049023,9.196098049024512,Dormant
C4504,2,91809.0,45904.5,209,2.0408163265306123,45.87743871935968,23.959127522945145,Dormant
C4505,1,17445.0,17445.0,0,0.0,8.676838419209606,4.338419209604803,Dormant
C4506,1,76560.0,76560.0,0,0.0,38.24912456228114,19.12456228114057,Dormant
C4507,1,83790.0,83790.0,0,0.0,41.86593296648324,20.93296648324162,Dormant
C4510,3,121540.0,40513.333333333336,232,4.081632653061225,60.7503751875938,32.41600392032751,Low-Activity
C4511,1,72536.0,72536.0,0,0.0,36.236118059029515,18.118059029514757,Dormant
C4512,1,42583.0,42583.0,0,0.0,21.252126063031515,10.626063031515757,Dormant
C4513,1,16510.0,16510.0,0,0.0,8.209104552276138,4.104552276138069,Dormant
C4514,1,50105.0,50105.0,0,0.0,25.015007503751875,12.507503751875937,Dormant
C4515,1,50105.0,50105.0,0,0.0,25.015007503751875,12.507503751875937,Dormant
C4516,3,126641.0,42213.666666666664,236,4.081632653061225,63.30215107553777,33.6918918642995,Low-Activity
C4517,1,8204.0,8204.0,0,0.0,4.0540270135067535,2.0270135067533768,Dormant
C4518,1,5774.0,5774.0,0,0.0,2.8384192096048024,1.4192096048024012,Dormant
C4520,1,33447.0,33447.0,0,0.0,16.681840920460232,8.340920460230116,Dormant
C4521,1,98253.0,98253.0,0,0.0,49.10105052526263,24.550525262631314,Dormant
C4523,2,172446.0,86223.0,43,2.0408163265306123,86.21610805402702,44.12846219027882,Low-Activity
C4525,1,42532.0,42532.0,0,0.0,21.226613306653327,10.613306653326664,Dormant
C4527,1,80366.0,80366.0,0,0.0,40.15307653826913,20.076538269134566,Dormant
C4530,2,122905.0,61452.5,106,2.0408163265306123,61.43321660830415,31.73701646741738,Low-Activity
C4531,2,104757.0,52378.5,131,2.0408163265306123,52.35467733866933,27.19774683259997,Low-Activity
C4534,2,24830.0,12415.0,116,2.0408163265306123,12.371185592796397,7.206000959663505,Dormant
C4535,3,149456.0,49818.666666666664,174,4.081632653061225,74.71535767883942,39.39849516595032,Low-Activity
C4536,2,97629.0,48814.5,171,2.0408163265306123,48.78889444722361,25.41485538687711,Low-Activity
C4537,1,72535.0,72535.0,0,0.0,36.23561780890445,18.117808904452225,Dormant
C4539,2,108378.0,54189.0,126,2.0408163265306123,54.166083041520764,28.103449684025687,Low-Activity
C4540,1,86417.0,86417.0,0,0.0,43.18009004502251,21.590045022511255,Dormant
C4541,1,36280.0,36280.0,0,0.0,18.099049524762382,9.049524762381191,Dormant
C4542,1,68450.0,68450.0,0,0.0,34.19209604802401,17.096048024012006,Dormant
C4543,1,23591.0,23591.0,0,0.0,11.751375687843922,5.875687843921961,Dormant
C4544,1,50105.0,50105.0,0,0.0,25.015007503751875,12.507503751875937,Dormant
C4548,1,14113.0,14113.0,0,0.0,7.01000500250125,3.505002501250625,Dormant
C4549,2,86767.0,43383.5,38,2.0408163265306123,43.3551775887944,22.697996957662504,Dormant
C4551,2,163909.0,81954.5,113,2.0408163265306123,81.94547273636819,41.9931445314494,Low-Activity
C4552,1,30709.0,30709.0,0,0.0,15.312156078039019,7.656078039019509,Dormant
C4553,3,174782.0,58260.666666666664,229,4.081632653061225,87.38469234617308,45.73316249961715,Low-Activity
C4554,2,129186.0,64593.0,279,2.0408163265306123,64.57528764382191,33.30805198517626,Low-Activity
C4555,1,6958.0,6958.0,0,0.0,3.4307153576788396,1.7153576788394198,Dormant
C4556,1,70337.0,70337.0,0,0.0,35.13606803401701,17.568034017008504,Dormant
C4557,2,148251.0,74125.5,228,2.0408163265306123,74.11255627813908,38.07668630233485,Low-Activity
C4558,2,98075.0,49037.5,113,2.0408163265306123,49.0120060030015,25.526411164766056,Low-Activity
C4560,2,66685.0,33342.5,38,2.0408163265306123,33.309154577288645,17.674985451909627,Dormant
C4561,4,193600.0,48400.0,184,6.122448979591836,96.7983991995998,51.46042408959582,Active
C4563,1,75695.0,75695.0,0,0.0,37.81640820410205,18.908204102051027,Dormant
C4564,1,83411.0,83411.0,0,0.0,41.676338169084545,20.838169084542272,Dormant
C4565,1,49740.0,49740.0,0,0.0,24.832416208104053,12.416208104052027,Dormant
C4566,1,61263.0,61263.0,0,0.0,30.5967983991996,15.2983991995998,Dormant
C4567,2,182468.0,91234.0,182,2.0408163265306123,91.2296148074037,46.63521556696716,Low-Activity
C4568,1,99652.0,99652.0,0,0.0,49.80090045022511,24.900450225112554,Dormant
C4569,2,76770.0,38385.0,39,2.0408163265306123,38.354177088544276,20.197496707537443,Dormant
C4572,1,6469.0,6469.0,0,0.0,3.1860930465232618,1.5930465232616309,Dormant
C4573,1,73512.0,73512.0,0,0.0,36.72436218109055,18.362181090545274,Dormant
C4574,3,202989.0,67663.0,281,4.081632653061225,100.0,52.04081632653061,Active
C4575,1,15896.0,15896.0,0,0.0,7.901950975487744,3.950975487743872,Dormant
C4579,1,83968.0,83968.0,0,0.0,41.95497748874437,20.977488744372184,Dormant
C4580,1,79884.0,79884.0,0,0.0,39.911955977988995,19.955977988994498,Dormant
C4581,2,115871.0,57935.5,57,2.0408163265306123,57.9144572286143,29.977636777572457,Low-Activity
C4583,1,51340.0,51340.0,0,0.0,25.6328164082041,12.81640820410205,Dormant
C4584,1,28184.0,28184.0,0,0.0,14.049024512256128,7.024512256128064,Dormant
C4586,1,25009.0,25009.0,0,0.0,12.460730365182592,6.230365182591296,Dormant
C4587,2,48347.0,24173.5,133,2.0408163265306123,24.135567783891947,13.08819205521128,Dormant
C4590,1,4222.0,4222.0,0,0.0,2.062031015507754,1.031015507753877,Dormant
C4591,1,37122.0,37122.0,0,0.0,18.520260130065033,9.260130065032516,Dormant
C4593,1,10050.0,10050.0,0,0.0,4.977488744372186,2.488744372186093,Dormant
C4594,1,50105.0,50105.0,0,0.0,25.015007503751875,12.507503751875937,Dormant
C4596,1,23060.0,23060.0,0,0.0,11.485742871435718,5.742871435717859,Dormant
C4598,4,196100.0,49025.0,171,6.122448979591836,98.04902451225614,52.08573674592399,Active
C4600,1,61164.0,61164.0,0,0.0,30.54727363681841,15.273636818409205,Dormant
C4602,1,65597.0,65597.0,0,0.0,32.764882441220614,16.382441220610307,Dormant
C4604,1,76019.0,76019.0,0,0.0,37.97848924462231,18.989244622311155,Dormant
C4605,1,51509.0,51509.0,0,0.0,25.717358679339668,12.858679339669834,Dormant
C4606,1,50874.0,50874.0,0,0.0,25.39969984992496,12.69984992496248,Dormant
C4607,2,130585.0,65292.5,25,2.0408163265306123,65.27513756878439,33.6579769476575,Low-Activity
C4610,3,191602.0,63867.333333333336,54,4.081632653061225,95.79889944972486,49.94026605139304,Low-Activity
C4612,2,56678.0,28339.0,94,2.0408163265306123,28.303151575787894,15.171983951159254,Dormant
C4614,1,12993.0,12993.0,0,0.0,6.449724862431215,3.2248624312156076,Dormant
C4618,2,96563.0,48281.5,36,2.0408163265306123,48.255627813906955,25.148222070218782,Low-Activity
C4619,1,19132.0,19132.0,0,0.0,9.520760380190096,4.760380190095048,Dormant
C4620,1,9596.0,9596.0,0,0.0,4.750375187593797,2.3751875937968987,Dormant
C4621,3,170173.0,56724.333333333336,75,4.081632653061225,85.07903951975987,44.58033608641055,Low-Activity
C4622,2,33793.0,16896.5,221,2.0408163265306123,16.854927463731865,9.44787189513124,Dormant
C4624,1,36794.0,36794.0,0,0.0,18.356178089044523,9.178089044522261,Dormant
C4625,1,82703.0,82703.0,0,0.0,41.32216108054027,20.661080540270135,Dormant
C4626,1,9760.0,9760.0,0,0.0,4.832416208104052,2.416208104052026,Dormant
C4627,2,36168.0,18084.0,62,2.0408163265306123,18.043021510755377,10.041918918642995,Dormant
C4628,2,81144.0,40572.0,105,2.0408163265306123,40.54227113556778,21.291543731049195,Dormant
C4629,4,175518.0,43879.5,279,6.122448979591836,87.7528764382191,46.93766270890547,Low-Activity
C4630,2,30221.0,15110.5,18,2.0408163265306123,15.068034017008506,8.554425171769559,Dormant
C4631,2,91669.0,45834.5,67,2.0408163265306123,45.80740370185092,23.924110014190767,Dormant
C4632,1,51555.0,51555.0,0,0.0,25.740370185092548,12.870185092546274,Dormant
C4633,1,886.0,886.0,0,0.0,0.39319659829914955,0.19659829914957477,Dormant
C4636,3,244564.0,81521.33333333333,109,4.081632653061225,100.0,52.04081632653061,Active
C4637,2,100366.0,50183.0,53,2.0408163265306123,50.15807903951976,26.099447683025186,Low-Activity
C4638,2,34521.0,17260.5,204,2.0408163265306123,17.21910955477739,9.629962940654002,Dormant
C4640,1,79559.0,79559.0,0,0.0,39.74937468734367,19.874687343671834,Dormant
C4641,3,143486.0,47828.666666666664,277,4.081632653061225,71.72886443221611,37.90524854263867,Low-Activity
C4642,2,113372.0,56686.0,290,2.0408163265306123,56.66433216608304,29.352574246306826,Low-Activity
C4644,5,186190.0,37238.0,318,8.16326530612245,93.09154577288645,50.62740553950445,Active
C4645,3,99960.0,33320.0,61,4.081632653061225,49.954977488744376,27.0183050709028,Low-Activity
C4648,1,77019.0,77019.0,0,0.0,38.478739369684845,19.239369684842423,Dormant
C4650,1,45374.0,45374.0,0,0.0,22.64832416208104,11.32416208104052,Dormant
C4653,2,64079.0,32039.5,23,2.0408163265306123,32.00550275137569,17.02315953895315,Dormant
C4654,1,19410.0,19410.0,0,0.0,9.659829914957479,4.8299149574787394,Dormant
C4655,2,109374.0,54687.0,36,2.0408163265306123,54.66433216608304,28.352574246306826,Low-Activity
C4659,4,207918.0,51979.5,136,6.122448979591836,100.0,53.06122448979592,Active
C4660,1,50105.0,50105.0,0,0.0,25.015007503751875,12.507503751875937,Dormant
C4661,1,556.0,556.0,0,0.0,0.22811405702851426,0.11405702851425713,Dormant
C4662,1,87473.0,87473.0,0,0.0,43.708354177088545,21.854177088544272,Dormant
C4663,2,79580.0,39790.0,184,2.0408163265306123,39.759879939969984,20.900348133250297,Dormant
C4664,1,74467.0,74467.0,0,0.0,37.20210105052526,18.60105052526263,Dormant
C4665,1,21507.0,21507.0,0,0.0,10.708854427213607,5.354427213606804,Dormant
C4666,1,10798.0,10798.0,0,0.0,5.351675837918959,2.6758379189594796,Dormant
C4667,1,60170.0,60170.0,0,0.0,30.050025012506254,15.025012506253127,Dormant
C4670,3,171475.0,57158.333333333336,188,4.081632653061225,85.7303651825913,44.90599891782626,Low-Activity
C4671,1,82874.0,82874.0,0,0.0,41.407703851925966,20.703851925962983,Dormant
C4672,3,143484.0,47828.0,181,4.081632653061225,71.72786393196598,37.9047482925136,Low-Activity
C4673,1,87434.0,87434.0,0,0.0,43.688844422211105,21.844422211105552,Dormant
C4674,2,100958.0,50479.0,182,2.0408163265306123,50.45422711355678,26.247521720043697,Low-Activity
C4675,3,115427.0,38475.666666666664,191,4.081632653061225,57.69234617308654,30.886989413073884,Low-Activity
C4676,4,194338.0,48584.5,239,6.122448979591836,97.16758379189595,51.645016385743894,Active
C4677,2,117782.0,58891.0,78,2.0408163265306123,58.87043521760881,30.45562577206971,Low-Activity
C4679,1,50105.0,50105.0,0,0.0,25.015007503751875,12.507503751875937,Dormant
C4680,1,56938.0,56938.0,0,0.0,28.43321660830415,14.216608304152075,Dormant
C4681,1,11527.0,11527.0,0,0.0,5.716358179089545,2.8581790895447723,Dormant
C4683,3,199485.0,66495.0,99,4.081632653061225,99.74237118559279,51.912001919327004,Active
C4687,2,100027.0,50013.5,187,2.0408163265306123,49.98849424712356,26.014655286827086,Low-Activity
C4688,3,122033.0,40677.666666666664,171,4.081632653061225,60.99699849924962,32.539315576155424,Low-Activity
C4690,2,73679.0,36839.5,218,2.0408163265306123,36.80790395197599,19.4243601392533,Dormant
C4695,2,134783.0,67391.5,202,2.0408163265306123,67.37518759379691,34.70800196016376,Low-Activity
C4696,3,88341.0,29447.0,222,4.081632653061225,44.14257128564282,24.112101969352025,Dormant
C4697,1,42519.0,42519.0,0,0.0,21.220110055027515,10.610055027513758,Dormant
C4699,2,158576.0,79288.0,239,2.0408163265306123,79.2776388194097,40.65922757297016,Low-Activity
C4700,1,72764.0,72764.0,0,0.0,36.350175087543775,18.175087543771888,Dormant
C4701,3,168126.0,56042.0,183,4.081632653061225,84.05502751375687,44.068330083409045,Low-Activity
C4705,1,33595.0,33595.0,0,0.0,16.755877938969483,8.377938969484742,Dormant
C4708,1,26498.0,26498.0,0,0.0,13.205602801400701,6.602801400700351,Dormant
C4709,2,178562.0,89281.0,17,2.0408163265306123,89.27563781890946,45.65822707272004,Low-Activity
C4711,1,27944.0,27944.0,0,0.0,13.92896448224112,6.96448224112056,Dormant
C4712,1,35678.0,35678.0,0,0.0,17.79789894947474,8.89894947473737,Dormant
C4713,1,79699.0,79699.0,0,0.0,39.819409704852426,19.909704852426213,Dormant
C4714,1,75090.0,75090.0,0,0.0,37.51375687843922,18.75687843921961,Dormant
C4715,1,63940.0,63940.0,0,0.0,31.935967983991997,15.967983991995998,Dormant
C4716,2,79964.0,39982.0,230,2.0408163265306123,39.951975987994,20.996396157262303,Dormant
C4717,1,36562.0,36562.0,0,0.0,18.240120060030016,9.120060030015008,Dormant
C4718,4,107002.0,26750.5,251,6.122448979591836,53.477738869434724,29.80009392451328,Low-Activity
C4719,5,217117.0,43423.4,261,8.16326530612245,100.0,54.08163265306123,Active
C4720,2,77147.0,38573.5,141,2.0408163265306123,38.542771385692845,20.291793856111727,Dormant
C4722,3,162594.0,54198.0,221,4.081632653061225,81.28764382191096,42.68463823748609,Low-Activity
C4723,1,64149.0,64149.0,0,0.0,32.040520260130066,16.020260130065033,Dormant
C4724,1,59435.0,59435.0,0,0.0,29.682341170585293,14.841170585292646,Dormant
C4725,1,45057.0,45057.0,0,0.0,22.48974487243622,11.24487243621811,Dormant
C4726,1,4456.0,4456.0,0,0.0,2.179089544772386,1.089544772386193,Dormant
C4727,3,149734.0,49911.333333333336,253,4.081632653061225,74.8544272136068,39.46802993333401,Low-Activity
C4729,1,50911.0,50911.0,0,0.0,25.418209104552275,12.709104552276138,Dormant
C4730,1,79845.0,79845.0,0,0.0,39.892446223111556,19.946223111555778,Dormant
C4731,1,53040.0,53040.0,0,0.0,26.483241620810404,13.241620810405202,Dormant
C4732,1,43523.0,43523.0,0,0.0,21.722361180590294,10.861180590295147,Dormant
C4734,1,7545.0,7545.0,0,0.0,3.724362181090545,1.8621810905452725,Dormant
C4735,3,108932.0,36310.666666666664,6,4.081632653061225,54.4432216108054,29.262427131933315,Low-Activity
C4736,1,9717.0,9717.0,0,0.0,4.810905452726363,2.4054527263631815,Dormant
C4737,1,13769.0,13769.0,0,0.0,6.83791895947974,3.41895947973987,Dormant
C4738,1,26011.0,26011.0,0,0.0,12.961980990495247,6.480990495247624,Dormant
C4740,2,35789.0,17894.5,21,2.0408163265306123,17.85342671335668,9.947121519943646,Dormant
C4741,3,243495.0,81165.0,131,4.081632653061225,100.0,52.04081632653061,Active
C4743,1,98952.0,98952.0,0,0.0,49.45072536268134,24.72536268134067,Dormant
C4744,3,173974.0,57991.333333333336,232,4.081632653061225,86.98049024512257,45.531061449091894,Low-Activity
C4747,3,166602.0,55534.0,259,4.081632653061225,83.29264632316158,43.6871394881114,Low-Activity
C4748,4,290759.0,72689.75,199,6.122448979591836,100.0,53.06122448979592,Active
C4749,2,100912.0,50456.0,42,2.0408163265306123,50.43121560780391,26.23601596716726,Low-Activity
C4750,1,87278.0,87278.0,0,0.0,43.61080540270135,21.805402701350676,Dormant
C4751,1,3021.0,3021.0,0,0.0,1.4612306153076537,0.7306153076538269,Dormant
C4754,1,50105.0,50105.0,0,0.0,25.015007503751875,12.507503751875937,Dormant
C4756,2,65322.0,32661.0,3,2.0408163265306123,32.62731365682841,17.33406499167951,Dormant
C4757,1,23604.0,23604.0,0,0.0,11.757878939469734,5.878939469734867,Dormant
C4758,3,116185.0,38728.333333333336,256,4.081632653061225,58.071535767883944,31.076584210472586,Low-Activity
C4759,1,98430.0,98430.0,0,0.0,49.1895947973987,24.59479739869935,Dormant
C4760,2,117986.0,58993.0,140,2.0408163265306123,58.97248624312156,30.506651284826084,Low-Activity
C4762,1,63298.0,63298.0,0,0.0,31.61480740370185,15.807403701850925,Dormant
C4763,1,98947.0,98947.0,0,0.0,49.448224112056025,24.724112056028012,Dormant
C4764,2,73102.0,36551.0,199,2.0408163265306123,36.51925962981491,19.28003797817276,Dormant
C4765,1,60966.0,60966.0,0,0.0,30.448224112056028,15.224112056028014,Dormant
C4766,3,114489.0,38163.0,152,4.081632653061225,57.22311155577788,30.652372104419555,Low-Activity
C4767,1,38482.0,38482.0,0,0.0,19.200600300150075,9.600300150075038,Dormant
C4768,2,49582.0,24791.0,31,2.0408163265306123,24.753376688344172,13.397096507437393,Dormant
C4769,1,83765.0,83765.0,0,0.0,41.853426713356676,20.926713356678338,Dormant
C4770,3,72318.0,24106.0,205,4.081632653061225,36.127063531765884,20.104348092413556,Dormant
C4771,1,77331.0,77331.0,0,0.0,38.63481740870435,19.317408704352175,Dormant
C4772,1,49203.0,49203.0,0,0.0,24.56378189094547,12.281890945472735,Dormant
C4773,1,37411.0,37411.0,0,0.0,18.664832416208103,9.332416208104052,Dormant
C4775,3,166066.0,55355.333333333336,240,4.081632653061225,83.02451225612806,43.55307245459464,Low-Activity
C4777,1,80380.0,80380.0,0,0.0,40.160080040020006,20.080040020010003,Dormant
C4778,1,13746.0,13746.0,0,0.0,6.826413206603302,3.413206603301651,Dormant
C4779,1,50105.0,50105.0,0,0.0,25.015007503751875,12.507503751875937,Dormant
C4782,1,28133.0,28133.0,0,0.0,14.023511755877937,7.011755877938969,Dormant
C4783,2,100965.0,50482.5,167,2.0408163265306123,50.45772886443222,26.249272595481415,Low-Activity
C4785,1,96930.0,96930.0,0,0.0,48.4392196098049,24.21960980490245,Dormant
C4786,2,54405.0,27202.5,22,2.0408163265306123,27.16608304152076,14.603449684025687,Dormant
C4787,1,71984.0,71984.0,0,0.0,35.959979989995,17.9799899949975,Dormant
C4788,1,8986.0,8986.0,0,0.0,4.4452226113056525,2.2226113056528263,Dormant
C4789,1,57384.0,57384.0,0,0.0,28.65632816408204,14.32816408204102,Dormant
C4790,1,16887.0,16887.0,0,0.0,8.397698849424712,4.198849424712356,Dormant
C4791,2,123228.0,61614.0,43,2.0408163265306123,61.594797398699356,31.817806862614983,Low-Activity
C4792,2,59915.0,29957.5,184,2.0408163265306123,29.922461230615312,15.981638778572963,Dormant
C4793,2,143693.0,71846.5,102,2.0408163265306123,71.83241620810405,36.93661626731733,Low-Activity
C4796,1,93473.0,93473.0,0,0.0,46.70985492746374,23.35492746373187,Dormant
C4797,2,23733.0,11866.5,88,2.0408163265306123,11.822411205602801,6.9316137660667065,Dormant
C4799,1,64060.0,64060.0,0,0.0,31.9959979989995,15.99799899949975,Dormant
C4801,1,17546.0,17546.0,0,0.0,8.72736368184092,4.36368184092046,Dormant
C4802,2,63886.0,31943.0,66,2.0408163265306123,31.90895447723862,16.974885401884617,Dormant
C4803,1,93567.0,93567.0,0,0.0,46.75687843921961,23.378439219609806,Dormant
C4804,1,66424.0,66424.0,0,0.0,33.178589294647324,16.589294647323662,Dormant
C4805,1,80354.0,80354.0,0,0.0,40.14707353676839,20.073536768384194,Dormant
C4806,1,39372.0,39372.0,0,0.0,19.645822911455728,9.822911455727864,Dormant
C4807,2,139821.0,69910.5,129,2.0408163265306123,69.89544772386193,35.968132025196276,Low-Activity
C4808,2,122206.0,61103.0,186,2.0408163265306123,61.08354177088544,31.562179048708025,Low-Activity
C4809,2,77456.0,38728.0,218,2.0408163265306123,38.69734867433717,20.36908250043389,Dormant
C4810,3,249193.0,83064.33333333333,190,4.081632653061225,100.0,52.04081632653061,Active
C4811,2,67864.0,33932.0,260,2.0408163265306123,33.898949474737364,17.969882900633987,Dormant
C4812,1,98797.0,98797.0,0,0.0,49.373186593296644,24.686593296648322,Dormant
C4814,1,30776.0,30776.0,0,0.0,15.345672836418208,7.672836418209104,Dormant
C4815,2,146265.0,73132.5,54,2.0408163265306123,73.11905952976488,37.57993792814775,Low-Activity
C4816,2,129459.0,64729.5,224,2.0408163265306123,64.71185592796398,33.3763361272473,Low-Activity
C4818,2,82287.0,41143.5,19,2.0408163265306123,41.11405702851425,21.57743667752243,Dormant
C4819,1,85531.0,85531.0,0,0.0,42.73686843421711,21.368434217108554,Dormant
C4822,1,98574.0,98574.0,0,0.0,49.261630815407706,24.630815407703853,Dormant
C4823,3,121236.0,40412.0,187,4.081632653061225,60.598299149574785,32.339965901318,Low-Activity
C4824,1,46934.0,46934.0,0,0.0,23.42871435717859,11.714357178589294,Dormant
C4825,1,40085.0,40085.0,0,0.0,20.00250125062531,10.001250625312656,Dormant
C4828,2,65040.0,32520.0,157,2.0408163265306123,32.48624312156078,17.263529724045696,Dormant
C4829,1,13851.0,13851.0,0,0.0,6.878939469734867,3.4394697348674335,Dormant
C4830,2,132929.0,66464.5,282,2.0408163265306123,66.44772386193097,34.24427009423079,Low-Activity
C4831,1,37575.0,37575.0,0,0.0,18.74687343671836,9.37343671835918,Dormant
C4832,2,29873.0,14936.5,166,2.0408163265306123,14.893946973486743,8.467381650008678,Dormant
C4835,1,54935.0,54935.0,0,0.0,27.4312156078039,13.71560780390195,Dormant
C4837,1,16218.0,16218.0,0,0.0,8.06303151575788,4.03151575787894,Dormant
C4838,1,91390.0,91390.0,0,0.0,45.66783391695848,22.83391695847924,Dormant
C4839,2,118208.0,59104.0,153,2.0408163265306123,59.08354177088544,30.562179048708025,Low-Activity
C4840,2,65790.0,32895.0,111,2.0408163265306123,32.861430715357685,17.451123520944147,Dormant
C4841,2,83004.0,41502.0,56,2.0408163265306123,41.472736368184094,21.756776347357352,Dormant
C4843,1,79063.0,79063.0,0,0.0,39.50125062531266,19.75062531265633,Dormant
C4845,5,337020.0,67404.0,233,8.16326530612245,100.0,54.08163265306123,Active
C4847,1,58704.0,58704.0,0,0.0,29.31665832916458,14.65832916458229,Dormant
C4849,3,141973.0,47324.333333333336,268,4.081632653061225,70.9719859929965,37.52680932302886,Low-Activity
C4850,3,182173.0,60724.333333333336,207,4.081632653061225,91.08204102051025,47.58183683678573,Low-Activity
C4853,1,41271.0,41271.0,0,0.0,20.595797898949474,10.297898949474737,Dormant
C4854,4,241909.0,60477.25,185,6.122448979591836,100.0,53.06122448979592,Active
C4856,1,80725.0,80725.0,0,0.0,40.332666333166586,20.166333166583293,Dormant
C4858,1,888.0,888.0,0,0.0,0.3941970985492747,0.19709854927463735,Dormant
C4859,1,39008.0,39008.0,0,0.0,19.463731865932967,9.731865932966484,Dormant
C4861,2,20444.0,10222.0,49,2.0408163265306123,10.177088544272136,6.108952435401374,Dormant
C4862,3,189111.0,63037.0,191,4.081632653061225,94.55277638819409,49.317204520627655,Low-Activity
C4863,2,11127.0,5563.5,151,2.0408163265306123,5.516258129064532,3.778537227797572,Dormant
C4864,1,73295.0,73295.0,0,0.0,36.615807903951975,18.307903951975987,Dormant
C4866,2,66759.0,33379.5,201,2.0408163265306123,33.346173086543274,17.693494706536942,Dormant
C4867,3,136000.0,45333.333333333336,123,4.081632653061225,67.983991995998,36.03281232452961,Low-Activity
C4868,1,45370.0,45370.0,0,0.0,22.64632316158079,11.323161580790394,Dormant
C4869,1,30264.0,30264.0,0,0.0,15.089544772386192,7.544772386193096,Dormant
C4870,1,50105.0,50105.0,0,0.0,25.015007503751875,12.507503751875937,Dormant
C4871,1,59416.0,59416.0,0,0.0,29.6728364182091,14.83641820910455,Dormant
C4872,2,78683.0,39341.5,33,2.0408163265306123,39.311155577788895,20.675985952159753,Dormant
C4873,1,94529.0,94529.0,0,0.0,47.238119059529765,23.619059529764883,Dormant
C4874,2,117177.0,58588.5,64,2.0408163265306123,58.567783891945965,30.304300109238287,Low-Activity
C4875,2,134736.0,67368.0,37,2.0408163265306123,67.35167583791896,34.69624608222479,Low-Activity
C4876,2,142454.0,71227.0,2,2.0408163265306123,71.21260630315157,36.626711314841096,Low-Activity
C4878,1,44281.0,44281.0,0,0.0,22.101550775387693,11.050775387693847,Dormant
C4879,1,89435.0,89435.0,0,0.0,44.68984492246123,22.344922461230617,Dormant
C4880,2,94441.0,47220.5,206,2.0408163265306123,47.19409704852426,24.617456687527437,Dormant
C4881,1,49189.0,49189.0,0,0.0,24.556778389194598,12.278389194597299,Dormant
C4882,1,8318.0,8318.0,0,0.0,4.111055527763882,2.055527763881941,Dormant
C4883,2,115916.0,57958.0,173,2.0408163265306123,57.93696848424212,29.988892405386366,Low-Activity
C4885,2,104133.0,52066.5,223,2.0408163265306123,52.042521260630316,27.041668793580463,Low-Activity
C4888,1,79368.0,79368.0,0,0.0,39.65382691345673,19.826913456728366,Dormant
C4890,1,88239.0,88239.0,0,0.0,44.09154577288644,22.04577288644322,Dormant
C4891,1,64677.0,64677.0,0,0.0,32.30465232616308,16.15232616308154,Dormant
C4892,1,50105.0,50105.0,0,0.0,25.015007503751875,12.507503751875937,Dormant
C4893,2,69800.0,34900.0,7,2.0408163265306123,34.86743371685843,18.45412502169452,Dormant
C4895,1,29969.0,29969.0,0,0.0,14.941970985492748,7.470985492746374,Dormant
C4896,1,96661.0,96661.0,0,0.0,48.30465232616309,24.152326163081543,Dormant
C4897,2,121918.0,60959.0,69,2.0408163265306123,60.93946973486744,31.490143030699024,Low-Activity
C4898,1,65665.0,65665.0,0,0.0,32.798899449724864,16.399449724862432,Dormant
C4899,1,18158.0,18158.0,0,0.0,9.03351675837919,4.516758379189595,Dormant
C4900,2,108166.0,54083.0,317,2.0408163265306123,54.0600300150075,28.050423170769054,Low-Activity
C4901,1,40832.0,40832.0,0,0.0,20.376188094047023,10.188094047023512,Dormant
C4904,2,80866.0,40433.0,199,2.0408163265306123,40.4032016008004,21.222008963665505,Dormant
C4906,2,130712.0,65356.0,51,2.0408163265306123,65.33866933466733,33.68974283059897,Low-Activity
C4907,1,50105.0,50105.0,0,0.0,25.015007503751875,12.507503751875937,Dormant
C4908,1,29788.0,29788.0,0,0.0,14.851425712856429,7.425712856428214,Dormant
C4909,2,170582.0,85291.0,28,2.0408163265306123,85.28364182091046,43.66222907372054,Low-Activity
C4911,1,39919.0,39919.0,0,0.0,19.919459729864933,9.959729864932466,Dormant
C4913,1,89582.0,89582.0,0,0.0,44.76338169084542,22.38169084542271,Dormant
C4915,1,50105.0,50105.0,0,0.0,25.015007503751875,12.507503751875937,Dormant
C4916,1,50181.0,50181.0,0,0.0,25.053026513256626,12.526513256628313,Dormant
C4917,1,11183.0,11183.0,0,0.0,5.544272136068034,2.772136068034017,Dormant
C4918,1,62420.0,62420.0,0,0.0,31.17558779389695,15.587793896948474,Dormant
C4920,1,6337.0,6337.0,0,0.0,3.1200600300150074,1.5600300150075037,Dormant
C4922,1,50105.0,50105.0,0,0.0,25.015007503751875,12.507503751875937,Dormant
C4923,2,167024.0,83512.0,159,2.0408163265306123,83.50375187593797,42.77228410123429,Low-Activity
C4924,2,120670.0,60335.0,157,2.0408163265306123,60.31515757878939,31.17798695266,Low-Activity
C4925,1,50105.0,50105.0,0,0.0,25.015007503751875,12.507503751875937,Dormant
C4926,1,2618.0,2618.0,0,0.0,1.2596298149074538,0.6298149074537269,Dormant
C4927,1,57754.0,57754.0,0,0.0,28.841420710355177,14.420710355177588,Dormant
C4928,2,89982.0,44991.0,4,2.0408163265306123,44.963481740870435,23.502149033700523,Dormant
C4929,1,57408.0,57408.0,0,0.0,28.668334167083543,14.334167083541772,Dormant
C4930,1,34552.0,34552.0,0,0.0,17.234617308654325,8.617308654327163,Dormant
C4932,6,246047.0,41007.833333333336,320,10.204081632653061,100.0,55.10204081632653,Active
C4933,2,106486.0,53243.0,5,2.0408163265306123,53.21960980490245,27.63021306571653,Low-Activity
C4935,2,126988.0,63494.0,217,2.0408163265306123,63.475737868934466,32.75827709773254,Low-Activity
C4936,1,29736.0,29736.0,0,0.0,14.825412706353177,7.412706353176588,Dormant
C4937,1,66244.0,66244.0,0,0.0,33.08854427213607,16.544272136068034,Dormant
C4939,2,84440.0,42220.0,47,2.0408163265306123,42.19109554777389,22.11595593715225,Dormant
C4940,1,7588.0,7588.0,0,0.0,3.7458729364682344,1.8729364682341172,Dormant
C4943,1,30513.0,30513.0,0,0.0,15.214107053526762,7.607053526763381,Dormant
C4945,1,31285.0,31285.0,0,0.0,15.60030015007504,7.80015007503752,Dormant
C4947,1,33032.0,33032.0,0,0.0,16.47423711855928,8.23711855927964,Dormant
C4949,1,56827.0,56827.0,0,0.0,28.37768884442221,14.188844422211105,Dormant
C4951,2,120426.0,60213.0,47,2.0408163265306123,60.19309654827414,31.116956437402376,Low-Activity
C4953,1,63927.0,63927.0,0,0.0,31.92946473236618,15.96473236618309,Dormant
C4954,1,53254.0,53254.0,0,0.0,26.59029514757379,13.295147573786895,Dormant
C4955,2,93139.0,46569.5,13,2.0408163265306123,46.542771385692845,24.291793856111727,Dormant
C4956,2,129287.0,64643.5,270,2.0408163265306123,64.62581290645323,33.333314616491926,Low-Activity
C4957,3,171802.0,57267.333333333336,172,4.081632653061225,85.89394697348675,44.987789813273984,Low-Activity
C4959,4,192497.0,48124.25,255,6.122448979591836,96.24662331165584,51.18453614562384,Active
C4960,2,49339.0,24669.5,38,2.0408163265306123,24.63181590795398,13.336316117242296,Dormant
C4961,1,7299.0,7299.0,0,0.0,3.6013006503251628,1.8006503251625814,Dormant
C4962,1,37929.0,37929.0,0,0.0,18.923961980990494,9.461980990495247,Dormant
C4963,1,73269.0,73269.0,0,0.0,36.60280140070035,18.301400700350175,Dormant
C4965,1,4260.0,4260.0,0,0.0,2.08104052026013,1.040520260130065,Dormant
C4966,1,89172.0,89172.0,0,0.0,44.558279139569784,22.279139569784892,Dormant
C4967,2,101374.0,50687.0,92,2.0408163265306123,50.6623311655828,26.351573746056705,Low-Activity
C4968,2,127736.0,63868.0,210,2.0408163265306123,63.84992496248124,32.94537064450593,Low-Activity
C4969,2,130283.0,65141.5,229,2.0408163265306123,65.12406203101551,33.582439178773065,Low-Activity
C4970,4,172483.0,43120.75,136,6.122448979591836,86.23461730865432,46.17853314412308,Low-Activity
C4972,1,51305.0,51305.0,0,0.0,25.615307653826914,12.807653826913457,Dormant
C4974,1,50105.0,50105.0,0,0.0,25.015007503751875,12.507503751875937,Dormant
C4976,1,75210.0,75210.0,0,0.0,37.57378689344672,18.78689344672336,Dormant
C4977,1,93296.0,93296.0,0,0.0,46.62131065532766,23.31065532766383,Dormant
C4981,3,92297.0,30765.666666666668,230,4.081632653061225,46.1215607803902,25.101596716725712,Low-Activity
C4982,1,46313.0,46313.0,0,0.0,23.118059029514757,11.559029514757379,Dormant
C4983,3,160514.0,53504.666666666664,267,4.081632653061225,80.24712356178088,42.16437810742105,Low-Activity
C4985,3,159260.0,53086.666666666664,240,4.081632653061225,79.61980990495248,41.85072127900685,Low-Activity
C4987,1,75034.0,75034.0,0,0.0,37.48574287143572,18.74287143571786,Dormant
C4988,1,97401.0,97401.0,0,0.0,48.67483741870935,24.337418709354676,Dormant
C4990,1,12112.0,12112.0,0,0.0,6.009004502251126,3.004502251125563,Dormant
C4992,2,33771.0,16885.5,49,2.0408163265306123,16.84392196098049,9.442369143755553,Dormant
C4993,1,6039.0,6039.0,0,0.0,2.9709854927463732,1.4854927463731866,Dormant
C4994,1,94150.0,94150.0,0,0.0,47.04852426213107,23.524262131065534,Dormant
C4996,1,28234.0,28234.0,0,0.0,14.074037018509255,7.037018509254628,Dormant
C4998,3,199764.0,66588.0,243,4.081632653061225,99.88194097048523,51.981786811773226,Active
C5000,4,314965.0,78741.25,112,6.122448979591836,100.0,53.06122448979592,Active
C5001,1,86992.0,86992.0,0,0.0,43.467733866933465,21.733866933466732,Dormant
C5002,1,9302.0,9302.0,0,0.0,4.603301650825413,2.3016508254127066,Dormant
C5005,3,197066.0,65688.66666666667,228,4.081632653061225,98.53226613306654,51.30694939306388,Active
C5006,2,137792.0,68896.0,186,2.0408163265306123,68.88044022011005,35.46062827332033,Low-Activity
C5008,3,143772.0,47924.0,238,4.081632653061225,71.87193596798399,37.9767843105226,Low-Activity
C5009,3,252331.0,84110.33333333333,315,4.081632653061225,100.0,52.04081632653061,Active
C5011,1,97604.0,97604.0,0,0.0,48.776388194097045,24.388194097048522,Dormant
C5014,1,25024.0,25024.0,0,0.0,12.468234117058529,6.2341170585292645,Dormant
C5016,3,93252.0,31084.0,135,4.081632653061225,46.59929964982491,25.340466151443067,Low-Activity
C5017,1,77733.0,77733.0,0,0.0,38.835917958979486,19.417958979489743,Dormant
C5018,3,88782.0,29594.0,121,4.081632653061225,44.3631815907954,24.222407121928313,Dormant
C5019,3,115439.0,38479.666666666664,334,4.081632653061225,57.69834917458729,30.88999091382426,Low-Activity
C5020,1,99029.0,99029.0,0,0.0,49.489244622311155,24.744622311155577,Dormant
C5021,1,22944.0,22944.0,0,0.0,11.427713856928465,5.713856928464232,Dormant
C5022,1,23531.0,23531.0,0,0.0,11.72136068034017,5.860680340170085,Dormant
C5023,2,135738.0,67869.0,98,2.0408163265306123,67.85292646323161,34.946871394881114,Low-Activity
C5025,3,176314.0,58771.333333333336,54,4.081632653061225,88.15107553776889,46.116354095415055,Low-Activity
C5027,2,86892.0,43446.0,9,2.0408163265306123,43.41770885442721,22.72926259047891,Dormant
C5033,4,183131.0,45782.75,183,6.122448979591836,91.56128064032016,48.841864809956,Low-Activity
C5036,2,49974.0,24987.0,68,2.0408163265306123,24.949474737368686,13.49514553194965,Dormant
C5037,1,76156.0,76156.0,0,0.0,38.04702351175588,19.02351175587794,Dormant
C5038,1,76321.0,76321.0,0,0.0,38.12956478239119,19.064782391195596,Dormant
C5039,1,29494.0,29494.0,0,0.0,14.704352176088046,7.352176088044023,Dormant
C5041,1,12221.0,12221.0,0,0.0,6.063531765882941,3.0317658829414706,Dormant
C5042,3,145633.0,48544.333333333336,170,4.081632653061225,72.80290145072537,38.442267051893296,Low-Activity
C5047,1,56558.0,56558.0,0,0.0,28.243121560780388,14.121560780390194,Dormant
C5050,1,63477.0,63477.0,0,0.0,31.704352176088047,15.852176088044024,Dormant
C5051,1,19151.0,19151.0,0,0.0,9.530265132566283,4.765132566283142,Dormant
C5052,1,27704.0,27704.0,0,0.0,13.808904452226113,6.904452226113056,Dormant
C5053,2,70480.0,35240.0,166,2.0408163265306123,35.20760380190095,18.62421006421578,Dormant
C5054,1,41394.0,41394.0,0,0.0,20.657328664332166,10.328664332166083,Dormant
C5055,1,76358.0,76358.0,0,0.0,38.14807403701851,19.074037018509255,Dormant
C5056,1,19140.0,19140.0,0,0.0,9.524762381190595,4.762381190595297,Dormant
C5059,1,93539.0,93539.0,0,0.0,46.74287143571786,23.37143571785893,Dormant
C5060,2,142629.0,71314.5,19,2.0408163265306123,71.30015007503752,36.67048320078407,Low-Activity
C5061,1,54450.0,54450.0,0,0.0,27.188594297148573,13.594297148574286,Dormant
C5062,2,74812.0,37406.0,74,2.0408163265306123,37.37468734367184,19.707751835101224,Dormant
C5063,1,80798.0,80798.0,0,0.0,40.36918459229615,20.184592296148075,Dormant
C5065,1,59367.0,59367.0,0,0.0,29.648324162081042,14.824162081040521,Dormant
C5066,1,87403.0,87403.0,0,0.0,43.673336668334166,21.836668334167083,Dormant
C5067,1,32890.0,32890.0,0,0.0,16.4032016008004,8.2016008004002,Dormant
C5068,1,26879.0,26879.0,0,0.0,13.396198099049524,6.698099049524762,Dormant
C5070,2,114014.0,57007.0,146,2.0408163265306123,56.98549274637319,29.5131545364519,Low-Activity
C5071,1,84456.0,84456.0,0,0.0,42.199099549774886,21.099549774887443,Dormant
C5072,1,99217.0,99217.0,0,0.0,49.58329164582291,24.791645822911455,Dormant
C5075,1,2935.0,2935.0,0,0.0,1.4182091045522762,0.7091045522761381,Dormant
C5076,3,123274.0,41091.333333333336,11,4.081632653061225,61.61780890445223,32.849720778756726,Low-Activity
C5077,1,84942.0,84942.0,0,0.0,42.44222111055528,21.22111055527764,Dormant
C5078,2,77334.0,38667.0,24,2.0408163265306123,38.63631815907954,20.338567242805077,Dormant
C5079,2,178065.0,89032.5,178,2.0408163265306123,89.02701350675338,45.533914916642,Low-Activity
C5080,1,38448.0,38448.0,0,0.0,19.18359179589795,9.591795897948975,Dormant
C5082,2,100416.0,50208.0,253,2.0408163265306123,50.18309154577288,26.111953936151746,Low-Activity
C5083,1,50105.0,50105.0,0,0.0,25.015007503751875,12.507503751875937,Dormant
C5085,1,74599.0,74599.0,0,0.0,37.268134067033515,18.634067033516757,Dormant
C5086,4,287225.0,71806.25,239,6.122448979591836,100.0,53.06122448979592,Active
C5087,1,53958.0,53958.0,0,0.0,26.94247123561781,13.471235617808905,Dormant
C5088,2,147013.0,73506.5,26,2.0408163265306123,73.49324662331166,37.76703147492114,Low-Activity
C5090,1,16229.0,16229.0,0,0.0,8.068534267133568,4.034267133566784,Dormant
C5091,1,72806.0,72806.0,0,0.0,36.371185592796394,18.185592796398197,Dormant
C5092,1,89838.0,89838.0,0,0.0,44.89144572286143,22.445722861430713,Dormant
C5094,1,9164.0,9164.0,0,0.0,4.534267133566783,2.2671335667833916,Dormant
C5095,1,29057.0,29057.0,0,0.0,14.485742871435717,7.242871435717858,Dormant
C5099,1,59804.0,59804.0,0,0.0,29.866933466733364,14.933466733366682,Dormant
C5102,2,28526.0,14263.0,307,2.0408163265306123,14.220110055027513,8.130463190779063,Dormant
C5103,1,44516.0,44516.0,0,0.0,22.21910955477739,11.109554777388695,Dormant
C5107,3,155681.0,51893.666666666664,175,4.081632653061225,77.82941470735368,40.95552368020745,Low-Activity
C5108,2,120037.0,60018.5,102,2.0408163265306123,59.998499249624814,31.019657788077712,Low-Activity
C5109,3,143362.0,47787.333333333336,174,4.081632653061225,71.66683341670836,37.87423303488479,Low-Activity
C5112,1,57726.0,57726.0,0,0.0,28.827413706853427,14.413706853426714,Dormant
C5114,2,148049.0,74024.5,65,2.0408163265306123,74.01150575287645,38.02616103970353,Low-Activity
C5116,1,25944.0,25944.0,0,0.0,12.928464232116058,6.464232116058029,Dormant
C5117,3,125411.0,41803.666666666664,47,4.081632653061225,62.68684342171086,33.38423803738604,Low-Activity
C5118,1,95782.0,95782.0,0,0.0,47.86493246623312,23.93246623311656,Dormant
C5120,1,25780.0,25780.0,0,0.0,12.846423211605803,6.423211605802901,Dormant
C5121,1,93316.0,93316.0,0,0.0,46.631315657828914,23.315657828914457,Dormant
C5124,1,56416.0,56416.0,0,0.0,28.172086043021512,14.086043021510756,Dormant
C5129,1,79340.0,79340.0,0,0.0,39.63981990995498,19.81990995497749,Dormant
C5131,2,191359.0,95679.5,162,2.0408163265306123,95.67733866933466,48.85907749793264,Low-Activity
C5133,3,213538.0,71179.33333333333,169,4.081632653061225,100.0,52.04081632653061,Active
C5134,2,135028.0,67514.0,156,2.0408163265306123,67.4977488744372,34.76928260048391,Low-Activity
C5135,3,255903.0,85301.0,308,4.081632653061225,100.0,52.04081632653061,Active
C5136,2,46092.0,23046.0,84,2.0408163265306123,23.007503751875937,12.524160039203275,Dormant
C5137,1,87462.0,87462.0,0,0.0,43.70285142571286,21.85142571285643,Dormant
C5138,1,28437.0,28437.0,0,0.0,14.175587793896948,7.087793896948474,Dormant
C5141,1,98882.0,98882.0,0,0.0,49.41570785392697,24.707853926963484,Dormant
C5142,1,32476.0,32476.0,0,0.0,16.196098049024513,8.098049024512257,Dormant
C5143,2,131412.0,65706.0,12,2.0408163265306123,65.6888444222111,33.86483037437086,Low-Activity
C5144,2,69767.0,34883.5,27,2.0408163265306123,34.85092546273136,18.445870894630986,Dormant
C5145,1,50105.0,50105.0,0,0.0,25.015007503751875,12.507503751875937,Dormant
C5146,3,136738.0,45579.333333333336,85,4.081632653061225,68.35317658829415,36.217404620677684,Low-Activity
C5150,4,211565.0,52891.25,135,6.122448979591836,100.0,53.06122448979592,Active
C5151,3,80808.0,26936.0,194,4.081632653061225,40.37418709354677,22.227909873304,Dormant
C5152,2,101901.0,50950.5,141,2.0408163265306123,50.92596298149075,26.48338965401068,Low-Activity
C5154,1,15577.0,15577.0,0,0.0,7.742371185592796,3.871185592796398,Dormant
C5155,3,135433.0,45144.333333333336,175,4.081632653061225,67.70035017508754,35.89099141407438,Low-Activity
C5157,2,107852.0,53926.0,90,2.0408163265306123,53.90295147573787,27.97188390113424,Low-Activity
C5158,1,47866.0,47866.0,0,0.0,23.89494747373687,11.947473736868435,Dormant
C5159,1,13762.0,13762.0,0,0.0,6.834417208604301,3.4172086043021506,Dormant
C5160,1,91615.0,91615.0,0,0.0,45.780390195097546,22.890195097548773,Dormant
C5161,1,1318.0,1318.0,0,0.0,0.609304652326163,0.3046523261630815,Dormant
C5163,1,85266.0,85266.0,0,0.0,42.604302151075544,21.302151075537772,Dormant
C5164,2,100657.0,50328.5,176,2.0408163265306123,50.30365182591295,26.17223407622178,Low-Activity
C5167,1,10245.0,10245.0,0,0.0,5.0750375187593795,2.5375187593796897,Dormant
C5171,1,23937.0,23937.0,0,0.0,11.924462231115559,5.962231115557779,Dormant
C5172,1,98183.0,98183.0,0,0.0,49.06603301650826,24.53301650825413,Dormant
C5173,1,8338.0,8338.0,0,0.0,4.121060530265132,2.060530265132566,Dormant
C5174,1,5215.0,5215.0,0,0.0,2.5587793896948474,1.2793896948474237,Dormant
C5175,3,59839.0,19946.333333333332,181,4.081632653061225,29.884442221110557,16.98303743708589,Dormant
C5177,2,149213.0,74606.5,156,2.0408163265306123,74.59379689844923,38.31730661248992,Low-Activity
C5178,2,125130.0,62565.0,4,2.0408163265306123,62.54627313656829,32.29354473154945,Low-Activity
C5179,2,12873.0,6436.5,68,2.0408163265306123,6.389694847423712,4.215255586977162,Dormant
C5180,2,99234.0,49617.0,162,2.0408163265306123,49.59179589794898,25.816306112239793,Low-Activity
C5181,1,16077.0,16077.0,0,0.0,7.992496248124062,3.996248124062031,Dormant
C5182,2,68044.0,34022.0,16,2.0408163265306123,33.988994497248626,18.014905411889618,Dormant
C5183,3,159140.0,53046.666666666664,86,4.081632653061225,79.55977988994498,41.8207062715031,Low-Activity
C5184,1,19308.0,19308.0,0,0.0,9.6088044022011,4.80440220110055,Dormant
C5185,2,61333.0,30666.5,168,2.0408163265306123,30.631815907953975,16.336316117242294,Dormant
C5186,1,98575.0,98575.0,0,0.0,49.26213106553276,24.63106553276638,Dormant
C5187,1,50105.0,50105.0,0,0.0,25.015007503751875,12.507503751875937,Dormant
C5188,2,179134.0,89567.0,34,2.0408163265306123,89.56178089044522,45.80129860848792,Low-Activity
C5190,1,44369.0,44369.0,0,0.0,22.145572786393195,11.072786393196598,Dormant
C5195,2,82481.0,41240.5,48,2.0408163265306123,41.21110555277639,21.6259609396535,Dormant
C5196,2,136431.0,68215.5,258,2.0408163265306123,68.19959979989994,35.12020806321528,Low-Activity
C5197,2,162387.0,81193.5,279,2.0408163265306123,81.18409204602301,41.612454186276814,Low-Activity
C5198,1,96385.0,96385.0,0,0.0,48.16658329164582,24.08329164582291,Dormant
C5199,2,112370.0,56185.0,14,2.0408163265306123,56.163081540770385,29.101948933650498,Low-Activity
C5200,5,205233.0,41046.6,145,8.16326530612245,100.0,54.08163265306123,Active
C5203,1,50105.0,50105.0,0,0.0,25.015007503751875,12.507503751875937,Dormant
C5204,1,66597.0,66597.0,0,0.0,33.26513256628314,16.63256628314157,Dormant
C5206,2,164403.0,82201.5,87,2.0408163265306123,82.19259629814908,42.11670631233985,Low-Activity
C5207,1,8838.0,8838.0,0,0.0,4.371185592796398,2.185592796398199,Dormant
C5208,2,62912.0,31456.0,158,2.0408163265306123,31.421710855427715,16.731263590979164,Dormant
C5210,1,46356.0,46356.0,0,0.0,23.139569784892448,11.569784892446224,Dormant
C5211,2,81098.0,40549.0,152,2.0408163265306123,40.51925962981491,21.28003797817276,Dormant
C5212,2,68832.0,34416.0,106,2.0408163265306123,34.383191595797896,18.212003961164253,Dormant
C5213,4,133491.0,33372.75,220,6.122448979591836,66.72886443221611,36.425656705903975,Low-Activity
C5214,2,60289.0,30144.5,100,2.0408163265306123,30.10955477738869,16.075185551959652,Dormant
C5215,1,38647.0,38647.0,0,0.0,19.283141570785393,9.641570785392696,Dormant
C5217,1,69552.0,69552.0,0,0.0,34.743371685842924,17.371685842921462,Dormant
C5218,4,229954.0,57488.5,115,6.122448979591836,100.0,53.06122448979592,Active
C5222,1,83535.0,83535.0,0,0.0,41.738369184592294,20.869184592296147,Dormant
C5223,2,124277.0,62138.5,51,2.0408163265306123,62.11955977988994,32.08018805321028,Low-Activity
C5224,1,87958.0,87958.0,0,0.0,43.95097548774387,21.975487743871934,Dormant
C5225,4,80351.0,20087.75,131,6.122448979591836,40.145572786393195,23.134010882992516,Dormant
C5227,2,80571.0,40285.5,192,2.0408163265306123,40.255627813906955,21.148222070218782,Dormant
C5228,3,130010.0,43336.666666666664,298,4.081632653061225,64.98749374687344,34.53456319996733,Low-Activity
C5232,4,200935.0,50233.75,321,6.122448979591836,100.0,53.06122448979592,Active
C5233,1,88834.0,88834.0,0,0.0,44.38919459729865,22.194597298649324,Dormant
C5234,3,174451.0,58150.333333333336,168,4.081632653061225,87.21910955477739,45.650371103919305,Low-Activity
C5235,1,5653.0,5653.0,0,0.0,2.777888944472236,1.388944472236118,Dormant
C5236,2,136191.0,68095.5,15,2.0408163265306123,68.07953976988495,35.06017804820778,Low-Activity
C5238,1,7459.0,7459.0,0,0.0,3.6813406703351674,1.8406703351675837,Dormant
C5239,2,87884.0,43942.0,91,2.0408163265306123,43.913956978489246,22.977386652509928,Dormant
C5240,1,51273.0,51273.0,0,0.0,25.599299649824914,12.799649824912457,Dormant
C5241,1,76584.0,76584.0,0,0.0,38.26113056528264,19.13056528264132,Dormant
C5242,2,75626.0,37813.0,17,2.0408163265306123,37.78189094547273,19.91135363600167,Dormant
C5243,3,191269.0,63756.333333333336,302,4.081632653061225,95.63231615807905,49.856974405570135,Low-Activity
C5247,1,29017.0,29017.0,0,0.0,14.465732866433218,7.232866433216609,Dormant
C5248,1,5349.0,5349.0,0,0.0,2.6258129064532265,1.3129064532266133,Dormant
C5249,2,80297.0,40148.5,149,2.0408163265306123,40.11855927963982,21.079687803085214,Dormant
C5250,1,70348.0,70348.0,0,0.0,35.141570785392695,17.570785392696347,Dormant
C5251,1,86871.0,86871.0,0,0.0,43.407203601800894,21.703601800900447,Dormant
C5253,1,35824.0,35824.0,0,0.0,17.87093546773387,8.935467733866934,Dormant
C5255,1,50888.0,50888.0,0,0.0,25.406703351675837,12.703351675837919,Dormant
C5258,1,8145.0,8145.0,0,0.0,4.024512256128064,2.012256128064032,Dormant
C5259,2,141962.0,70981.0,153,2.0408163265306123,70.96648324162082,36.50364978407572,Low-Activity
C5260,2,63299.0,31649.5,12,2.0408163265306123,31.615307653826914,16.828061990178764,Dormant
C5261,4,275537.0,68884.25,180,6.122448979591836,100.0,53.06122448979592,Active
C5262,2,131290.0,65645.0,69,2.0408163265306123,65.62781390695348,33.83431511674205,Low-Activity
C5263,1,36626.0,36626.0,0,0.0,18.272136068034015,9.136068034017008,Dormant
C5264,2,125754.0,62877.0,180,2.0408163265306123,62.858429214607305,32.44962277056896,Low-Activity
C5266,1,7631.0,7631.0,0,0.0,3.767383691845923,1.8836918459229615,Dormant
C5267,2,88866.0,44433.0,296,2.0408163265306123,44.40520260130065,23.22300946391563,Dormant
C5268,3,89384.0,29794.666666666668,208,4.081632653061225,44.66433216608304,24.372982409572135,Dormant
C5270,2,162117.0,81058.5,71,2.0408163265306123,81.04902451225612,41.54492041939337,Low-Activity
C5271,1,62863.0,62863.0,0,0.0,31.397198599299646,15.698599299649823,Dormant
C5272,1,28537.0,28537.0,0,0.0,14.225612806403202,7.112806403201601,Dormant
C5273,1,24531.0,24531.0,0,0.0,12.221610805402701,6.1108054027013505,Dormant
C5274,1,66495.0,66495.0,0,0.0,33.21410705352677,16.607053526763384,Dormant
C5275,1,7538.0,7538.0,0,0.0,3.7208604302151076,1.8604302151075538,Dormant
C5276,2,160303.0,80151.5,101,2.0408163265306123,80.1415707853927,41.09119355596166,Low-Activity
C5277,2,68842.0,34421.0,1,2.0408163265306123,34.388194097048526,18.214505211789568,Dormant
C5278,1,58527.0,58527.0,0,0.0,29.228114057028513,14.614057028514257,Dormant
C5282,2,165400.0,82700.0,9,2.0408163265306123,82.69134567283642,42.36608099968352,Low-Activity
C5283,1,43271.0,43271.0,0,0.0,21.596298149074535,10.798149074537267,Dormant
C5284,3,103250.0,34416.666666666664,305,4.081632653061225,51.6008004002001,27.841216526630664,Low-Activity
C5285,1,94026.0,94026.0,0,0.0,46.98649324662331,23.493246623311656,Dormant
C5286,1,72292.0,72292.0,0,0.0,36.11405702851426,18.05702851425713,Dormant
C5287,4,192842.0,48210.5,209,6.122448979591836,96.4192096048024,51.27082929219712,Active
C5289,1,91750.0,91750.0,0,0.0,45.84792396198099,22.923961980990494,Dormant
C5290,2,59729.0,29864.5,105,2.0408163265306123,29.829414707353674,15.935115516942144,Dormant
C5292,1,96560.0,96560.0,0,0.0,48.25412706353177,24.127063531765884,Dormant
C5293,1,87343.0,87343.0,0,0.0,43.643321660830416,21.821660830415208,Dormant
C5295,1,86530.0,86530.0,0,0.0,43.23661830915458,21.61830915457729,Dormant
C5297,1,52050.0,52050.0,0,0.0,25.987993996998497,12.993996998499249,Dormant
C5298,3,148949.0,49649.666666666664,88,4.081632653061225,74.46173086543271,39.27168175924697,Low-Activity
C5299,2,152658.0,76329.0,318,2.0408163265306123,76.31715857928964,39.17898745291013,Low-Activity
C5300,2,164264.0,82132.0,174,2.0408163265306123,82.12306153076538,42.081938928648,Low-Activity
C5302,1,37171.0,37171.0,0,0.0,18.544772386193095,9.272386193096548,Dormant
C5305,1,6278.0,6278.0,0,0.0,3.090545272636318,1.545272636318159,Dormant
C5306,1,50105.0,50105.0,0,0.0,25.015007503751875,12.507503751875937,Dormant
C5307,1,52215.0,52215.0,0,0.0,26.070535267633815,13.035267633816908,Dormant
C5310,2,79931.0,39965.5,140,2.0408163265306123,39.935467733866936,20.988142030198773,Dormant
C5311,4,234509.0,58627.25,295,6.122448979591836,100.0,53.06122448979592,Active
C5312,2,43116.0,21558.0,72,2.0408163265306123,21.518759379689843,11.779787853110228,Dormant
C5314,1,79347.0,79347.0,0,0.0,39.643321660830416,19.821660830415208,Dormant
C5316,1,23619.0,23619.0,0,0.0,11.765382691345673,5.8826913456728365,Dormant
C5317,2,59165.0,29582.5,179,2.0408163265306123,29.54727363681841,15.794044981674512,Dormant
C5318,1,85446.0,85446.0,0,0.0,42.69434717358679,21.347173586793396,Dormant
C5319,1,50105.0,50105.0,0,0.0,25.015007503751875,12.507503751875937,Dormant
C5320,2,105174.0,52587.0,38,2.0408163265306123,52.56328164082041,27.302048983675512,Low-Activity
C5321,3,151091.0,50363.666666666664,232,4.081632653061225,75.53326663331666,39.80744964318894,Low-Activity
C5322,1,25747.0,25747.0,0,0.0,12.829914957478739,6.414957478739369,Dormant
C5323,1,52031.0,52031.0,0,0.0,25.97848924462231,12.989244622311155,Dormant
C5324,1,94426.0,94426.0,0,0.0,47.18659329664832,23.59329664832416,Dormant
C5326,2,54183.0,27091.5,47,2.0408163265306123,27.05502751375688,14.547921920143747,Dormant
C5327,2,39248.0,19624.0,181,2.0408163265306123,19.583791895947975,10.812304111239294,Dormant
C5329,1,67451.0,67451.0,0,0.0,33.69234617308655,16.846173086543274,Dormant
C5330,3,45813.0,15271.0,297,4.081632653061225,22.867933966983493,13.474783310022358,Dormant
C5331,2,119914.0,59957.0,25,2.0408163265306123,59.93696848424213,30.98889240538637,Low-Activity
C5332,2,123482.0,61741.0,195,2.0408163265306123,61.72186093046523,31.88133862849792,Low-Activity
C5334,1,20174.0,20174.0,0,0.0,10.042021010505254,5.021010505252627,Dormant
C5335,2,93386.0,46693.0,10,2.0408163265306123,46.66633316658329,24.35357474655695,Dormant
C5340,2,129168.0,64584.0,43,2.0408163265306123,64.56628314157079,33.303549734050705,Low-Activity
C5341,1,49827.0,49827.0,0,0.0,24.875937968984495,12.437968984492247,Dormant
C5346,1,10211.0,10211.0,0,0.0,5.0580290145072535,2.5290145072536268,Dormant
C5348,1,22425.0,22425.0,0,0.0,11.168084042021011,5.5840420210105055,Dormant
C5349,3,45379.0,15126.333333333334,128,4.081632653061225,22.65082541270635,13.366229032883787,Dormant
C5350,2,82496.0,41248.0,43,2.0408163265306123,41.218609304652325,21.629712815591468,Dormant
C5354,4,177328.0,44332.0,85,6.122448979591836,88.6583291645823,47.39038907208707,Low-Activity
C5355,1,55088.0,55088.0,0,0.0,27.507753876938466,13.753876938469233,Dormant
C5356,1,25186.0,25186.0,0,0.0,12.549274637318659,6.274637318659329,Dormant
C5357,2,139049.0,69524.5,24,2.0408163265306123,69.50925462731365,35.775035476922135,Low-Activity
C5358,1,27083.0,27083.0,0,0.0,13.498249124562282,6.749124562281141,Dormant
C5359,1,11819.0,11819.0,0,0.0,5.862431215607804,2.931215607803902,Dormant
C5360,1,10354.0,10354.0,0,0.0,5.129564782391196,2.564782391195598,Dormant
C5361,1,50105.0,50105.0,0,0.0,25.015007503751875,12.507503751875937,Dormant
C5362,2,45379.0,22689.5,68,2.0408163265306123,22.65082541270635,12.345820869618482,Dormant
C5363,1,14186.0,14186.0,0,0.0,7.046523261630816,3.523261630815408,Dormant
C5364,2,2352.0,1176.0,194,2.0408163265306123,1.1265632816408204,1.5836898040857164,Dormant
C5365,1,57453.0,57453.0,0,0.0,28.69084542271135,14.345422711355676,Dormant
C5366,2,67557.0,33778.5,12,2.0408163265306123,33.745372686343174,17.893094506436892,Dormant
C5368,3,105717.0,35239.0,332,4.081632653061225,52.83491745872937,28.4582750558953,Low-Activity
C5369,1,77176.0,77176.0,0,0.0,38.55727863931966,19.27863931965983,Dormant
C5370,2,128312.0,64156.0,257,2.0408163265306123,64.13806903451726,33.08944268052394,Low-Activity
C5372,1,12832.0,12832.0,0,0.0,6.369184592296148,3.184592296148074,Dormant
C5374,1,48168.0,48168.0,0,0.0,24.046023011505753,12.023011505752876,Dormant
C5376,1,53679.0,53679.0,0,0.0,26.802901450725365,13.401450725362682,Dormant
C5377,1,4441.0,4441.0,0,0.0,2.1715857928964484,1.0857928964482242,Dormant
C5378,3,237837.0,79279.0,226,4.081632653061225,100.0,52.04081632653061,Active
C5379,1,67647.0,67647.0,0,0.0,33.7903951975988,16.8951975987994,Dormant
C5380,2,85718.0,42859.0,35,2.0408163265306123,42.8304152076038,22.435615767067205,Dormant
C5381,1,80220.0,80220.0,0,0.0,40.08004002001,20.040020010005,Dormant
C5382,1,14520.0,14520.0,0,0.0,7.213606803401701,3.6068034017008506,Dormant
C5383,1,43618.0,43618.0,0,0.0,21.769884942471236,10.884942471235618,Dormant
C5384,1,71904.0,71904.0,0,0.0,35.91995997999,17.959979989995,Dormant
C5386,1,51267.0,51267.0,0,0.0,25.596298149074535,12.798149074537267,Dormant
C5388,1,74758.0,74758.0,0,0.0,37.34767383691846,18.67383691845923,Dormant
C5389,1,40648.0,40648.0,0,0.0,20.284142071035518,10.142071035517759,Dormant
C5390,2,126681.0,63340.5,85,2.0408163265306123,63.322161080540276,32.68148870353544,Low-Activity
C5392,1,5890.0,5890.0,0,0.0,2.896448224112056,1.448224112056028,Dormant
C5394,2,67598.0,33799.0,31,2.0408163265306123,33.765882941470736,17.903349634000673,Dormant
C5396,1,77666.0,77666.0,0,0.0,38.8024012006003,19.40120060030015,Dormant
C5399,2,140401.0,70200.5,295,2.0408163265306123,70.1855927963982,36.11320456146441,Low-Activity
C5402,3,115171.0,38390.333333333336,202,4.081632653061225,57.564282141070535,30.82295739706588,Low-Activity
C5403,1,58581.0,58581.0,0,0.0,29.25512756378189,14.627563781890945,Dormant
C5405,1,94868.0,94868.0,0,0.0,47.407703851925966,23.703851925962983,Dormant
C5406,2,134290.0,67145.0,12,2.0408163265306123,67.12856428214107,34.584690304335844,Low-Activity
C5408,2,69018.0,34509.0,65,2.0408163265306123,34.47623811905953,18.25852722279507,Dormant
C5409,1,16207.0,16207.0,0,0.0,8.057528764382191,4.0287643821910955,Dormant
C5412,2,27604.0,13802.0,27,2.0408163265306123,13.758879439719859,7.8998478831252354,Dormant
C5413,1,97849.0,97849.0,0,0.0,48.89894947473737,24.449474737368686,Dormant
C5414,1,42612.0,42612.0,0,0.0,21.26663331665833,10.633316658329164,Dormant
C5415,1,75415.0,75415.0,0,0.0,37.676338169084545,18.838169084542272,Dormant
C5416,1,50105.0,50105.0,0,0.0,25.015007503751875,12.507503751875937,Dormant
C5418,1,85039.0,85039.0,0,0.0,42.49074537268635,21.245372686343174,Dormant
C5419,2,153695.0,76847.5,190,2.0408163265306123,76.8359179589795,39.438367142755055,Low-Activity
C5421,1,73440.0,73440.0,0,0.0,36.68834417208604,18.34417208604302,Dormant
C5422,2,129906.0,64953.0,44,2.0408163265306123,64.93546773386694,33.48814203019878,Low-Activity
C5423,1,60612.0,60612.0,0,0.0,30.27113556778389,15.135567783891945,Dormant
C5424,1,58495.0,58495.0,0,0.0,29.212106053026517,14.606053026513258,Dormant
C5425,1,29702.0,29702.0,0,0.0,14.80840420210105,7.404202101050525,Dormant
C5426,3,44989.0,14996.333333333334,132,4.081632653061225,22.455727863931966,13.268680258496595,Dormant
C5427,1,37007.0,37007.0,0,0.0,18.462731365682842,9.231365682841421,Dormant
C5428,2,29930.0,14965.0,159,2.0408163265306123,14.922461230615308,8.481638778572961,Dormant
C5430,1,57190.0,57190.0,0,0.0,28.559279639819913,14.279639819909956,Dormant
C5431,4,265349.0,66337.25,121,6.122448979591836,100.0,53.06122448979592,Active
C5432,1,25668.0,25668.0,0,0.0,12.7903951975988,6.3951975987994,Dormant
C5433,2,142556.0,71278.0,19,2.0408163265306123,71.26363181590796,36.65222407121929,Low-Activity
C5434,1,60885.0,60885.0,0,0.0,30.407703851925966,15.203851925962983,Dormant
C5435,2,67473.0,33736.5,6,2.0408163265306123,33.703351675837915,17.872084001184263,Dormant
C5437,1,25777.0,25777.0,0,0.0,12.844922461230615,6.4224612306153075,Dormant
C5439,2,16703.0,8351.5,79,2.0408163265306123,8.305652826413207,5.173234576471909,Dormant
C5440,2,127012.0,63506.0,140,2.0408163265306123,63.48774387193596,32.76428009923329,Low-Activity
C5443,3,153855.0,51285.0,215,4.081632653061225,76.9159579789895,40.49879531602536,Low-Activity
C5444,1,11386.0,11386.0,0,0.0,5.645822911455728,2.822911455727864,Dormant
C5445,1,62572.0,62572.0,0,0.0,31.251625812906454,15.625812906453227,Dormant
C5451,1,18972.0,18972.0,0,0.0,9.440720360180089,4.7203601800900445,Dormant
C5452,2,107079.0,53539.5,91,2.0408163265306123,53.51625812906453,27.77853722779757,Low-Activity
C5453,1,34212.0,34212.0,0,0.0,17.064532266133067,8.532266133066534,Dormant
C5456,1,50105.0,50105.0,0,0.0,25.015007503751875,12.507503751875937,Dormant
C5457,1,3665.0,3665.0,0,0.0,1.783391695847924,0.891695847923962,Dormant
C5458,3,184573.0,61524.333333333336,84,4.081632653061225,92.28264132066033,48.182136986860776,Low-Activity
C5460,3,122160.0,40720.0,190,4.081632653061225,61.06053026513256,32.571081459096895,Low-Activity
C5465,1,5389.0,5389.0,0,0.0,2.645822911455728,1.322911455727864,Dormant
C5466,1,45363.0,45363.0,0,0.0,22.642821410705352,11.321410705352676,Dormant
C5468,2,63872.0,31936.0,22,2.0408163265306123,31.901950975487743,16.971383651009177,Dormant
C5470,1,84958.0,84958.0,0,0.0,42.450225112556275,21.225112556278138,Dormant
C5471,2,96757.0,48378.5,72,2.0408163265306123,48.35267633816909,25.19674633234985,Low-Activity
C5473,1,19663.0,19663.0,0,0.0,9.786393196598299,4.893196598299149,Dormant
C5474,1,4409.0,4409.0,0,0.0,2.155577788894447,1.0777888944472236,Dormant
C5476,1,82323.0,82323.0,0,0.0,41.13206603301651,20.566033016508253,Dormant
C5477,3,128520.0,42840.0,305,4.081632653061225,64.24212106053027,34.16187685679574,Low-Activity
C5478,2,90290.0,45145.0,87,2.0408163265306123,45.1175587793897,23.579187552960153,Dormant
C5479,1,97000.0,97000.0,0,0.0,48.47423711855928,24.23711855927964,Dormant
C5480,1,62447.0,62447.0,0,0.0,31.189094547273637,15.594547273636818,Dormant
C5481,1,32906.0,32906.0,0,0.0,16.411205602801402,8.205602801400701,Dormant
C5482,3,159219.0,53073.0,288,4.081632653061225,79.59929964982491,41.84046615144307,Low-Activity
C5483,1,95001.0,95001.0,0,0.0,47.47423711855928,23.73711855927964,Dormant
C5485,2,134721.0,67360.5,267,2.0408163265306123,67.34417208604302,34.69249420628682,Low-Activity
C5487,1,83531.0,83531.0,0,0.0,41.73636818409205,20.868184092046025,Dormant
C5488,1,81955.0,81955.0,0,0.0,40.947973986993496,20.473986993496748,Dormant
C5490,1,31111.0,31111.0,0,0.0,15.513256628314156,7.756628314157078,Dormant
C5491,5,311072.0,62214.4,160,8.16326530612245,100.0,54.08163265306123,Active
C5492,3,137838.0,45946.0,296,4.081632653061225,68.90345172586294,36.49254218946208,Low-Activity
C5493,4,318106.0,79526.5,129,6.122448979591836,100.0,53.06122448979592,Active
C5494,2,75188.0,37594.0,116,2.0408163265306123,37.56278139069535,19.80179885861298,Dormant
C5495,1,3692.0,3692.0,0,0.0,1.7968984492246123,0.8984492246123061,Dormant
C5496,1,63726.0,63726.0,0,0.0,31.828914457228613,15.914457228614307,Dormant
C5497,2,79887.0,39943.5,172,2.0408163265306123,39.91345672836418,20.977136527447396,Dormant
C5498,1,75962.0,75962.0,0,0.0,37.949974987493746,18.974987493746873,Dormant
C5499,1,71479.0,71479.0,0,0.0,35.70735367683842,17.85367683841921,Dormant
C5500,3,59552.0,19850.666666666668,245,4.081632653061225,29.74087043521761,16.911251544139418,Dormant
C5503,1,50105.0,50105.0,0,0.0,25.015007503751875,12.507503751875937,Dormant
C5507,3,198630.0,66210.0,264,4.081632653061225,99.31465732866434,51.69814499086278,Active
C5508,1,4700.0,4700.0,0,0.0,2.301150575287644,1.150575287643822,Dormant
C5511,1,28421.0,28421.0,0,0.0,14.167583791895948,7.083791895947974,Dormant
C5512,4,191855.0,47963.75,110,6.122448979591836,95.92546273136568,51.02395585547876,Active
C5513,1,71274.0,71274.0,0,0.0,35.6048024012006,17.8024012006003,Dormant
C5515,1,16200.0,16200.0,0,0.0,8.054027013506754,4.027013506753377,Dormant
C5516,2,120479.0,60239.5,35,2.0408163265306123,60.219609804902454,31.130213065716532,Low-Activity
C5517,2,83846.0,41923.0,177,2.0408163265306123,41.89394697348675,21.96738165000868,Dormant
C5521,1,87675.0,87675.0,0,0.0,43.80940470235117,21.904702351175587,Dormant
C5522,2,111014.0,55507.0,123,2.0408163265306123,55.48474237118559,28.7627793488581,Low-Activity
C5523,1,48219.0,48219.0,0,0.0,24.07153576788394,12.03576788394197,Dormant
C5524,5,285167.0,57033.4,227,8.16326530612245,100.0,54.08163265306123,Active
C5526,1,7103.0,7103.0,0,0.0,3.5032516258129065,1.7516258129064533,Dormant
C5529,3,188797.0,62932.333333333336,256,4.081632653061225,94.39569784892447,49.238665250992845,Low-Activity
C5530,3,169647.0,56549.0,191,4.081632653061225,84.81590795397699,44.448770303519105,Low-Activity
C5531,1,31566.0,31566.0,0,0.0,15.740870435217607,7.8704352176088035,Dormant
C5532,1,55777.0,55777.0,0,0.0,27.85242621310655,13.926213106553275,Dormant
C5534,2,115685.0,57842.5,7,2.0408163265306123,57.82141070535267,29.93111351594164,Low-Activity
C5535,2,5491.0,2745.5,200,2.0408163265306123,2.696848424212106,2.368832375371359,Dormant
C5537,2,167623.0,83811.5,180,2.0408163265306123,83.80340170085042,42.922109013690516,Low-Activity
C5538,3,137028.0,45676.0,202,4.081632653061225,68.49824912456228,36.28994088881175,Low-Activity
C5539,1,66747.0,66747.0,0,0.0,33.34017008504252,16.67008504252126,Dormant
C5541,3,183965.0,61321.666666666664,19,4.081632653061225,91.97848924462231,48.030060948841765,Low-Activity
C5542,1,7546.0,7546.0,0,0.0,3.724862431215608,1.862431215607804,Dormant
C5543,3,139205.0,46401.666666666664,176,4.081632653061225,69.58729364682341,36.834463149942316,Low-Activity
C5544,1,19395.0,19395.0,0,0.0,9.652326163081542,4.826163081540771,Dormant
C5545,1,10296.0,10296.0,0,0.0,5.100550275137569,2.5502751375687844,Dormant
C5547,1,36048.0,36048.0,0,0.0,17.982991495747875,8.991495747873937,Dormant
C5548,1,46729.0,46729.0,0,0.0,23.32616308154077,11.663081540770385,Dormant
C5549,1,77021.0,77021.0,0,0.0,38.47973986993497,19.239869934967484,Dormant
C5550,1,50105.0,50105.0,0,0.0,25.015007503751875,12.507503751875937,Dormant
C5551,1,23765.0,23765.0,0,0.0,11.838419209604803,5.919209604802401,Dormant
C5552,2,122544.0,61272.0,166,2.0408163265306123,61.252626313156576,31.646721319843593,Low-Activity
C5555,5,220511.0,44102.2,195,8.16326530612245,100.0,54.08163265306123,Active
C5557,1,20361.0,20361.0,0,0.0,10.135567783891945,5.067783891945973,Dormant
C5558,2,69808.0,34904.0,182,2.0408163265306123,34.87143571785893,18.45612602219477,Dormant
C5559,2,132907.0,66453.5,77,2.0408163265306123,66.4367183591796,34.238767342855105,Low-Activity
C5562,1,99441.0,99441.0,0,0.0,49.69534767383692,24.84767383691846,Dormant
C5563,1,22618.0,22618.0,0,0.0,11.26463231615808,5.63231615807904,Dormant
C5565,1,93575.0,93575.0,0,0.0,46.760880440220106,23.380440220110053,Dormant
C5566,4,209456.0,52364.0,217,6.122448979591836,100.0,53.06122448979592,Active
C5567,4,161622.0,40405.5,203,6.122448979591836,80.80140070035017,43.461924839971005,Low-Activity
C5568,1,11694.0,11694.0,0,0.0,5.7998999499749875,2.8999499749874937,Dormant
C5569,2,107387.0,53693.5,329,2.0408163265306123,53.670335167583794,27.855575747057202,Low-Activity
C5570,2,73230.0,36615.0,236,2.0408163265306123,36.58329164582291,19.31205398617676,Dormant
C5571,1,26513.0,26513.0,0,0.0,13.213106553276639,6.606553276638319,Dormant
C5573,1,75212.0,75212.0,0,0.0,37.574787393696845,18.787393696848422,Dormant
C5575,1,10030.0,10030.0,0,0.0,4.967483741870935,2.4837418709354675,Dormant
C5576,3,218830.0,72943.33333333333,176,4.081632653061225,100.0,52.04081632653061,Active
C5577,1,65970.0,65970.0,0,0.0,32.95147573786893,16.475737868934466,Dormant
C5578,2,51862.0,25931.0,152,2.0408163265306123,25.89394697348674,13.967381650008678,Dormant
C5579,1,63603.0,63603.0,0,0.0,31.767383691845925,15.883691845922963,Dormant
C5581,1,82158.0,82158.0,0,0.0,41.04952476238119,20.524762381190595,Dormant
C5582,1,86049.0,86049.0,0,0.0,42.9959979989995,21.49799899949975,Dormant
C5583,1,13868.0,13868.0,0,0.0,6.887443721860931,3.4437218609304656,Dormant
C5584,2,122640.0,61320.0,169,2.0408163265306123,61.300650325162586,31.670733325846598,Low-Activity
C5585,1,6340.0,6340.0,0,0.0,3.1215607803901952,1.5607803901950976,Dormant
C5586,1,50105.0,50105.0,0,0.0,25.015007503751875,12.507503751875937,Dormant
C5587,1,25108.0,25108.0,0,0.0,12.510255127563783,6.255127563781891,Dormant
C5588,1,88697.0,88697.0,0,0.0,44.32066033016508,22.16033016508254,Dormant
C5589,1,77873.0,77873.0,0,0.0,38.905952976488244,19.452976488244122,Dormant
C5591,2,62985.0,31492.5,329,2.0408163265306123,31.45822911455728,16.749522720543947,Dormant
C5592,1,93221.0,93221.0,0,0.0,46.583791895947975,23.291895947973988,Dormant
C5593,2,76705.0,38352.5,168,2.0408163265306123,38.321660830415205,20.181238578472907,Dormant
C5594,1,33025.0,33025.0,0,0.0,16.470735367683844,8.235367683841922,Dormant
C5595,1,83490.0,83490.0,0,0.0,41.71585792896448,20.85792896448224,Dormant
C5596,1,26690.0,26690.0,0,0.0,13.301650825412706,6.650825412706353,Dormant
C5597,1,50105.0,50105.0,0,0.0,25.015007503751875,12.507503751875937,Dormant
C5598,2,159014.0,79507.0,273,2.0408163265306123,79.49674837418709,40.768782350358855,Low-Activity
C5599,1,4658.0,4658.0,0,0.0,2.2801400700350176,1.1400700350175088,Dormant
C5601,1,15509.0,15509.0,0,0.0,7.708354177088545,3.8541770885442723,Dormant
C5603,2,127501.0,63750.5,337,2.0408163265306123,63.73236618309155,32.88659125481108,Low-Activity
C5606,1,91190.0,91190.0,0,0.0,45.56778389194597,22.783891945972986,Dormant
C5607,2,60327.0,30163.5,53,2.0408163265306123,30.128564282141067,16.08469030433584,Dormant
C5608,1,60707.0,60707.0,0,0.0,30.318659329664833,15.159329664832416,Dormant
C5611,3,107297.0,35765.666666666664,257,4.081632653061225,53.62531265632816,28.853472654694695,Low-Activity
C5612,2,117562.0,58781.0,67,2.0408163265306123,58.76038019009505,30.40059825831283,Low-Activity
C5613,1,84838.0,84838.0,0,0.0,42.39019509754877,21.195097548774385,Dormant
C5615,3,107314.0,35771.333333333336,86,4.081632653061225,53.63381690845422,28.857724780757724,Low-Activity
C5616,3,176356.0,58785.333333333336,145,4.081632653061225,88.17208604302151,46.126859348041364,Low-Activity
C5617,1,3142.0,3142.0,0,0.0,1.52176088044022,0.76088044022011,Dormant
C5619,1,18501.0,18501.0,0,0.0,9.205102551275637,4.602551275637818,Dormant
C5620,2,111452.0,55726.0,321,2.0408163265306123,55.70385192596298,28.872334126246795,Low-Activity
C5621,3,175489.0,58496.333333333336,339,4.081632653061225,87.73836918459229,45.91000091882675,Low-Activity
C5623,1,52158.0,52158.0,0,0.0,26.042021010505252,13.021010505252626,Dormant
C5624,2,182843.0,91421.5,169,2.0408163265306123,91.41720860430215,46.72901246541638,Low-Activity
C5626,1,16347.0,16347.0,0,0.0,8.127563781890945,4.063781890945473,Dormant
C5627,1,89517.0,89517.0,0,0.0,44.73086543271636,22.36543271635818,Dormant
C5628,1,24074.0,24074.0,0,0.0,11.992996498249124,5.996498249124562,Dormant
C5631,2,127591.0,63795.5,186,2.0408163265306123,63.77738869434717,32.90910251043889,Low-Activity
C5632,1,56587.0,56587.0,0,0.0,28.257628814407205,14.128814407203603,Dormant
C5633,2,149507.0,74753.5,141,2.0408163265306123,74.74087043521762,38.39084338087412,Low-Activity
C5635,1,23470.0,23470.0,0,0.0,11.690845422711355,5.845422711355678,Dormant
C5636,2,87950.0,43975.0,19,2.0408163265306123,43.946973486743374,22.993894906636992,Dormant
C5637,3,155478.0,51826.0,190,4.081632653061225,77.72786393196598,40.9047482925136,Low-Activity
C5640,1,57472.0,57472.0,0,0.0,28.700350175087543,14.350175087543771,Dormant
C5642,1,67117.0,67117.0,0,0.0,33.525262631315655,16.762631315657828,Dormant
C5644,2,99014.0,49507.0,69,2.0408163265306123,49.48174087043522,25.761278598482914,Low-Activity
C5645,1,76660.0,76660.0,0,0.0,38.29914957478739,19.149574787393696,Dormant
C5646,2,103639.0,51819.5,116,2.0408163265306123,51.79539769884942,26.918107012690015,Low-Activity
C5647,2,121201.0,60600.5,3,2.0408163265306123,60.5807903951976,31.310803360864107,Low-Activity
C5648,3,168946.0,56315.333333333336,231,4.081632653061225,84.46523261630816,44.27343263468469,Low-Activity
C5650,2,59110.0,29555.0,13,2.0408163265306123,29.519759879939972,15.780288103235293,Dormant
C5651,2,116041.0,58020.5,167,2.0408163265306123,57.999499749874936,30.020158038202773,Low-Activity
C5652,2,70958.0,35479.0,266,2.0408163265306123,35.446723361680846,18.743769844105728,Dormant
C5654,3,108695.0,36231.666666666664,256,4.081632653061225,54.324662331165584,29.203147492113406,Low-Activity
C5655,1,2853.0,2853.0,0,0.0,1.3771885942971485,0.6885942971485742,Dormant
C5656,3,189178.0,63059.333333333336,132,4.081632653061225,94.58629314657328,49.33396289981725,Low-Activity
C5657,1,99333.0,99333.0,0,0.0,49.641320660330166,24.820660330165083,Dormant
C5658,3,70123.0,23374.333333333332,62,4.081632653061225,35.02901450725363,19.555323580157427,Dormant
C5659,1,95236.0,95236.0,0,0.0,47.59179589794898,23.79589794897449,Dormant
C5661,2,136747.0,68373.5,237,2.0408163265306123,68.3576788394197,35.19924758297516,Low-Activity
C5662,2,169648.0,84824.0,147,2.0408163265306123,84.81640820410206,43.42861226531634,Low-Activity
C5663,2,80040.0,40020.0,66,2.0408163265306123,39.98999499749875,21.01540566201468,Dormant
C5666,2,156145.0,78072.5,254,2.0408163265306123,78.06153076538268,40.05117354595665,Low-Activity
C5668,1,50599.0,50599.0,0,0.0,25.262131065532767,12.631065532766383,Dormant
C5669,1,61604.0,61604.0,0,0.0,30.76738369184592,15.38369184592296,Dormant
C5670,4,237963.0,59490.75,344,6.122448979591836,100.0,53.06122448979592,Active
C5673,3,200374.0,66791.33333333333,248,4.081632653061225,100.0,52.04081632653061,Active
C5674,1,67086.0,67086.0,0,0.0,33.509754877438716,16.754877438719358,Dormant
C5675,5,252263.0,50452.6,283,8.16326530612245,100.0,54.08163265306123,Active
C5677,3,82388.0,27462.666666666668,283,4.081632653061225,41.16458229114557,22.6231074721034,Dormant
C5678,1,31926.0,31926.0,0,0.0,15.92096048024012,7.96048024012006,Dormant
C5681,1,31822.0,31822.0,0,0.0,15.868934467233617,7.934467233616808,Dormant
C5683,2,161542.0,80771.0,91,2.0408163265306123,80.76138069034518,41.4010985084379,Low-Activity
C5684,1,74652.0,74652.0,0,0.0,37.294647323661835,18.647323661830917,Dormant
C5686,1,35148.0,35148.0,0,0.0,17.532766383191596,8.766383191595798,Dormant
C5687,1,3657.0,3657.0,0,0.0,1.7793896948474237,0.8896948474237119,Dormant
C5689,1,84982.0,84982.0,0,0.0,42.46223111555778,21.23111555777889,Dormant
C5690,2,82950.0,41475.0,196,2.0408163265306123,41.44572286143072,21.743269593980664,Dormant
C5692,1,76534.0,76534.0,0,0.0,38.236118059029515,19.118059029514757,Dormant
C5694,1,32850.0,32850.0,0,0.0,16.3831915957979,8.19159579789895,Dormant
C5695,1,50105.0,50105.0,0,0.0,25.015007503751875,12.507503751875937,Dormant
C5697,1,5101.0,5101.0,0,0.0,2.501750875437719,1.2508754377188596,Dormant
C5698,1,80451.0,80451.0,0,0.0,40.19559779889945,20.097798899449725,Dormant
C5699,1,50105.0,50105.0,0,0.0,25.015007503751875,12.507503751875937,Dormant
C5700,1,24338.0,24338.0,0,0.0,12.125062531265634,6.062531265632817,Dormant
C5701,1,9977.0,9977.0,0,0.0,4.940970485242621,2.4704852426213106,Dormant
C5703,2,141589.0,70794.5,136,2.0408163265306123,70.77988994497248,36.41035313575155,Low-Activity
C5704,1,35390.0,35390.0,0,0.0,17.653826913456726,8.826913456728363,Dormant
C5709,1,34926.0,34926.0,0,0.0,17.421710855427712,8.710855427713856,Dormant
C5710,2,143102.0,71551.0,126,2.0408163265306123,71.5367683841921,36.78879235536136,Low-Activity
C5711,2,52808.0,26404.0,4,2.0408163265306123,26.367183591795897,14.203999959163255,Dormant
C5712,2,77686.0,38843.0,236,2.0408163265306123,38.81240620310155,20.42661126481608,Dormant
C5713,3,134349.0,44783.0,173,4.081632653061225,67.15807903951976,35.61985584629049,Low-Activity
C5717,2,112481.0,56240.5,63,2.0408163265306123,56.218609304652325,29.129712815591468,Low-Activity
C5719,2,72797.0,36398.5,82,2.0408163265306123,36.366683341670836,19.203749834100723,Dormant
C5722,1,26604.0,26604.0,0,0.0,13.258629314657327,6.629314657328663,Dormant
C5725,3,263710.0,87903.33333333333,65,4.081632653061225,100.0,52.04081632653061,Active
C5726,1,98733.0,98733.0,0,0.0,49.34117058529265,24.670585292646326,Dormant
C5727,3,244872.0,81624.0,191,4.081632653061225,100.0,52.04081632653061,Active
C5728,1,79143.0,79143.0,0,0.0,39.54127063531766,19.77063531765883,Dormant
C5729,3,179271.0,59757.0,222,4.081632653061225,89.63031515757879,46.855973905320006,Low-Activity
C5732,3,60807.0,20269.0,44,4.081632653061225,30.368684342171086,17.225158497616157,Dormant
C5733,1,40558.0,40558.0,0,0.0,20.23911955977989,10.119559779889945,Dormant
C5734,1,50105.0,50105.0,0,0.0,25.015007503751875,12.507503751875937,Dormant
C5735,3,165365.0,55121.666666666664,144,4.081632653061225,82.67383691845923,43.377734785760225,Low-Activity
C5736,2,11549.0,5774.5,48,2.0408163265306123,5.72736368184092,3.884090004185766,Dormant
C5737,2,88897.0,44448.5,181,2.0408163265306123,44.42071035517759,23.2307633408541,Dormant
C5741,1,86050.0,86050.0,0,0.0,42.996498249124556,21.498249124562278,Dormant
C5744,1,6806.0,6806.0,0,0.0,3.3546773386693345,1.6773386693346672,Dormant
C5746,1,50025.0,50025.0,0,0.0,24.974987493746873,12.487493746873437,Dormant
C5747,1,10385.0,10385.0,0,0.0,5.145072536268134,2.572536268134067,Dormant
C5748,1,74951.0,74951.0,0,0.0,37.444222111055524,18.722111055527762,Dormant
C5749,2,127032.0,63516.0,37,2.0408163265306123,63.49774887443722,32.76928260048392,Low-Activity
C5752,2,68481.0,34240.5,107,2.0408163265306123,34.20760380190095,18.12421006421578,Dormant
C5753,2,79213.0,39606.5,15,2.0408163265306123,39.57628814407204,20.808552235301324,Dormant
C5756,1,32111.0,32111.0,0,0.0,16.01350675337669,8.006753376688344,Dormant
C5757,4,292454.0,73113.5,166,6.122448979591836,100.0,53.06122448979592,Active
C5758,2,136592.0,68296.0,179,2.0408163265306123,68.28014007003502,35.16047819828282,Low-Activity
C5759,2,57430.0,28715.0,137,2.0408163265306123,28.67933966983492,15.360077998182767,Dormant
C5760,3,148300.0,49433.333333333336,213,4.081632653061225,74.13706853426714,39.10935059366418,Low-Activity
C5761,2,96319.0,48159.5,205,2.0408163265306123,48.13356678339169,25.08719155496115,Low-Activity
C5763,3,154992.0,51664.0,168,4.081632653061225,77.48474237118559,40.783187512123405,Low-Activity
C5765,2,86217.0,43108.5,33,2.0408163265306123,43.08004002001001,22.56042817327031,Dormant
C5766,1,64760.0,64760.0,0,0.0,32.346173086543274,16.173086543271637,Dormant
C5769,2,92895.0,46447.5,307,2.0408163265306123,46.42071035517759,24.2307633408541,Dormant
C5773,1,4637.0,4637.0,0,0.0,2.2696348174087047,1.1348174087043523,Dormant
C5774,1,80266.0,80266.0,0,0.0,40.103051525762886,20.051525762881443,Dormant
C5775,1,29903.0,29903.0,0,0.0,14.90895447723862,7.45447723861931,Dormant
C5776,1,99491.0,99491.0,0,0.0,49.72036018009005,24.860180090045024,Dormant
C5777,3,193071.0,64357.0,232,4.081632653061225,96.53376688344171,50.30769976825147,Active
C5778,1,5943.0,5943.0,0,0.0,2.92296148074037,1.461480740370185,Dormant
C5780,6,184959.0,30826.5,245,10.204081632653061,92.47573786893447,51.339909750793765,Active
C5781,1,1089.0,1089.0,0,0.0,0.4947473736868434,0.2473736868434217,Dormant
C5782,2,99790.0,49895.0,55,2.0408163265306123,49.86993496748374,25.955375647007177,Low-Activity
C5784,5,104557.0,20911.4,298,8.16326530612245,52.25462731365683,30.20894630988964,Low-Activity
C5786,1,67472.0,67472.0,0,0.0,33.70285142571285,16.851425712856425,Dormant
C5788,1,56789.0,56789.0,0,0.0,28.358679339669834,14.179339669834917,Dormant
C5790,2,36553.0,18276.5,50,2.0408163265306123,18.235617808904454,10.138217067717534,Dormant
C5791,2,77438.0,38719.0,145,2.0408163265306123,38.68834417208604,20.364580249308325,Dormant
C5792,1,93830.0,93830.0,0,0.0,46.888444222111055,23.444222111055527,Dormant
C5793,1,64242.0,64242.0,0,0.0,32.08704352176088,16.04352176088044,Dormant
C5795,3,113958.0,37986.0,238,4.081632653061225,56.957478739369684,30.519555696215455,Low-Activity
C5796,3,111080.0,37026.666666666664,238,4.081632653061225,55.51775887943972,29.799695766250473,Low-Activity
C5797,1,66671.0,66671.0,0,0.0,33.302151075537765,16.651075537768882,Dormant
C5798,3,105705.0,35235.0,285,4.081632653061225,52.82891445722861,28.45527355514492,Low-Activity
C5799,2,102132.0,51066.0,42,2.0408163265306123,51.04152076038019,26.5411685434554,Low-Activity
C5803,1,80458.0,80458.0,0,0.0,40.199099549774886,20.099549774887443,Dormant
C5804,2,122942.0,61471.0,272,2.0408163265306123,61.45172586293146,31.746271094731036,Low-Activity
C5805,1,91129.0,91129.0,0,0.0,45.53726863431716,22.76863431715858,Dormant
C5806,2,122809.0,61404.5,149,2.0408163265306123,61.38519259629815,31.71300446141438,Low-Activity
C5808,1,45061.0,45061.0,0,0.0,22.49174587293647,11.245872936468235,Dormant
C5809,1,1447.0,1447.0,0,0.0,0.6738369184592297,0.33691845922961483,Dormant
C5810,1,90128.0,90128.0,0,0.0,45.036518259129565,22.518259129564782,Dormant
C5811,2,105572.0,52786.0,72,2.0408163265306123,52.7623811905953,27.401598758562955,Low-Activity
C5813,1,14250.0,14250.0,0,0.0,7.078539269634818,3.539269634817409,Dormant
C5814,1,10542.0,10542.0,0,0.0,5.2236118059029515,2.6118059029514757,Dormant
C5815,3,162360.0,54120.0,94,4.081632653061225,81.17058529264632,42.62610897285377,Low-Activity
C5817,1,84150.0,84150.0,0,0.0,42.04602301150575,21.023011505752876,Dormant
C5818,1,16189.0,16189.0,0,0.0,8.048524262131066,4.024262131065533,Dormant
C5820,2,119357.0,59678.5,211,2.0408163265306123,59.65832916458229,30.84957274555645,Low-Activity
C5821,1,95341.0,95341.0,0,0.0,47.64432216108054,23.82216108054027,Dormant
C5823,1,9189.0,9189.0,0,0.0,4.546773386693347,2.2733866933466733,Dormant
C5825,2,144356.0,72178.0,177,2.0408163265306123,72.1640820410205,37.10244918377556,Low-Activity
C5827,1,50105.0,50105.0,0,0.0,25.015007503751875,12.507503751875937,Dormant
C5829,1,67515.0,67515.0,0,0.0,33.72436218109055,16.862181090545274,Dormant
C5830,2,56019.0,28009.5,32,2.0408163265306123,27.973486743371684,15.007151534951149,Dormant
C5831,1,89657.0,89657.0,0,0.0,44.800900450225114,22.400450225112557,Dormant
C5833,2,98783.0,49391.5,132,2.0408163265306123,49.36618309154577,25.70349970903819,Low-Activity
C5835,1,50105.0,50105.0,0,0.0,25.015007503751875,12.507503751875937,Dormant
C5837,2,141101.0,70550.5,134,2.0408163265306123,70.53576788394197,36.288292105236295,Low-Activity
C5838,1,48604.0,48604.0,0,0.0,24.264132066033017,12.132066033016509,Dormant
C5839,2,40068.0,20034.0,207,2.0408163265306123,19.99399699849925,11.017406662514931,Dormant
C5840,1,95458.0,95458.0,0,0.0,47.70285142571286,23.85142571285643,Dormant
C5841,3,90318.0,30106.0,200,4.081632653061225,45.13156578289145,24.60659921797634,Dormant
C5845,1,45940.0,45940.0,0,0.0,22.93146573286643,11.465732866433216,Dormant
C5846,4,257451.0,64362.75,204,6.122448979591836,100.0,53.06122448979592,Active
C5849,1,93104.0,93104.0,0,0.0,46.525262631315655,23.262631315657828,Dormant
C5853,2,163730.0,81865.0,31,2.0408163265306123,81.85592796398198,41.9483721452563,Low-Activity
C5854,1,76473.0,76473.0,0,0.0,38.2056028014007,19.10280140070035,Dormant
C5855,1,93896.0,93896.0,0,0.0,46.92146073036518,23.46073036518259,Dormant
C5857,2,93709.0,46854.5,63,2.0408163265306123,46.82791395697849,24.43436514175455,Dormant
C5858,2,90789.0,45394.5,146,2.0408163265306123,45.36718359179589,23.70399995916325,Dormant
C5859,2,137974.0,68987.0,82,2.0408163265306123,68.97148574287144,35.50615103470103,Low-Activity
C5861,2,143355.0,71677.5,160,2.0408163265306123,71.66333166583291,36.852073996181765,Low-Activity
C5864,2,90831.0,45415.5,168,2.0408163265306123,45.388194097048526,23.714505211789568,Dormant
C5865,1,8780.0,8780.0,0,0.0,4.3421710855427715,2.1710855427713858,Dormant
C5867,1,94718.0,94718.0,0,0.0,47.332666333166586,23.666333166583293,Dormant
C5868,2,28316.0,14158.0,30,2.0408163265306123,14.115057528764382,8.077936927647498,Dormant
C5869,3,72294.0,24098.0,246,4.081632653061225,36.11505752876438,20.098345090912805,Dormant
C5872,1,35776.0,35776.0,0,0.0,17.846923461730864,8.923461730865432,Dormant
C5873,3,67244.0,22414.666666666668,143,4.081632653061225,33.588794397198605,18.835213525129916,Dormant
C5875,4,202972.0,50743.0,102,6.122448979591836,100.0,53.06122448979592,Active
C5876,2,134963.0,67481.5,116,2.0408163265306123,67.46523261630816,34.75302447141939,Low-Activity
C5878,1,50105.0,50105.0,0,0.0,25.015007503751875,12.507503751875937,Dormant
C5879,1,79932.0,79932.0,0,0.0,39.93596798399199,19.967983991995997,Dormant
C5882,1,40226.0,40226.0,0,0.0,20.07303651825913,10.036518259129565,Dormant
C5883,1,68888.0,68888.0,0,0.0,34.411205602801395,17.205602801400698,Dormant
C5886,2,118739.0,59369.5,116,2.0408163265306123,59.34917458729365,30.69499545691213,Low-Activity
C5887,3,172673.0,57557.666666666664,342,4.081632653061225,86.32966483241621,45.20564874273872,Low-Activity
C5888,2,64824.0,32412.0,159,2.0408163265306123,32.378189094547274,17.209502710538942,Dormant
C5889,1,66739.0,66739.0,0,0.0,33.33616808404202,16.66808404202101,Dormant
C5890,2,39523.0,19761.5,190,2.0408163265306123,19.72136068034017,10.881088503435391,Dormant
C5891,1,54749.0,54749.0,0,0.0,27.33816908454227,13.669084542271134,Dormant
C5892,1,84249.0,84249.0,0,0.0,42.09554777388694,21.04777388694347,Dormant
C5893,3,142086.0,47362.0,212,4.081632653061225,71.02851425712856,37.55507345509489,Low-Activity
C5895,2,78908.0,39454.0,93,2.0408163265306123,39.42371185592796,20.732264091229286,Dormant
C5897,3,194796.0,64932.0,314,4.081632653061225,97.39669834917459,50.7391655011179,Active
C5898,2,64794.0,32397.0,145,2.0408163265306123,32.3631815907954,17.201998958663005,Dormant
C5904,1,53313.0,53313.0,0,0.0,26.619809904952476,13.309904952476238,Dormant
C5906,1,25007.0,25007.0,0,0.0,12.459729864932466,6.229864932466233,Dormant
C5908,1,47469.0,47469.0,0,0.0,23.696348174087042,11.848174087043521,Dormant
C5909,1,67346.0,67346.0,0,0.0,33.63981990995498,16.81990995497749,Dormant
C5910,1,50105.0,50105.0,0,0.0,25.015007503751875,12.507503751875937,Dormant
C5911,3,139314.0,46438.0,28,4.081632653061225,69.64182091045524,36.86172678175823,Low-Activity
C5912,1,16167.0,16167.0,0,0.0,8.03751875937969,4.018759379689845,Dormant
C5916,3,106111.0,35370.333333333336,208,4.081632653061225,53.032016008004,28.556824330532613,Low-Activity
C5917,3,137859.0,45953.0,42,4.081632653061225,68.91395697848924,36.49779481577523,Low-Activity
C5919,1,57241.0,57241.0,0,0.0,28.5847923961981,14.29239619809905,Dormant
C5920,5,281097.0,56219.4,208,8.16326530612245,100.0,54.08163265306123,Active
C5922,3,180408.0,60136.0,36,4.081632653061225,90.19909954977489,47.14036610141805,Low-Activity
C5923,1,32954.0,32954.0,0,0.0,16.435217608804404,8.217608804402202,Dormant
C5924,1,76239.0,76239.0,0,0.0,38.08854427213607,19.044272136068034,Dormant
C5925,1,64736.0,64736.0,0,0.0,32.33416708354177,16.167083541770886,Dormant
C5926,3,127543.0,42514.333333333336,144,4.081632653061225,63.753376688344176,33.9175046707027,Low-Activity
C5927,2,147622.0,73811.0,171,2.0408163265306123,73.79789894947474,37.91935763800268,Low-Activity
C5928,2,126377.0,63188.5,132,2.0408163265306123,63.170085042521265,32.60545068452594,Low-Activity
C5931,4,130731.0,32682.75,198,6.122448979591836,65.34817408704352,35.73531153331768,Low-Activity
C5932,1,3090.0,3090.0,0,0.0,1.4957478739369685,0.7478739369684843,Dormant
C5933,2,64282.0,32141.0,10,2.0408163265306123,32.10705352676338,17.073934926646995,Dormant
C5934,1,30527.0,30527.0,0,0.0,15.22111055527764,7.61055527763882,Dormant
C5937,1,83535.0,83535.0,0,0.0,41.738369184592294,20.869184592296147,Dormant
C5938,3,61826.0,20608.666666666668,205,4.081632653061225,30.878439219609806,17.480035936335515,Dormant
C5939,3,125684.0,41894.666666666664,220,4.081632653061225,62.823411705852926,33.45252217945708,Low-Activity
C5940,1,41321.0,41321.0,0,0.0,20.6208104052026,10.3104052026013,Dormant
C5941,1,99829.0,99829.0,0,0.0,49.88944472236118,24.94472236118059,Dormant
C5942,2,104993.0,52496.5,74,2.0408163265306123,52.472736368184094,27.256776347357352,Low-Activity
C5943,3,117334.0,39111.333333333336,81,4.081632653061225,58.646323161580796,31.36397790732101,Low-Activity
C5944,2,34434.0,17217.0,11,2.0408163265306123,17.17558779389695,9.608202060213781,Dormant
C5945,3,162950.0,54316.666666666664,244,4.081632653061225,81.46573286643321,42.77368275974722,Low-Activity
C5946,2,122781.0,61390.5,27,2.0408163265306123,61.371185592796394,31.706000959663502,Low-Activity
C5947,1,45384.0,45384.0,0,0.0,22.653326663331665,11.326663331665833,Dormant
C5951,2,88070.0,44035.0,65,2.0408163265306123,44.00700350175087,23.02390991414074,Dormant
C5952,1,25906.0,25906.0,0,0.0,12.90945472736368,6.45472736368184,Dormant
C5953,1,38984.0,38984.0,0,0.0,19.451725862931465,9.725862931465732,Dormant
C5956,1,29274.0,29274.0,0,0.0,14.594297148574286,7.297148574287143,Dormant
C5957,1,50105.0,50105.0,0,0.0,25.015007503751875,12.507503751875937,Dormant
C5958,3,157732.0,52577.333333333336,122,4.081632653061225,78.85542771385693,41.46853018345907,Low-Activity
C5960,1,99767.0,99767.0,0,0.0,49.858429214607305,24.929214607303653,Dormant
C5961,1,9077.0,9077.0,0,0.0,4.490745372686343,2.2453726863431713,Dormant
C5962,1,3270.0,3270.0,0,0.0,1.5857928964482242,0.7928964482241121,Dormant
C5964,1,68051.0,68051.0,0,0.0,33.99249624812406,16.99624812406203,Dormant
C5966,1,99527.0,99527.0,0,0.0,49.738369184592294,24.869184592296147,Dormant
C5967,2,130077.0,65038.5,103,2.0408163265306123,65.02101050525263,33.530913415891625,Low-Activity
C5968,3,192348.0,64116.0,150,4.081632653061225,96.17208604302151,50.126859348041364,Active
C5969,1,49309.0,49309.0,0,0.0,24.6168084042021,12.30840420210105,Dormant
C5970,2,76127.0,38063.5,175,2.0408163265306123,38.032516258129064,20.036666292329837,Dormant
C5971,2,111661.0,55830.5,136,2.0408163265306123,55.808404202101045,28.924610264315827,Low-Activity
C5973,1,41935.0,41935.0,0,0.0,20.927963981990995,10.463981990995498,Dormant
C5975,2,133413.0,66706.5,62,2.0408163265306123,66.68984492246123,34.365330624495925,Low-Activity
C5976,4,276254.0,69063.5,168,6.122448979591836,100.0,53.06122448979592,Active
C5979,2,139647.0,69823.5,247,2.0408163265306123,69.80840420210104,35.92461026431583,Low-Activity
C5980,1,50105.0,50105.0,0,0.0,25.015007503751875,12.507503751875937,Dormant
C5986,1,92587.0,92587.0,0,0.0,46.26663331665833,23.133316658329164,Dormant
C5987,3,160473.0,53491.0,208,4.081632653061225,80.22661330665332,42.15412297985727,Low-Activity
C5988,1,27191.0,27191.0,0,0.0,13.552276138069033,6.776138069034516,Dormant
C5992,3,119322.0,39774.0,262,4.081632653061225,59.640820410205095,31.86122653163316,Low-Activity
C5994,4,145309.0,36327.25,245,6.122448979591836,72.6408204102051,39.381634694898466,Low-Activity
C5995,1,82642.0,82642.0,0,0.0,41.291645822911455,20.645822911455728,Dormant
C5996,1,61789.0,61789.0,0,0.0,30.85992996498249,15.429964982491246,Dormant
C5997,3,191658.0,63886.0,315,4.081632653061225,95.82691345672836,49.95427305489479,Low-Activity
C5998,1,26074.0,26074.0,0,0.0,12.993496748374186,6.496748374187093,Dormant
C6000,1,93064.0,93064.0,0,0.0,46.50525262631315,23.252626313156576,Dormant
C6002,4,158078.0,39519.5,293,6.122448979591836,79.02851425712856,42.5754816183602,Low-Activity
C6003,1,76261.0,76261.0,0,0.0,38.09954977488744,19.04977488744372,Dormant
C6004,1,41709.0,41709.0,0,0.0,20.814907453726864,10.407453726863432,Dormant
C6005,1,92701.0,92701.0,0,0.0,46.323661830915455,23.161830915457728,Dormant
C6006,2,140923.0,70461.5,3,2.0408163265306123,70.44672336168084,36.24376984410573,Low-Activity
C6008,2,116276.0,58138.0,151,2.0408163265306123,58.11705852926463,30.07893742789762,Low-Activity
C6009,1,44361.0,44361.0,0,0.0,22.141570785392698,11.070785392696349,Dormant
C6010,1,50105.0,50105.0,0,0.0,25.015007503751875,12.507503751875937,Dormant
C6011,1,27127.0,27127.0,0,0.0,13.520260130065031,6.760130065032516,Dormant
C6013,1,44263.0,44263.0,0,0.0,22.092546273136566,11.046273136568283,Dormant
C6014,2,125489.0,62744.5,15,2.0408163265306123,62.725862931465734,32.38333962899817,Low-Activity
C6016,3,101461.0,33820.333333333336,194,4.081632653061225,50.70585292646324,27.393742789762232,Low-Activity
C6017,1,9679.0,9679.0,0,0.0,4.791895947973987,2.3959479739869933,Dormant
C6021,2,114084.0,57042.0,57,2.0408163265306123,57.02051025512757,29.53066329082909,Low-Activity
C6024,3,197751.0,65917.0,345,4.081632653061225,98.87493746873437,51.4782850608978,Active
C6027,1,93939.0,93939.0,0,0.0,46.94297148574287,23.471485742871437,Dormant
C6029,1,33000.0,33000.0,0,0.0,16.45822911455728,8.22911455727864,Dormant
C6031,1,86558.0,86558.0,0,0.0,43.250625312656325,21.625312656328163,Dormant
C6032,1,98676.0,98676.0,0,0.0,49.31265632816408,24.65632816408204,Dormant
C6033,1,84248.0,84248.0,0,0.0,42.09504752376188,21.04752376188094,Dormant
C6036,2,117684.0,58842.0,83,2.0408163265306123,58.821410705352676,30.431113515941643,Low-Activity
C6037,3,208917.0,69639.0,241,4.081632653061225,100.0,52.04081632653061,Active
C6039,1,11191.0,11191.0,0,0.0,5.5482741370685345,2.7741370685342672,Dormant
C6040,1,42429.0,42429.0,0,0.0,21.175087543771888,10.587543771885944,Dormant
C6041,2,47836.0,23918.0,222,2.0408163265306123,23.879939969984992,12.960378148257803,Dormant
C6043,2,90288.0,45144.0,121,2.0408163265306123,45.11655827913957,23.57868730283509,Dormant
C6044,1,25544.0,25544.0,0,0.0,12.728364182091045,6.364182091045523,Dormant
C6047,2,141750.0,70875.0,92,2.0408163265306123,70.86043021510756,36.45062327081909,Low-Activity
C6048,1,79515.0,79515.0,0,0.0,39.72736368184092,19.86368184092046,Dormant
C6051,3,123232.0,41077.333333333336,121,4.081632653061225,61.596798399199606,32.83921552613042,Low-Activity
C6052,2,104503.0,52251.5,136,2.0408163265306123,52.22761380690345,27.13421506671703,Low-Activity
C6053,1,50105.0,50105.0,0,0.0,25.015007503751875,12.507503751875937,Dormant
C6054,2,122939.0,61469.5,36,2.0408163265306123,61.450225112556275,31.745520719543443,Low-Activity
C6055,2,116432.0,58216.0,267,2.0408163265306123,58.195097548774385,30.117956937652497,Low-Activity
C6056,1,91587.0,91587.0,0,0.0,45.7663831915958,22.8831915957979,Dormant
C6057,3,243566.0,81188.66666666667,197,4.081632653061225,100.0,52.04081632653061,Active
C6059,1,77479.0,77479.0,0,0.0,38.70885442721361,19.354427213606805,Dormant
C6060,1,48620.0,48620.0,0,0.0,24.272136068034015,12.136068034017008,Dormant
C6061,1,50105.0,50105.0,0,0.0,25.015007503751875,12.507503751875937,Dormant
C6062,2,8012.0,4006.0,162,2.0408163265306123,3.9579789894947472,2.99939765801268,Dormant
C6063,3,133308.0,44436.0,192,4.081632653061225,66.63731865932967,35.35947565619544,Low-Activity
C6064,1,86863.0,86863.0,0,0.0,43.4032016008004,21.7016008004002,Dormant
C6065,2,121211.0,60605.5,139,2.0408163265306123,60.58579289644822,31.313304611489414,Low-Activity
C6067,2,110498.0,55249.0,171,2.0408163265306123,55.22661330665333,28.63371481659197,Low-Activity
C6068,3,159654.0,53218.0,213,4.081632653061225,79.8169084542271,41.94927055364416,Low-Activity
C6072,1,96640.0,96640.0,0,0.0,48.29414707353677,24.147073536768385,Dormant
C6073,3,116539.0,38846.333333333336,167,4.081632653061225,58.24862431215608,31.165128482608655,Low-Activity
C6074,2,39028.0,19514.0,128,2.0408163265306123,19.473736868434216,10.757276597482415,Dormant
C6075,1,52994.0,52994.0,0,0.0,26.46023011505753,13.230115057528765,Dormant
C6077,2,145747.0,72873.5,47,2.0408163265306123,72.8599299649825,37.45037314575656,Low-Activity
C6078,1,33550.0,33550.0,0,0.0,16.73336668334167,8.366683341670836,Dormant
C6080,1,35953.0,35953.0,0,0.0,17.935467733866933,8.967733866933466,Dormant
C6083,1,46991.0,46991.0,0,0.0,23.457228614307155,11.728614307153578,Dormant
C6084,2,109669.0,54834.5,211,2.0408163265306123,54.81190595297649,28.42636113975355,Low-Activity
C6085,3,103850.0,34616.666666666664,178,4.081632653061225,51.900950475237615,27.99129156414942,Low-Activity
C6086,3,67847.0,22615.666666666668,36,4.081632653061225,33.890445222611305,18.986038937836266,Dormant
C6087,1,50105.0,50105.0,0,0.0,25.015007503751875,12.507503751875937,Dormant
C6088,1,60981.0,60981.0,0,0.0,30.455727863931966,15.227863931965983,Dormant
C6089,1,42103.0,42103.0,0,0.0,21.012006003001503,10.506003001500751,Dormant
C6091,1,50105.0,50105.0,0,0.0,25.015007503751875,12.507503751875937,Dormant
C6092,1,44052.0,44052.0,0,0.0,21.986993496748376,10.993496748374188,Dormant
C6093,2,59382.0,29691.0,153,2.0408163265306123,29.655827913956976,15.848322120243795,Dormant
C6095,1,13322.0,13322.0,0,0.0,6.614307153576789,3.3071535767883944,Dormant
C6097,2,100231.0,50115.5,138,2.0408163265306123,50.09054527263632,26.065680799583465,Low-Activity
C6101,1,92711.0,92711.0,0,0.0,46.32866433216608,23.16433216608304,Dormant
C6102,1,50105.0,50105.0,0,0.0,25.015007503751875,12.507503751875937,Dormant
C6103,1,70877.0,70877.0,0,0.0,35.40620310155077,17.703101550775386,Dormant
C6104,1,42925.0,42925.0,0,0.0,21.4232116058029,10.71160580290145,Dormant
C6105,3,215313.0,71771.0,332,4.081632653061225,100.0,52.04081632653061,Active
C6108,2,116214.0,58107.0,52,2.0408163265306123,58.08604302151076,30.063429674020686,Low-Activity
C6109,3,223033.0,74344.33333333333,203,4.081632653061225,100.0,52.04081632653061,Active
C6110,2,124724.0,62362.0,127,2.0408163265306123,62.3431715857929,32.19199395616176,Low-Activity
C6111,1,72524.0,72524.0,0,0.0,36.230115057528764,18.115057528764382,Dormant
C6113,1,48454.0,48454.0,0,0.0,24.189094547273637,12.094547273636818,Dormant
C6114,1,24688.0,24688.0,0,0.0,12.30015007503752,6.15007503751876,Dormant
C6115,1,51724.0,51724.0,0,0.0,25.824912456228116,12.912456228114058,Dormant
C6116,1,31288.0,31288.0,0,0.0,15.601800900450225,7.800900450225113,Dormant
C6119,1,72109.0,72109.0,0,0.0,36.02251125562781,18.011255627813906,Dormant
C6120,1,7460.0,7460.0,0,0.0,3.6818409204602305,1.8409204602301152,Dormant
C6121,1,12203.0,12203.0,0,0.0,6.054527263631816,3.027263631815908,Dormant
C6122,2,83346.0,41673.0,203,2.0408163265306123,41.643821910955474,21.842319118743042,Dormant
C6124,2,64334.0,32167.0,221,2.0408163265306123,32.133066533266636,17.086941429898623,Dormant
C6126,3,138517.0,46172.333333333336,28,4.081632653061225,69.24312156078038,36.6623771069208,Low-Activity
C6127,2,126532.0,63266.0,65,2.0408163265306123,63.24762381190595,32.644220069218285,Low-Activity
C6130,1,69448.0,69448.0,0,0.0,34.69134567283641,17.345672836418206,Dormant
C6131,2,91850.0,45925.0,223,2.0408163265306123,45.89794897448725,23.96938265050893,Dormant
C6132,2,140393.0,70196.5,134,2.0408163265306123,70.1815907953977,36.11120356096416,Low-Activity
C6134,2,147389.0,73694.5,234,2.0408163265306123,73.68134067033517,37.861078498432896,Low-Activity
C6136,2,61504.0,30752.0,300,2.0408163265306123,30.717358679339668,16.37908750293514,Dormant
C6137,1,67250.0,67250.0,0,0.0,33.59179589794897,16.795897948974485,Dormant
C6138,1,68922.0,68922.0,0,0.0,34.42821410705353,17.214107053526764,Dormant
C6141,4,293977.0,73494.25,256,6.122448979591836,100.0,53.06122448979592,Active
C6142,1,49134.0,49134.0,0,0.0,24.52926463231616,12.26463231615808,Dormant
C6145,1,46277.0,46277.0,0,0.0,23.100050025012507,11.550025012506254,Dormant
C6147,1,28901.0,28901.0,0,0.0,14.407703851925962,7.203851925962981,Dormant
C6150,2,104608.0,52304.0,24,2.0408163265306123,52.28014007003502,27.160478198282814,Low-Activity
C6152,1,27407.0,27407.0,0,0.0,13.66033016508254,6.83016508254127,Dormant
C6153,4,189102.0,47275.5,303,6.122448979591836,94.54827413706853,50.335361558330185,Active
C6154,2,104642.0,52321.0,17,2.0408163265306123,52.29714857428714,27.168982450408876,Low-Activity
C6156,1,21883.0,21883.0,0,0.0,10.896948474237119,5.4484742371185595,Dormant
C6158,1,41357.0,41357.0,0,0.0,20.638819409704855,10.319409704852427,Dormant
C6159,1,45721.0,45721.0,0,0.0,22.82191095547774,11.41095547773887,Dormant
C6160,1,20770.0,20770.0,0,0.0,10.340170085042521,5.1700850425212606,Dormant
C6161,1,43648.0,43648.0,0,0.0,21.78489244622311,10.892446223111556,Dormant
C6162,2,99840.0,49920.0,67,2.0408163265306123,49.89494747373687,25.96788190013374,Low-Activity
C6164,1,55141.0,55141.0,0,0.0,27.534267133566782,13.767133566783391,Dormant
C6166,2,113219.0,56609.5,207,2.0408163265306123,56.58779389694848,29.314305111739547,Low-Activity
C6167,2,75851.0,37925.5,288,2.0408163265306123,37.894447223611806,19.967631775071208,Dormant
C6171,1,33880.0,33880.0,0,0.0,16.898449224612307,8.449224612306153,Dormant
C6172,2,40989.0,20494.5,87,2.0408163265306123,20.45472736368184,11.247771845106227,Dormant
C6173,1,48944.0,48944.0,0,0.0,24.434217108554275,12.217108554277138,Dormant
C6175,1,59400.0,59400.0,0,0.0,29.664832416208103,14.832416208104052,Dormant
C6176,1,93312.0,93312.0,0,0.0,46.62931465732866,23.31465732866433,Dormant
C6177,1,58735.0,58735.0,0,0.0,29.33216608304152,14.66608304152076,Dormant
C6178,3,170589.0,56863.0,197,4.081632653061225,85.28714357178589,44.684388112423555,Low-Activity
C6179,2,47194.0,23597.0,193,2.0408163265306123,23.55877938969485,12.799797858112731,Dormant
C6182,1,91209.0,91209.0,0,0.0,45.57728864432216,22.78864432216108,Dormant
C6184,2,56096.0,28048.0,65,2.0408163265306123,28.0120060030015,15.026411164766056,Dormant
C6185,3,138673.0,46224.333333333336,288,4.081632653061225,69.32116058029014,36.70139661667568,Low-Activity
C6187,1,22129.0,22129.0,0,0.0,11.0200100050025,5.51000500250125,Dormant
C6188,2,84877.0,42438.5,98,2.0408163265306123,42.40970485242621,22.22526058947841,Dormant
C6189,3,169680.0,56560.0,70,4.081632653061225,84.83241620810405,44.457024430582635,Low-Activity
C6190,2,158237.0,79118.5,335,2.0408163265306123,79.10805402701351,40.57443517677206,Low-Activity
C6191,2,74698.0,37349.0,215,2.0408163265306123,37.317658829414704,19.679237577972657,Dormant
C6192,3,214004.0,71334.66666666667,62,4.081632653061225,100.0,52.04081632653061,Active
C6193,2,20386.0,10193.0,91,2.0408163265306123,10.148074037018509,6.09444518177456,Dormant
C6197,1,68947.0,68947.0,0,0.0,34.44072036018009,17.220360180090044,Dormant
C6200,1,53719.0,53719.0,0,0.0,26.822911455727866,13.411455727863933,Dormant
C6201,1,54486.0,54486.0,0,0.0,27.206603301650826,13.603301650825413,Dormant
C6202,2,114716.0,57358.0,110,2.0408163265306123,57.336668334167086,29.68874233034885,Low-Activity
C6203,1,59028.0,59028.0,0,0.0,29.478739369684842,14.739369684842421,Dormant
C6204,1,16069.0,16069.0,0,0.0,7.988494247123562,3.994247123561781,Dormant
C6205,1,76918.0,76918.0,0,0.0,38.42821410705353,19.214107053526764,Dormant
C6206,1,95137.0,95137.0,0,0.0,47.54227113556778,23.77113556778389,Dormant
C6207,1,85454.0,85454.0,0,0.0,42.69834917458729,21.349174587293646,Dormant
C6208,2,91138.0,45569.0,69,2.0408163265306123,45.54177088544272,23.791293605986667,Dormant
C6209,1,44750.0,44750.0,0,0.0,22.336168084042022,11.168084042021011,Dormant
C6210,1,19917.0,19917.0,0,0.0,9.913456728364183,4.956728364182092,Dormant
C6212,1,3436.0,3436.0,0,0.0,1.6688344172086045,0.8344172086043022,Dormant
C6213,1,71945.0,71945.0,0,0.0,35.94047023511756,17.97023511755878,Dormant
C6214,1,50105.0,50105.0,0,0.0,25.015007503751875,12.507503751875937,Dormant
C6218,1,50105.0,50105.0,0,0.0,25.015007503751875,12.507503751875937,Dormant
C6220,1,584.0,584.0,0,0.0,0.24212106053026514,0.12106053026513257,Dormant
C6221,1,39609.0,39609.0,0,0.0,19.764382191095546,9.882191095547773,Dormant
C6222,1,30883.0,30883.0,0,0.0,15.399199599799902,7.699599799899951,Dormant
C6223,2,58578.0,29289.0,18,2.0408163265306123,29.2536268134067,15.647221569968657,Dormant
C6228,1,48390.0,48390.0,0,0.0,24.157078539269637,12.078539269634819,Dormant
C6229,2,119989.0,59994.5,24,2.0408163265306123,59.97448724362181,31.00765178507621,Low-Activity
C6231,2,154518.0,77259.0,20,2.0408163265306123,77.24762381190595,39.644220069218285,Low-Activity
C6232,3,117296.0,39098.666666666664,97,4.081632653061225,58.62731365682842,31.354473154944824,Low-Activity
C6233,2,43313.0,21656.5,53,2.0408163265306123,21.617308654327164,11.829062490428889,Dormant
C6234,1,14082.0,14082.0,0,0.0,6.994497248624312,3.497248624312156,Dormant
C6235,1,3204.0,3204.0,0,0.0,1.552776388194097,0.7763881940970485,Dormant
C6237,2,89049.0,44524.5,291,2.0408163265306123,44.49674837418709,23.26878235035885,Dormant
C6238,1,24207.0,24207.0,0,0.0,12.059529764882441,6.029764882441221,Dormant
C6239,1,81229.0,81229.0,0,0.0,40.5847923961981,20.29239619809905,Dormant
C6240,1,92904.0,92904.0,0,0.0,46.42521260630315,23.212606303151574,Dormant
C6241,2,107862.0,53931.0,33,2.0408163265306123,53.9079539769885,27.974385151759556,Low-Activity
C6242,1,44498.0,44498.0,0,0.0,22.210105052526263,11.105052526263131,Dormant
C6243,2,35923.0,17961.5,123,2.0408163265306123,17.920460230115058,9.980638278322836,Dormant
C6244,1,28747.0,28747.0,0,0.0,14.330665332666333,7.165332666333167,Dormant
C6246,2,46238.0,23119.0,127,2.0408163265306123,23.080540270135067,12.56067829833284,Dormant
C6247,3,49863.0,16621.0,57,4.081632653061225,24.893946973486745,14.487789813273984,Dormant
C6248,1,1458.0,1458.0,0,0.0,0.6793396698349174,0.3396698349174587,Dormant
C6249,4,241981.0,60495.25,128,6.122448979591836,100.0,53.06122448979592,Active
C6251,1,86195.0,86195.0,0,0.0,43.06903451725863,21.534517258629315,Dormant
C6252,1,34201.0,34201.0,0,0.0,17.05902951475738,8.52951475737869,Dormant
C6253,1,82892.0,82892.0,0,0.0,41.41670835417709,20.708354177088545,Dormant
C6254,1,15459.0,15459.0,0,0.0,7.683341670835418,3.841670835417709,Dormant
C6255,3,139756.0,46585.333333333336,77,4.081632653061225,69.86293146573287,36.972282059397045,Low-Activity
C6256,1,3947.0,3947.0,0,0.0,1.9244622311155577,0.9622311155577788,Dormant
C6257,1,49130.0,49130.0,0,0.0,24.527263631815906,12.263631815907953,Dormant
C6258,2,93925.0,46962.5,154,2.0408163265306123,46.93596798399199,24.4883921552613,Dormant
C6260,2,149019.0,74509.5,206,2.0408163265306123,74.49674837418709,38.268782350358855,Low-Activity
C6261,1,1283.0,1283.0,0,0.0,0.5917958979489745,0.29589794897448723,Dormant
C6262,1,92826.0,92826.0,0,0.0,46.386193096548276,23.193096548274138,Dormant
C6263,2,110620.0,55310.0,71,2.0408163265306123,55.28764382191096,28.664230074220786,Low-Activity
C6264,1,42489.0,42489.0,0,0.0,21.205102551275637,10.602551275637818,Dormant
C6266,2,94409.0,47204.5,265,2.0408163265306123,47.17808904452226,24.609452685526435,Dormant
C6269,1,93981.0,93981.0,0,0.0,46.96398199099549,23.481990995497746,Dormant
C6273,1,5807.0,5807.0,0,0.0,2.854927463731866,1.427463731865933,Dormant
C6275,2,49244.0,24622.0,35,2.0408163265306123,24.584292146073036,13.312554236301825,Dormant
C6276,2,134515.0,67257.5,37,2.0408163265306123,67.24112056028014,34.64096844340538,Low-Activity
C6279,1,89354.0,89354.0,0,0.0,44.64932466233116,22.32466233116558,Dormant
C6280,1,77125.0,77125.0,0,0.0,38.53176588294147,19.265882941470736,Dormant
C6281,1,41058.0,41058.0,0,0.0,20.489244622311155,10.244622311155577,Dormant
C6283,2,74537.0,37268.5,14,2.0408163265306123,37.237118559279644,19.638967442905127,Dormant
C6285,3,188180.0,62726.666666666664,93,4.081632653061225,94.08704352176088,49.08433808741105,Low-Activity
C6287,3,185507.0,61835.666666666664,218,4.081632653061225,92.74987493746873,48.415753795264976,Low-Activity
C6288,1,51765.0,51765.0,0,0.0,25.845422711355674,12.922711355677837,Dormant
C6289,3,196256.0,65418.666666666664,191,4.081632653061225,98.12706353176588,51.10434809241355,Active
C6291,2,48915.0,24457.5,136,2.0408163265306123,24.41970985492746,13.230263090729038,Dormant
C6292,1,95744.0,95744.0,0,0.0,47.84592296148074,23.92296148074037,Dormant
C6293,1,81644.0,81644.0,0,0.0,40.79239619809905,20.396198099049524,Dormant
C6295,2,163682.0,81841.0,210,2.0408163265306123,81.83191595797898,41.9363661422548,Low-Activity
C6296,1,77348.0,77348.0,0,0.0,38.643321660830416,19.321660830415208,Dormant
C6298,1,4005.0,4005.0,0,0.0,1.9534767383691847,0.9767383691845923,Dormant
C6299,2,40066.0,20033.0,53,2.0408163265306123,19.992996498249124,11.016906412389869,Dormant
C6300,1,35923.0,35923.0,0,0.0,17.920460230115058,8.960230115057529,Dormant
C6301,1,7735.0,7735.0,0,0.0,3.8194097048524265,1.9097048524262132,Dormant
C6302,3,167874.0,55958.0,294,4.081632653061225,83.92896448224111,44.00529856765117,Low-Activity
C6303,1,88321.0,88321.0,0,0.0,44.13256628314157,22.066283141570786,Dormant
C6305,2,176092.0,88046.0,124,2.0408163265306123,88.04002001000501,45.04041816826781,Low-Activity
C6307,2,92003.0,46001.5,76,2.0408163265306123,45.97448724362181,24.00765178507621,Dormant
C6308,3,114044.0,38014.666666666664,263,4.081632653061225,57.000500250125064,30.541066451593146,Low-Activity
C6310,2,73687.0,36843.5,210,2.0408163265306123,36.81190595297649,19.42636113975355,Dormant
C6311,3,110625.0,36875.0,103,4.081632653061225,55.29014507253627,29.68588886279875,Low-Activity
C6313,1,21115.0,21115.0,0,0.0,10.512756378189096,5.256378189094548,Dormant
C6314,1,28148.0,28148.0,0,0.0,14.031015507753878,7.015507753876939,Dormant
C6315,3,96146.0,32048.666666666668,135,4.081632653061225,48.047023511755874,26.06432808240855,Low-Activity
C6316,2,78645.0,39322.5,42,2.0408163265306123,39.29214607303651,20.66648119978356,Dormant
C6317,1,50105.0,50105.0,0,0.0,25.015007503751875,12.507503751875937,Dormant
C6318,1,92997.0,92997.0,0,0.0,46.471735867933965,23.235867933966983,Dormant
C6319,3,83249.0,27749.666666666668,125,4.081632653061225,41.59529764882441,22.83846515094282,Dormant
C6320,1,84656.0,84656.0,0,0.0,42.29914957478739,21.149574787393696,Dormant
C6322,2,17116.0,8558.0,169,2.0408163265306123,8.512256128064031,5.2765362272973215,Dormant
C6323,1,16148.0,16148.0,0,0.0,8.028014007003502,4.014007003501751,Dormant
C6324,1,43168.0,43168.0,0,0.0,21.5447723861931,10.77238619309655,Dormant
C6325,1,3811.0,3811.0,0,0.0,1.8564282141070536,0.9282141070535268,Dormant
C6326,1,50105.0,50105.0,0,0.0,25.015007503751875,12.507503751875937,Dormant
C6327,1,18828.0,18828.0,0,0.0,9.368684342171086,4.684342171085543,Dormant
C6328,1,79408.0,79408.0,0,0.0,39.67383691845923,19.836918459229615,Dormant
C6329,1,41185.0,41185.0,0,0.0,20.552776388194097,10.276388194097049,Dormant
C6330,3,176122.0,58707.333333333336,195,4.081632653061225,88.05502751375688,46.06833008340905,Low-Activity
C6334,1,19215.0,19215.0,0,0.0,9.562281140570285,4.781140570285142,Dormant
C6335,1,51137.0,51137.0,0,0.0,25.531265632816407,12.765632816408203,Dormant
C6336,1,91874.0,91874.0,0,0.0,45.909954977488745,22.954977488744372,Dormant
C6338,1,85880.0,85880.0,0,0.0,42.91145572786393,21.455727863931966,Dormant
C6340,1,65060.0,65060.0,0,0.0,32.496248124062035,16.248124062031017,Dormant
C6341,1,39637.0,39637.0,0,0.0,19.7783891945973,9.88919459729865,Dormant
C6342,2,73313.0,36656.5,268,2.0408163265306123,36.6248124062031,19.332814366366854,Dormant
C6343,2,114225.0,57112.5,143,2.0408163265306123,57.091045522761384,29.565930924645997,Low-Activity
C6344,1,79438.0,79438.0,0,0.0,39.688844422211105,19.844422211105552,Dormant
C6345,1,56749.0,56749.0,0,0.0,28.338669334667333,14.169334667333667,Dormant
C6346,1,50105.0,50105.0,0,0.0,25.015007503751875,12.507503751875937,Dormant
C6347,3,174400.0,58133.333333333336,76,4.081632653061225,87.1935967983992,45.63761472573021,Low-Activity
C6348,1,45597.0,45597.0,0,0.0,22.759879939969984,11.379939969984992,Dormant
C6352,1,76508.0,76508.0,0,0.0,38.22311155577789,19.111555777888945,Dormant
C6353,1,50105.0,50105.0,0,0.0,25.015007503751875,12.507503751875937,Dormant
C6355,2,133090.0,66545.0,132,2.0408163265306123,66.52826413206603,34.28454022929832,Low-Activity
C6356,3,102290.0,34096.666666666664,103,4.081632653061225,51.12056028014007,27.601096466600648,Low-Activity
C6360,1,25668.0,25668.0,0,0.0,12.7903951975988,6.3951975987994,Dormant
C6362,1,47869.0,47869.0,0,0.0,23.896448224112056,11.948224112056028,Dormant
C6365,1,15454.0,15454.0,0,0.0,7.680840420210106,3.840420210105053,Dormant
C6366,2,78893.0,39446.5,11,2.0408163265306123,39.416208104052025,20.728512215291317,Dormant
C6367,1,6893.0,6893.0,0,0.0,3.398199099549775,1.6990995497748875,Dormant
C6368,1,46178.0,46178.0,0,0.0,23.050525262631318,11.525262631315659,Dormant
C6369,1,49044.0,49044.0,0,0.0,24.484242121060532,12.242121060530266,Dormant
C6370,3,69897.0,23299.0,259,4.081632653061225,34.91595797898949,19.498795316025358,Dormant
C6372,1,14196.0,14196.0,0,0.0,7.0515257628814405,3.5257628814407203,Dormant
C6373,3,173726.0,57908.666666666664,188,4.081632653061225,86.85642821410705,45.46903043358414,Low-Activity
C6374,4,175903.0,43975.75,219,6.122448979591836,87.94547273636817,47.033960857980006,Low-Activity
C6378,1,23570.0,23570.0,0,0.0,11.740870435217609,5.870435217608804,Dormant
C6383,2,163098.0,81549.0,161,2.0408163265306123,81.53976988494247,41.790293105736545,Low-Activity
C6387,3,50135.0,16711.666666666668,159,4.081632653061225,25.030015007503753,14.555823830282488,Dormant
C6388,1,85446.0,85446.0,0,0.0,42.69434717358679,21.347173586793396,Dormant
C6389,1,84843.0,84843.0,0,0.0,42.392696348174084,21.196348174087042,Dormant
C6390,3,97608.0,32536.0,252,4.081632653061225,48.7783891945973,26.430010923829265,Low-Activity
C6392,3,127996.0,42665.333333333336,289,4.081632653061225,63.979989994997496,34.03081132402936,Low-Activity
C6393,2,95954.0,47977.0,207,2.0408163265306123,47.950975487743875,24.995895907137243,Dormant
C6394,1,38086.0,38086.0,0,0.0,19.00250125062531,9.501250625312656,Dormant
C6395,1,50105.0,50105.0,0,0.0,25.015007503751875,12.507503751875937,Dormant
C6396,2,50572.0,25286.0,46,2.0408163265306123,25.248624312156075,13.644720319343344,Dormant
C6397,2,28479.0,14239.5,43,2.0408163265306123,14.196598299149574,8.118707312840094,Dormant
C6398,2,79552.0,39776.0,169,2.0408163265306123,39.74587293646824,20.893344631499424,Dormant
C6401,2,114209.0,57104.5,165,2.0408163265306123,57.08304152076038,29.561928923645496,Low-Activity
C6402,2,84508.0,42254.0,317,2.0408163265306123,42.22511255627814,22.132964441404376,Dormant
C6403,1,23443.0,23443.0,0,0.0,11.677338669334668,5.838669334667334,Dormant
C6404,1,16517.0,16517.0,0,0.0,8.212606303151576,4.106303151575788,Dormant
C6406,1,1816.0,1816.0,0,0.0,0.8584292146073036,0.4292146073036518,Dormant
C6408,3,142596.0,47532.0,308,4.081632653061225,71.28364182091046,37.68263723698584,Low-Activity
C6409,3,96267.0,32089.0,73,4.081632653061225,48.107553776888444,26.094593214974836,Low-Activity
C6410,1,39616.0,39616.0,0,0.0,19.767883941970986,9.883941970985493,Dormant
C6411,2,82099.0,41049.5,204,2.0408163265306123,41.0200100050025,21.530413165766554,Dormant
C6413,2,150263.0,75131.5,141,2.0408163265306123,75.11905952976488,38.57993792814775,Low-Activity
C6415,3,228952.0,76317.33333333333,355,4.081632653061225,100.0,52.04081632653061,Active
C6416,1,45989.0,45989.0,0,0.0,22.955977988994498,11.477988994497249,Dormant
C6417,1,20250.0,20250.0,0,0.0,10.080040020010005,5.040020010005002,Dormant
C6419,1,57128.0,57128.0,0,0.0,28.528264132066035,14.264132066033017,Dormant
C6420,1,7089.0,7089.0,0,0.0,3.4962481240620313,1.7481240620310157,Dormant
C6423,3,161780.0,53926.666666666664,126,4.081632653061225,80.88044022011005,42.48103643658563,Low-Activity
C6424,2,131712.0,65856.0,152,2.0408163265306123,65.83891945972987,33.93986789313024,Low-Activity
C6425,1,99675.0,99675.0,0,0.0,49.81240620310155,24.906203101550776,Dormant
C6427,1,78488.0,78488.0,0,0.0,39.2136068034017,19.60680340170085,Dormant
C6428,1,24196.0,24196.0,0,0.0,12.054027013506753,6.027013506753376,Dormant
C6429,1,5420.0,5420.0,0,0.0,2.6613306653326663,1.3306653326663331,Dormant
C6430,2,75930.0,37965.0,329,2.0408163265306123,37.93396698349174,19.987391655011177,Dormant
C6432,2,128392.0,64196.0,58,2.0408163265306123,64.17808904452225,33.109452685526435,Low-Activity
C6433,2,111979.0,55989.5,87,2.0408163265306123,55.967483741870936,29.004150034200773,Low-Activity
C6434,1,85876.0,85876.0,0,0.0,42.90945472736368,21.45472736368184,Dormant
C6435,3,137362.0,45787.333333333336,190,4.081632653061225,68.66533266633317,36.373482659697196,Low-Activity
C6439,2,85932.0,42966.0,45,2.0408163265306123,42.93746873436719,22.4891425304489,Dormant
C6442,3,156927.0,52309.0,72,4.081632653061225,78.4527263631816,41.26717950812141,Low-Activity
C6443,2,128376.0,64188.0,16,2.0408163265306123,64.17008504252126,33.10545068452594,Low-Activity
C6445,3,147114.0,49038.0,103,4.081632653061225,73.54377188594297,38.8127022695021,Low-Activity
C6447,1,23101.0,23101.0,0,0.0,11.506253126563282,5.753126563281641,Dormant
C6448,2,118403.0,59201.5,57,2.0408163265306123,59.18109054527264,30.610953435901624,Low-Activity
C6449,1,31255.0,31255.0,0,0.0,15.585292646323163,7.7926463231615815,Dormant
C6450,3,155943.0,51981.0,214,4.081632653061225,77.96048024012006,41.02105644659064,Low-Activity
C6451,1,50105.0,50105.0,0,0.0,25.015007503751875,12.507503751875937,Dormant
C6452,1,92086.0,92086.0,0,0.0,46.016008004002,23.008004002001,Dormant
C6454,2,66003.0,33001.5,186,2.0408163265306123,32.967983991996,17.504400159263305,Dormant
C6455,1,95884.0,95884.0,0,0.0,47.915957978989496,23.957978989494748,Dormant
C6457,1,90851.0,90851.0,0,0.0,45.39819909954977,22.699099549774886,Dormant
C6461,1,24228.0,24228.0,0,0.0,12.070035017508754,6.035017508754377,Dormant
C6462,1,50105.0,50105.0,0,0.0,25.015007503751875,12.507503751875937,Dormant
C6463,5,229638.0,45927.6,129,8.16326530612245,100.0,54.08163265306123,Active
C6467,1,867.0,867.0,0,0.0,0.38369184592296146,0.19184592296148073,Dormant
C6468,2,163814.0,81907.0,319,2.0408163265306123,81.89794897448725,41.96938265050893,Low-Activity
C6469,1,58193.0,58193.0,0,0.0,29.06103051525763,14.530515257628815,Dormant
C6470,1,30534.0,30534.0,0,0.0,15.224612306153077,7.612306153076538,Dormant
C6471,1,83684.0,83684.0,0,0.0,41.81290645322661,20.906453226613305,Dormant
C6472,1,90216.0,90216.0,0,0.0,45.08054027013507,22.540270135067534,Dormant
C6475,1,11890.0,11890.0,0,0.0,5.897948974487244,2.948974487243622,Dormant
C6476,2,132469.0,66234.5,312,2.0408163265306123,66.2176088044022,34.12921256546641,Low-Activity
C6480,1,80669.0,80669.0,0,0.0,40.30465232616308,20.15232616308154,Dormant
C6481,2,135332.0,67666.0,122,2.0408163265306123,67.64982491245622,34.84532061949342,Low-Activity
C6482,1,67890.0,67890.0,0,0.0,33.911955977988995,16.955977988994498,Dormant
C6484,1,66773.0,66773.0,0,0.0,33.35317658829415,16.676588294147074,Dormant
C6485,1,14394.0,14394.0,0,0.0,7.1505752876438216,3.5752876438219108,Dormant
C6486,2,97178.0,48589.0,111,2.0408163265306123,48.56328164082041,25.302048983675512,Low-Activity
C6487,1,85195.0,85195.0,0,0.0,42.56878439219609,21.284392196098047,Dormant
C6488,1,50105.0,50105.0,0,0.0,25.015007503751875,12.507503751875937,Dormant
C6490,3,108682.0,36227.333333333336,144,4.081632653061225,54.318159079539775,29.1998958663005,Low-Activity
C6491,1,28710.0,28710.0,0,0.0,14.31215607803902,7.15607803901951,Dormant
C6492,3,197691.0,65897.0,79,4.081632653061225,98.84492246123061,51.463277557145915,Active
C6493,1,94947.0,94947.0,0,0.0,47.4472236118059,23.72361180590295,Dormant
C6494,2,115575.0,57787.5,7,2.0408163265306123,57.76638319159579,29.9035997590632,Low-Activity
C6495,2,100210.0,50105.0,8,2.0408163265306123,50.08004002001001,26.06042817327031,Low-Activity
C6497,2,109425.0,54712.5,35,2.0408163265306123,54.689844922461226,28.36533062449592,Low-Activity
C6498,1,5358.0,5358.0,0,0.0,2.6303151575787895,1.3151575787893948,Dormant
C6499,2,83782.0,41891.0,32,2.0408163265306123,41.86193096548274,21.951373646006676,Dormant
C6501,1,89206.0,89206.0,0,0.0,44.57528764382191,22.287643821910955,Dormant
C6505,1,34841.0,34841.0,0,0.0,17.3791895947974,8.6895947973987,Dormant
C6506,1,7589.0,7589.0,0,0.0,3.7463731865932965,1.8731865932966483,Dormant
C6507,1,59615.0,59615.0,0,0.0,29.77238619309655,14.886193096548276,Dormant
C6509,1,8765.0,8765.0,0,0.0,4.334667333666833,2.1673336668334167,Dormant
C6510,2,24728.0,12364.0,117,2.0408163265306123,12.32016008004002,7.180488203285316,Dormant
C6515,2,145067.0,72533.5,156,2.0408163265306123,72.51975987993997,37.28028810323529,Low-Activity
C6517,1,26538.0,26538.0,0,0.0,13.2256128064032,6.6128064032016,Dormant
C6518,1,86417.0,86417.0,0,0.0,43.18009004502251,21.590045022511255,Dormant
C6519,1,28341.0,28341.0,0,0.0,14.127563781890945,7.063781890945473,Dormant
C6520,3,189016.0,63005.333333333336,172,4.081632653061225,94.50525262631315,49.293442639687186,Low-Activity
C6521,1,6483.0,6483.0,0,0.0,3.1930965482741374,1.5965482741370687,Dormant
C6522,1,96820.0,96820.0,0,0.0,48.384192096048025,24.192096048024013,Dormant
C6523,1,49921.0,49921.0,0,0.0,24.922961480740373,12.461480740370186,Dormant
C6525,1,90391.0,90391.0,0,0.0,45.168084042021015,22.584042021010507,Dormant
C6526,1,67794.0,67794.0,0,0.0,33.86393196598299,16.931965982991496,Dormant
C6529,1,7804.0,7804.0,0,0.0,3.853926963481741,1.9269634817408705,Dormant
C6530,1,87983.0,87983.0,0,0.0,43.963481740870435,21.981740870435218,Dormant
C6531,1,75152.0,75152.0,0,0.0,37.544772386193095,18.772386193096548,Dormant
C6533,1,43961.0,43961.0,0,0.0,21.941470735367684,10.970735367683842,Dormant
C6534,2,125642.0,62821.0,31,2.0408163265306123,62.8024012006003,32.42160876356546,Low-Activity
C6535,1,50105.0,50105.0,0,0.0,25.015007503751875,12.507503751875937,Dormant
C6536,1,3131.0,3131.0,0,0.0,1.5162581290645323,0.7581290645322661,Dormant
C6538,1,35597.0,35597.0,0,0.0,17.757378689344673,8.878689344672337,Dormant
C6539,5,218046.0,43609.2,330,8.16326530612245,100.0,54.08163265306123,Active
C6540,2,26113.0,13056.5,189,2.0408163265306123,13.013006503251626,7.526911414891119,Dormant
C6541,1,99030.0,99030.0,0,0.0,49.48974487243622,24.74487243621811,Dormant
C6542,1,21736.0,21736.0,0,0.0,10.823411705852926,5.411705852926463,Dormant
C6543,3,86110.0,28703.333333333332,26,4.081632653061225,43.02651325662831,23.55407295484477,Dormant
C6544,1,58738.0,58738.0,0,0.0,29.33366683341671,14.666833416708355,Dormant
C6546,4,132933.0,33233.25,50,6.122448979591836,66.44972486243121,36.286086921011524,Low-Activity
C6548,1,64982.0,64982.0,0,0.0,32.457228614307155,16.228614307153578,Dormant
C6551,1,23551.0,23551.0,0,0.0,11.73136568284142,5.86568284142071,Dormant
C6552,2,130290.0,65145.0,78,2.0408163265306123,65.12756378189094,33.58419005421078,Low-Activity
C6555,3,86363.0,28787.666666666668,171,4.081632653061225,43.15307653826913,23.61735459566518,Dormant
C6556,1,98306.0,98306.0,0,0.0,49.12756378189094,24.56378189094547,Dormant
C6558,3,158881.0,52960.333333333336,267,4.081632653061225,79.43021510755378,41.7559238803075,Low-Activity
C6559,2,92686.0,46343.0,187,2.0408163265306123,46.31615807903952,24.178487202785064,Dormant
C6560,5,250276.0,50055.2,272,8.16326530612245,100.0,54.08163265306123,Active
C6563,1,60158.0,60158.0,0,0.0,30.0440220110055,15.02201100550275,Dormant
C6565,5,237519.0,47503.8,183,8.16326530612245,100.0,54.08163265306123,Active
C6567,1,36489.0,36489.0,0,0.0,18.20360180090045,9.101800900450225,Dormant
C6569,2,45389.0,22694.5,85,2.0408163265306123,22.655827913956976,12.348322120243795,Dormant
C6570,1,25882.0,25882.0,0,0.0,12.897448724362182,6.448724362181091,Dormant
C6571,1,20193.0,20193.0,0,0.0,10.051525762881441,5.025762881440721,Dormant
C6573,2,145987.0,72993.5,236,2.0408163265306123,72.9799899949975,37.51040316076406,Low-Activity
C6574,2,77548.0,38774.0,121,2.0408163265306123,38.74337168584292,20.392094006186763,Dormant
C6575,2,103353.0,51676.5,139,2.0408163265306123,51.65232616308154,26.846571244806075,Low-Activity
C6577,1,67264.0,67264.0,0,0.0,33.59879939969985,16.799399699849925,Dormant
C6578,3,199852.0,66617.33333333333,243,4.081632653061225,99.92596298149074,52.00379781727598,Active
C6579,1,3346.0,3346.0,0,0.0,1.6238119059529765,0.8119059529764883,Dormant
C6580,1,29072.0,29072.0,0,0.0,14.493246623311656,7.246623311655828,Dormant
C6581,1,77193.0,77193.0,0,0.0,38.56578289144572,19.28289144572286,Dormant
C6582,1,72496.0,72496.0,0,0.0,36.21610805402701,18.108054027013505,Dormant
C6583,1,49159.0,49159.0,0,0.0,24.54177088544272,12.27088544272136,Dormant
C6585,4,234784.0,58696.0,185,6.122448979591836,100.0,53.06122448979592,Active
C6586,1,99393.0,99393.0,0,0.0,49.671335667833915,24.835667833916958,Dormant
C6588,5,240593.0,48118.6,358,8.16326530612245,100.0,54.08163265306123,Active
C6590,1,35797.0,35797.0,0,0.0,17.85742871435718,8.92871435717859,Dormant
C6591,3,168200.0,56066.666666666664,336,4.081632653061225,84.0920460230115,44.08683933803636,Low-Activity
C6592,5,248109.0,49621.8,209,8.16326530612245,100.0,54.08163265306123,Active
C6593,1,50105.0,50105.0,0,0.0,25.015007503751875,12.507503751875937,Dormant
C6594,3,150600.0,50200.0,233,4.081632653061225,75.28764382191096,39.68463823748609,Low-Activity
C6596,2,31863.0,15931.5,144,2.0408163265306123,15.889444722361182,8.965130524445897,Dormant
C6599,4,225625.0,56406.25,323,6.122448979591836,100.0,53.06122448979592,Active
C6600,2,10173.0,5086.5,41,2.0408163265306123,5.039019509754877,3.539917918142745,Dormant
C6602,1,61986.0,61986.0,0,0.0,30.958479239619805,15.479239619809903,Dormant
C6603,1,67481.0,67481.0,0,0.0,33.70735367683842,16.85367683841921,Dormant
C6604,2,104061.0,52030.5,110,2.0408163265306123,52.006503251625816,27.023659789078213,Low-Activity
C6606,3,155350.0,51783.333333333336,244,4.081632653061225,77.66383191595799,40.8727322845096,Low-Activity
C6607,3,91385.0,30461.666666666668,111,4.081632653061225,45.66533266633317,24.8734826596972,Dormant
C6608,1,7130.0,7130.0,0,0.0,3.5167583791895947,1.7583791895947973,Dormant
C6609,1,87689.0,87689.0,0,0.0,43.81640820410205,21.908204102051027,Dormant
C6611,3,113388.0,37796.0,195,4.081632653061225,56.67233616808404,30.376984410572632,Low-Activity
C6614,1,17528.0,17528.0,0,0.0,8.718359179589795,4.3591795897948975,Dormant
C6615,2,102501.0,51250.5,317,2.0408163265306123,51.22611305652826,26.633464691529436,Low-Activity
C6616,2,126080.0,63040.0,121,2.0408163265306123,63.02151075537768,32.53116354095415,Low-Activity
C6618,3,144801.0,48267.0,342,4.081632653061225,72.38669334667334,38.23416299986728,Low-Activity
C6619,3,230259.0,76753.0,195,4.081632653061225,100.0,52.04081632653061,Active
C6621,1,96921.0,96921.0,0,0.0,48.43471735867934,24.21735867933967,Dormant
C6622,4,174901.0,43725.25,141,6.122448979591836,87.44422211105552,46.78333554532368,Low-Activity
C6624,3,186676.0,62225.333333333336,157,4.081632653061225,93.33466733366683,48.708149993364025,Low-Activity
C6625,1,63720.0,63720.0,0,0.0,31.82591295647824,15.91295647823912,Dormant
C6626,3,179490.0,59830.0,119,4.081632653061225,89.73986993496749,46.910751294014354,Low-Activity
C6628,1,50105.0,50105.0,0,0.0,25.015007503751875,12.507503751875937,Dormant
C6629,1,48798.0,48798.0,0,0.0,24.36118059029515,12.180590295147574,Dormant
C6630,1,6685.0,6685.0,0,0.0,3.2941470735367684,1.6470735367683842,Dormant
C6631,1,21051.0,21051.0,0,0.0,10.480740370185092,5.240370185092546,Dormant
C6633,2,146470.0,73235.0,189,2.0408163265306123,73.2216108054027,37.63121356596666,Low-Activity
C6634,2,89672.0,44836.0,164,2.0408163265306123,44.80840420210105,23.42461026431583,Dormant
C6636,1,50105.0,50105.0,0,0.0,25.015007503751875,12.507503751875937,Dormant
C6637,1,51046.0,51046.0,0,0.0,25.48574287143572,12.74287143571786,Dormant
C6640,1,27015.0,27015.0,0,0.0,13.464232116058028,6.732116058029014,Dormant
C6641,1,92277.0,92277.0,0,0.0,46.111555777888945,23.055777888944473,Dormant
C6643,1,21262.0,21262.0,0,0.0,10.586293146573286,5.293146573286643,Dormant
C6644,3,218092.0,72697.33333333333,119,4.081632653061225,100.0,52.04081632653061,Active
C6645,2,60009.0,30004.5,118,2.0408163265306123,29.969484742371183,16.005150534450898,Dormant
C6646,1,50105.0,50105.0,0,0.0,25.015007503751875,12.507503751875937,Dormant
C6647,1,24057.0,24057.0,0,0.0,11.984492246123061,5.9922461230615305,Dormant
C6648,1,50105.0,50105.0,0,0.0,25.015007503751875,12.507503751875937,Dormant
C6649,2,130621.0,65310.5,167,2.0408163265306123,65.29314657328665,33.66698144990863,Low-Activity
C6650,1,47701.0,47701.0,0,0.0,23.812406203101553,11.906203101550776,Dormant
C6651,1,61539.0,61539.0,0,0.0,30.734867433716857,15.367433716858429,Dormant
C6655,1,43389.0,43389.0,0,0.0,21.655327663831915,10.827663831915958,Dormant
C6656,1,5780.0,5780.0,0,0.0,2.8414207103551776,1.4207103551775888,Dormant
C6658,1,88676.0,88676.0,0,0.0,44.310155077538774,22.155077538769387,Dormant
C6660,4,171379.0,42844.75,328,6.122448979591836,85.6823411705853,45.90239507508857,Low-Activity
C6661,1,48925.0,48925.0,0,0.0,24.424712356178087,12.212356178089044,Dormant
C6663,1,50006.0,50006.0,0,0.0,24.965482741370685,12.482741370685343,Dormant
C6664,3,169879.0,56626.333333333336,106,4.081632653061225,84.9319659829915,44.50679931802636,Low-Activity
C6666,1,6178.0,6178.0,0,0.0,3.040520260130065,1.5202601300650325,Dormant
C6668,3,168992.0,56330.666666666664,200,4.081632653061225,84.48824412206103,44.28493838756113,Low-Activity
C6669,1,18486.0,18486.0,0,0.0,9.197598799399701,4.598799399699851,Dormant
C6670,2,58700.0,29350.0,130,2.0408163265306123,29.314657328664335,15.677736827597474,Dormant
C6671,1,13059.0,13059.0,0,0.0,6.482741370685343,3.2413706853426714,Dormant
C6672,4,186546.0,46636.5,295,6.122448979591836,93.26963481740871,49.696041898500276,Low-Activity
C6673,1,1632.0,1632.0,0,0.0,0.7663831915957979,0.38319159579789897,Dormant
C6674,1,50105.0,50105.0,0,0.0,25.015007503751875,12.507503751875937,Dormant
C6675,3,206496.0,68832.0,320,4.081632653061225,100.0,52.04081632653061,Active
C6676,1,11433.0,11433.0,0,0.0,5.669334667333667,2.8346673336668333,Dormant
C6677,1,61332.0,61332.0,0,0.0,30.631315657828917,15.315657828914459,Dormant
C6679,2,57254.0,28627.0,44,2.0408163265306123,28.591295647823912,15.316055987177263,Dormant
C6680,1,78683.0,78683.0,0,0.0,39.311155577788895,19.655577788894448,Dormant
C6682,2,27010.0,13505.0,83,2.0408163265306123,13.461730865432717,7.751273595981664,Dormant
C6684,1,86962.0,86962.0,0,0.0,43.45272636318159,21.726363181590795,Dormant
C6685,1,42004.0,42004.0,0,0.0,20.96248124062031,10.481240620310155,Dormant
C6686,1,87977.0,87977.0,0,0.0,43.960480240120056,21.980240120060028,Dormant
C6688,2,77728.0,38864.0,0,2.0408163265306123,38.83341670835418,20.437116517442394,Dormant
C6690,2,20403.0,10201.5,119,2.0408163265306123,10.156578289144571,6.0986973078375915,Dormant
C6691,3,81969.0,27323.0,144,4.081632653061225,40.95497748874437,22.518305070902798,Dormant
C6692,3,184016.0,61338.666666666664,195,4.081632653061225,92.0040020010005,48.04281732703086,Low-Activity
C6693,2,108267.0,54133.5,306,2.0408163265306123,54.11055527763882,28.075685802084713,Low-Activity
C6694,3,147318.0,49106.0,115,4.081632653061225,73.64582291145572,38.86372778225847,Low-Activity
C6695,3,139017.0,46339.0,43,4.081632653061225,69.49324662331165,36.787439638186434,Low-Activity
C6696,2,118821.0,59410.5,129,2.0408163265306123,59.39019509754877,30.71550571203969,Low-Activity
C6697,1,79376.0,79376.0,0,0.0,39.65782891445723,19.828914457228613,Dormant
C6698,2,115608.0,57804.0,42,2.0408163265306123,57.78289144572286,29.911853886126735,Low-Activity
C6699,3,141356.0,47118.666666666664,78,4.081632653061225,70.66333166583291,37.37248215944707,Low-Activity
C6703,1,50105.0,50105.0,0,0.0,25.015007503751875,12.507503751875937,Dormant
C6704,2,95991.0,47995.5,156,2.0408163265306123,47.969484742371186,25.005150534450898,Low-Activity
C6705,1,70234.0,70234.0,0,0.0,35.08454227113557,17.542271135567784,Dormant
C6708,1,41066.0,41066.0,0,0.0,20.493246623311656,10.246623311655828,Dormant
C6710,1,83517.0,83517.0,0,0.0,41.72936468234117,20.864682341170585,Dormant
C6712,1,52657.0,52657.0,0,0.0,26.29164582291146,13.14582291145573,Dormant
C6713,1,5771.0,5771.0,0,0.0,2.836918459229615,1.4184592296148075,Dormant
C6715,1,4980.0,4980.0,0,0.0,2.4412206103051526,1.2206103051525763,Dormant
C6717,1,85727.0,85727.0,0,0.0,42.834917458729365,21.417458729364682,Dormant
C6718,2,91213.0,45606.5,75,2.0408163265306123,45.57928964482241,23.81005298567651,Dormant
C6720,3,95677.0,31892.333333333332,193,4.081632653061225,47.812406203101546,25.947019428081386,Low-Activity
C6722,1,46880.0,46880.0,0,0.0,23.401700850425215,11.700850425212607,Dormant
C6724,3,133938.0,44646.0,294,4.081632653061225,66.95247623811906,35.51705444559014,Low-Activity
C6726,1,91004.0,91004.0,0,0.0,45.474737368684345,22.737368684342172,Dormant
C6728,1,50105.0,50105.0,0,0.0,25.015007503751875,12.507503751875937,Dormant
C6729,1,69274.0,69274.0,0,0.0,34.60430215107554,17.30215107553777,Dormant
C6730,2,101674.0,50837.0,87,2.0408163265306123,50.812406203101546,26.426611264816078,Low-Activity
C6731,2,71742.0,35871.0,50,2.0408163265306123,35.838919459729865,18.939867893130238,Dormant
C6732,2,129273.0,64636.5,36,2.0408163265306123,64.61880940470235,33.32981286561648,Low-Activity
C6733,2,75602.0,37801.0,193,2.0408163265306123,37.769884942471236,19.905350634500923,Dormant
C6734,1,78222.0,78222.0,0,0.0,39.08054027013507,19.540270135067534,Dormant
C6737,1,96928.0,96928.0,0,0.0,48.43821910955477,24.219109554777386,Dormant
C6738,3,120063.0,40021.0,288,4.081632653061225,60.01150575287644,32.04656920296883,Low-Activity
C6739,1,88486.0,88486.0,0,0.0,44.21510755377689,22.107553776888444,Dormant
C6740,2,99067.0,49533.5,217,2.0408163265306123,49.50825412706353,25.77453522679707,Low-Activity
C6741,2,51669.0,25834.5,16,2.0408163265306123,25.797398699349678,13.919107512940146,Dormant
C6742,1,46391.0,46391.0,0,0.0,23.157078539269634,11.578539269634817,Dormant
C6744,1,76522.0,76522.0,0,0.0,38.230115057528764,19.115057528764382,Dormant
C6745,2,150726.0,75363.0,149,2.0408163265306123,75.35067533766883,38.695745832099725,Low-Activity
C6747,1,53312.0,53312.0,0,0.0,26.61930965482741,13.309654827413706,Dormant
C6750,2,104950.0,52475.0,119,2.0408163265306123,52.451225612806404,27.246020969668507,Low-Activity
C6752,2,41182.0,20591.0,28,2.0408163265306123,20.551275637818907,11.29604598217476,Dormant
C6753,1,87149.0,87149.0,0,0.0,43.54627313656829,21.773136568284144,Dormant
C6754,1,91549.0,91549.0,0,0.0,45.747373686843424,22.873686843421712,Dormant
C6755,3,119161.0,39720.333333333336,222,4.081632653061225,59.560280140070034,31.82095639656563,Low-Activity
C6756,2,70081.0,35040.5,106,2.0408163265306123,35.008004002001,18.524410164265806,Dormant
C6757,1,77831.0,77831.0,0,0.0,38.88494247123562,19.44247123561781,Dormant
C6759,2,39001.0,19500.5,34,2.0408163265306123,19.460230115057527,10.75052322079407,Dormant
C6760,1,27793.0,27793.0,0,0.0,13.85342671335668,6.92671335667834,Dormant
C6765,2,19135.0,9567.5,31,2.0408163265306123,9.522261130565282,5.781538728547947,Dormant
C6769,1,3060.0,3060.0,0,0.0,1.4807403701850925,0.7403701850925463,Dormant
C6772,2,49988.0,24994.0,9,2.0408163265306123,24.95647823911956,13.498647282825086,Dormant
C6773,1,50105.0,50105.0,0,0.0,25.015007503751875,12.507503751875937,Dormant
C6774,1,16646.0,16646.0,0,0.0,8.277138569284642,4.138569284642321,Dormant
C6775,2,22734.0,11367.0,138,2.0408163265306123,11.322661330665333,6.681738828597973,Dormant
C6776,2,139756.0,69878.0,213,2.0408163265306123,69.86293146573287,35.951873896131744,Low-Activity
C6777,2,98105.0,49052.5,27,2.0408163265306123,49.02701350675338,25.533914916641994,Low-Activity
C6778,1,25012.0,25012.0,0,0.0,12.46223111555778,6.23111555777889,Dormant
C6779,2,81438.0,40719.0,109,2.0408163265306123,40.68934467233617,21.36508049943339,Dormant
C6780,2,98625.0,49312.5,32,2.0408163265306123,49.28714357178589,25.66397994915825,Low-Activity
C6781,1,33271.0,33271.0,0,0.0,16.593796898449227,8.296898449224614,Dormant
C6782,3,95041.0,31680.333333333332,221,4.081632653061225,47.494247123561784,25.787939888311506,Low-Activity
C6783,2,72608.0,36304.0,6,2.0408163265306123,36.272136068034015,19.156476197282313,Dormant
C6784,1,70270.0,70270.0,0,0.0,35.102551275637815,17.551275637818907,Dormant
C6785,1,73530.0,73530.0,0,0.0,36.73336668334167,18.366683341670836,Dormant
C6788,2,67735.0,33867.5,174,2.0408163265306123,33.8344172086043,17.937616767567455,Dormant
C6789,2,78478.0,39239.0,24,2.0408163265306123,39.20860430215107,20.62471031434084,Dormant
C6790,3,200709.0,66903.0,255,4.081632653061225,100.0,52.04081632653061,Active
C6791,4,65935.0,16483.75,141,6.122448979591836,32.93396698349175,19.528207981541794,Dormant
C6793,1,32457.0,32457.0,0,0.0,16.186593296648326,8.093296648324163,Dormant
C6794,1,90717.0,90717.0,0,0.0,45.33116558279139,22.665582791395696,Dormant
C6795,1,12183.0,12183.0,0,0.0,6.044522261130565,3.0222611305652824,Dormant
C6796,2,102408.0,51204.0,104,2.0408163265306123,51.17958979489745,26.61020306071403,Low-Activity
C6797,2,191868.0,95934.0,251,2.0408163265306123,95.9319659829915,48.98639115476106,Low-Activity
C6798,1,65086.0,65086.0,0,0.0,32.50925462731365,16.254627313656826,Dormant
C6799,1,75622.0,75622.0,0,0.0,37.77988994497249,18.889944972486244,Dormant
C6801,3,186395.0,62131.666666666664,98,4.081632653061225,93.19409704852426,48.63786485079274,Low-Activity
C6806,4,257279.0,64319.75,273,6.122448979591836,100.0,53.06122448979592,Active
C6807,1,83289.0,83289.0,0,0.0,41.61530765382692,20.80765382691346,Dormant
C6808,2,65314.0,32657.0,14,2.0408163265306123,32.62331165582791,17.33206399117926,Dormant
C6810,2,73892.0,36946.0,60,2.0408163265306123,36.9144572286143,19.477636777572457,Dormant
C6811,2,83993.0,41996.5,52,2.0408163265306123,41.967483741870936,22.004150034200773,Dormant
C6812,1,49297.0,49297.0,0,0.0,24.61080540270135,12.305402701350674,Dormant
C6813,1,18928.0,18928.0,0,0.0,9.41870935467734,4.70935467733867,Dormant
C6816,1,91394.0,91394.0,0,0.0,45.66983491745873,22.834917458729365,Dormant
C6818,3,206987.0,68995.66666666667,281,4.081632653061225,100.0,52.04081632653061,Active
C6819,1,64620.0,64620.0,0,0.0,32.276138069034516,16.138069034517258,Dormant
C6820,1,21810.0,21810.0,0,0.0,10.860430215107554,5.430215107553777,Dormant
C6822,1,9152.0,9152.0,0,0.0,4.528264132066033,2.2641320660330164,Dormant
C6823,2,88610.0,44305.0,194,2.0408163265306123,44.27713856928464,23.158977447907624,Dormant
C6824,1,6884.0,6884.0,0,0.0,3.3936968484242125,1.6968484242121062,Dormant
C6827,3,122143.0,40714.333333333336,145,4.081632653061225,61.0520260130065,32.56682933303386,Low-Activity
C6828,1,86729.0,86729.0,0,0.0,43.33616808404202,21.66808404202101,Dormant
C6829,1,25583.0,25583.0,0,0.0,12.747873936968485,6.373936968484243,Dormant
C6830,1,97415.0,97415.0,0,0.0,48.68184092046023,24.340920460230116,Dormant
C6831,2,59870.0,29935.0,78,2.0408163265306123,29.899949974987493,15.970383150759053,Dormant
C6832,1,68457.0,68457.0,0,0.0,34.19559779889945,17.097798899449725,Dormant
C6835,1,24545.0,24545.0,0,0.0,12.228614307153576,6.114307153576788,Dormant
C6837,1,33357.0,33357.0,0,0.0,16.6368184092046,8.3184092046023,Dormant
C6839,2,79932.0,39966.0,177,2.0408163265306123,39.93596798399199,20.9883921552613,Dormant
C6840,1,50105.0,50105.0,0,0.0,25.015007503751875,12.507503751875937,Dormant
C6842,1,67253.0,67253.0,0,0.0,33.59329664832416,16.79664832416208,Dormant
C6844,1,35801.0,35801.0,0,0.0,17.859429714857427,8.929714857428714,Dormant
C6845,2,100760.0,50380.0,143,2.0408163265306123,50.3551775887944,26.197996957662504,Low-Activity
C6850,1,91950.0,91950.0,0,0.0,45.947973986993496,22.973986993496748,Dormant
C6851,2,61210.0,30605.0,10,2.0408163265306123,30.570285142571286,16.30555073455095,Dormant
C6854,2,13036.0,6518.0,56,2.0408163265306123,6.4712356178089045,4.256025972169758,Dormant
C6855,1,16847.0,16847.0,0,0.0,8.377688844422211,4.188844422211106,Dormant
C6856,1,68848.0,68848.0,0,0.0,34.3911955977989,17.19559779889945,Dormant
C6864,1,27426.0,27426.0,0,0.0,13.66983491745873,6.834917458729365,Dormant
C6866,1,76877.0,76877.0,0,0.0,38.40770385192596,19.20385192596298,Dormant
C6867,2,101523.0,50761.5,222,2.0408163265306123,50.73686843421711,26.38884238037386,Low-Activity
C6868,1,15503.0,15503.0,0,0.0,7.705352676338169,3.8526763381690845,Dormant
C6869,1,83957.0,83957.0,0,0.0,41.94947473736869,20.974737368684345,Dormant
C6870,1,53479.0,53479.0,0,0.0,26.702851425712858,13.351425712856429,Dormant
C6872,1,91275.0,91275.0,0,0.0,45.61030515257629,22.805152576288144,Dormant
C6873,3,87034.0,29011.333333333332,144,4.081632653061225,43.4887443721861,23.785188512623662,Dormant
C6874,3,37316.0,12438.666666666666,164,4.081632653061225,18.617308654327164,11.349470653694194,Dormant
C6875,1,49314.0,49314.0,0,0.0,24.619309654827415,12.309654827413707,Dormant
C6876,2,21213.0,10606.5,17,2.0408163265306123,10.561780890445222,6.301298608487917,Dormant
C6877,2,116383.0,58191.5,188,2.0408163265306123,58.17058529264633,30.10570080958847,Low-Activity
C6878,2,80926.0,40463.0,195,2.0408163265306123,40.43321660830415,21.23701646741738,Dormant
C6879,2,63229.0,31614.5,188,2.0408163265306123,31.58029014507254,16.810553235801574,Dormant
C6880,1,71006.0,71006.0,0,0.0,35.470735367683844,17.735367683841922,Dormant
C6881,1,50105.0,50105.0,0,0.0,25.015007503751875,12.507503751875937,Dormant
C6882,2,62096.0,31048.0,54,2.0408163265306123,31.013506753376692,16.527161539953653,Dormant
C6884,1,71601.0,71601.0,0,0.0,35.76838419209605,17.884192096048025,Dormant
C6887,1,79531.0,79531.0,0,0.0,39.73536768384192,19.86768384192096,Dormant
C6889,1,50105.0,50105.0,0,0.0,25.015007503751875,12.507503751875937,Dormant
C6890,1,2772.0,2772.0,0,0.0,1.3366683341670835,0.6683341670835418,Dormant
C6891,1,1237.0,1237.0,0,0.0,0.568784392196098,0.284392196098049,Dormant
C6892,2,128779.0,64389.5,86,2.0408163265306123,64.37168584292145,33.206251084726034,Low-Activity
C6895,3,102885.0,34295.0,315,4.081632653061225,51.41820910455228,27.749920878806755,Low-Activity
C6896,1,83795.0,83795.0,0,0.0,41.86843421710855,20.934217108554275,Dormant
C6897,3,73499.0,24499.666666666668,339,4.081632653061225,36.71785892946473,20.39974579126298,Dormant
C6898,1,87850.0,87850.0,0,0.0,43.89694847423712,21.94847423711856,Dormant
C6899,1,94461.0,94461.0,0,0.0,47.204102051025515,23.602051025512758,Dormant
C6901,4,104810.0,26202.5,166,6.122448979591836,52.381190595297646,29.25181978744474,Low-Activity
C6902,1,15179.0,15179.0,0,0.0,7.543271635817909,3.7716358179089546,Dormant
C6904,3,156536.0,52178.666666666664,148,4.081632653061225,78.25712856428214,41.16938060867168,Low-Activity
C6906,4,152692.0,38173.0,188,6.122448979591836,76.33416708354177,41.228308031566804,Low-Activity
C6907,1,50105.0,50105.0,0,0.0,25.015007503751875,12.507503751875937,Dormant
C6909,1,15307.0,15307.0,0,0.0,7.607303651825912,3.803651825912956,Dormant
C6911,3,145712.0,48570.666666666664,82,4.081632653061225,72.8424212106053,38.46202693183326,Low-Activity
C6912,1,99703.0,99703.0,0,0.0,49.826413206603306,24.913206603301653,Dormant
C6913,3,124041.0,41347.0,223,4.081632653061225,62.001500750375186,33.0415667017182,Low-Activity
C6914,2,94276.0,47138.0,52,2.0408163265306123,47.111555777888945,24.576186052209778,Dormant
C6915,1,74920.0,74920.0,0,0.0,37.42871435717859,18.714357178589296,Dormant
C6917,2,65551.0,32775.5,19,2.0408163265306123,32.74187093546773,17.39134363099917,Dormant
C6918,2,101743.0,50871.5,172,2.0408163265306123,50.84692346173087,26.44386989413074,Low-Activity
C6919,2,163966.0,81983.0,121,2.0408163265306123,81.97398699349675,42.007401660013684,Low-Activity
C6920,2,139833.0,69916.5,151,2.0408163265306123,69.90145072536268,35.97113352594665,Low-Activity
C6925,1,45346.0,45346.0,0,0.0,22.63431715857929,11.317158579289645,Dormant
C6926,1,44450.0,44450.0,0,0.0,22.18609304652326,11.09304652326163,Dormant
C6929,2,108435.0,54217.5,6,2.0408163265306123,54.19459729864933,28.11770681258997,Low-Activity
C6930,2,112545.0,56272.5,70,2.0408163265306123,56.25062531265633,29.14572081959347,Low-Activity
C6931,1,56410.0,56410.0,0,0.0,28.169084542271133,14.084542271135566,Dormant
C6932,1,66743.0,66743.0,0,0.0,33.338169084542265,16.669084542271133,Dormant
C6934,1,51552.0,51552.0,0,0.0,25.73886943471736,12.86943471735868,Dormant
C6935,2,119879.0,59939.5,28,2.0408163265306123,59.91945972986493,30.98013802819777,Low-Activity
C6938,3,153810.0,51270.0,244,4.081632653061225,76.89344672336168,40.48753968821145,Low-Activity
C6939,2,71374.0,35687.0,5,2.0408163265306123,35.654827413706855,18.847821870118732,Dormant
C6941,2,114210.0,57105.0,65,2.0408163265306123,57.08354177088544,29.562179048708025,Low-Activity
C6944,3,150000.0,50000.0,76,4.081632653061225,74.98749374687344,39.53456319996733,Low-Activity
C6946,1,49338.0,49338.0,0,0.0,24.631315657828914,12.315657828914457,Dormant
C6947,3,208302.0,69434.0,157,4.081632653061225,100.0,52.04081632653061,Active
C6949,1,61814.0,61814.0,0,0.0,30.872436218109055,15.436218109054527,Dormant
C6951,3,97792.0,32597.333333333332,121,4.081632653061225,48.8704352176088,26.476033935335014,Low-Activity
C6953,2,108463.0,54231.5,153,2.0408163265306123,54.20860430215107,28.12471031434084,Low-Activity
C6954,1,95325.0,95325.0,0,0.0,47.636318159079536,23.818159079539768,Dormant
C6955,1,46616.0,46616.0,0,0.0,23.269634817408704,11.634817408704352,Dormant
C6956,4,189128.0,47282.0,266,6.122448979591836,94.56128064032015,50.34186480995599,Active
C6957,1,73558.0,73558.0,0,0.0,36.74737368684342,18.37368684342171,Dormant
C6958,1,22145.0,22145.0,0,0.0,11.028014007003502,5.514007003501751,Dormant
C6959,2,101006.0,50503.0,217,2.0408163265306123,50.478239119559774,26.259527723045192,Low-Activity
C6961,1,58388.0,58388.0,0,0.0,29.15857928964482,14.57928964482241,Dormant
C6962,1,37578.0,37578.0,0,0.0,18.748374187093546,9.374187093546773,Dormant
C6966,2,73485.0,36742.5,0,2.0408163265306123,36.71085542771386,19.375835877122235,Dormant
C6967,1,36897.0,36897.0,0,0.0,18.407703851925962,9.203851925962981,Dormant
C6968,2,73608.0,36804.0,209,2.0408163265306123,36.772386193096544,19.406601259813577,Dormant
C6969,3,174864.0,58288.0,299,4.081632653061225,87.42571285642822,45.75367275474472,Low-Activity
C6971,1,74595.0,74595.0,0,0.0,37.26613306653327,18.633066533266636,Dormant
C6972,2,76307.0,38153.5,89,2.0408163265306123,38.12256128064032,20.081688803585465,Dormant
C6973,1,31761.0,31761.0,0,0.0,15.838419209604805,7.919209604802402,Dormant
C6974,2,38984.0,19492.0,12,2.0408163265306123,19.451725862931465,10.74627109473104,Dormant
C6975,1,54591.0,54591.0,0,0.0,27.25912956478239,13.629564782391196,Dormant
C6976,2,50067.0,25033.5,200,2.0408163265306123,24.9959979989995,13.518407162765056,Dormant
C6977,3,193649.0,64549.666666666664,291,4.081632653061225,96.82291145572786,50.45227205439454,Active
C6978,1,98866.0,98866.0,0,0.0,49.40770385192596,24.70385192596298,Dormant
C6979,1,26582.0,26582.0,0,0.0,13.247623811905953,6.6238119059529765,Dormant
C6982,1,40631.0,40631.0,0,0.0,20.275637818909455,10.137818909454728,Dormant
C6983,1,16953.0,16953.0,0,0.0,8.430715357678839,4.215357678839419,Dormant
C6984,2,100515.0,50257.5,4,2.0408163265306123,50.23261630815408,26.136716317342344,Low-Activity
C6985,1,39528.0,39528.0,0,0.0,19.723861930965484,9.861930965482742,Dormant
C6986,2,79784.0,39892.0,10,2.0408163265306123,39.86193096548274,20.951373646006676,Dormant
C6988,5,327259.0,65451.8,201,8.16326530612245,100.0,54.08163265306123,Active
C6989,1,56279.0,56279.0,0,0.0,28.10355177588794,14.05177588794397,Dormant
C6991,2,23960.0,11980.0,257,2.0408163265306123,11.935967983991997,6.988392155261304,Dormant
C6993,2,102616.0,51308.0,159,2.0408163265306123,51.283641820910454,26.662229073720532,Low-Activity
C6994,1,38780.0,38780.0,0,0.0,19.34967483741871,9.674837418709355,Dormant
C6995,1,97775.0,97775.0,0,0.0,48.86193096548274,24.43096548274137,Dormant
C6997,3,145984.0,48661.333333333336,48,4.081632653061225,72.97848924462231,38.530060948841765,Low-Activity
C7000,1,89885.0,89885.0,0,0.0,44.91495747873937,22.457478739369684,Dormant
C7001,1,18507.0,18507.0,0,0.0,9.208104052026012,4.604052026013006,Dormant
C7002,1,81811.0,81811.0,0,0.0,40.875937968984495,20.437968984492247,Dormant
C7003,1,16651.0,16651.0,0,0.0,8.279639819909955,4.139819909954977,Dormant
C7004,1,16972.0,16972.0,0,0.0,8.440220110055026,4.220110055027513,Dormant
C7005,1,93232.0,93232.0,0,0.0,46.58929464732366,23.29464732366183,Dormant
C7007,2,179554.0,89777.0,49,2.0408163265306123,89.77188594297148,45.90635113475105,Low-Activity
C7008,1,89123.0,89123.0,0,0.0,44.53376688344172,22.26688344172086,Dormant
C7009,3,113619.0,37873.0,234,4.081632653061225,56.78789394697349,30.43476330001736,Low-Activity
C7010,3,141505.0,47168.333333333336,194,4.081632653061225,70.73786893446723,37.409750793764225,Low-Activity
C7012,1,50106.0,50106.0,0,0.0,25.015507753876935,12.507753876938468,Dormant
C7014,1,82868.0,82868.0,0,0.0,41.40470235117559,20.702351175587793,Dormant
C7015,1,52318.0,52318.0,0,0.0,26.12206103051526,13.06103051525763,Dormant
C7016,2,28389.0,14194.5,54,2.0408163265306123,14.151575787893947,8.09619605721228,Dormant
C7017,1,50105.0,50105.0,0,0.0,25.015007503751875,12.507503751875937,Dormant
C7019,3,98149.0,32716.333333333332,164,4.081632653061225,49.04902451225613,26.56532858265868,Low-Activity
C7021,1,65582.0,65582.0,0,0.0,32.75737868934468,16.37868934467234,Dormant
C7022,1,75361.0,75361.0,0,0.0,37.64932466233116,18.82466233116558,Dormant
C7024,1,46110.0,46110.0,0,0.0,23.016508254127064,11.508254127063532,Dormant
C7025,1,19377.0,19377.0,0,0.0,9.643321660830415,4.821660830415207,Dormant
C7026,2,90577.0,45288.5,199,2.0408163265306123,45.26113056528264,23.650973445906626,Dormant
C7028,3,168665.0,56221.666666666664,160,4.081632653061225,84.32466233116558,44.2031474921134,Low-Activity
C7030,2,118084.0,59042.0,11,2.0408163265306123,59.02151075537769,30.53116354095415,Low-Activity
C7031,3,181709.0,60569.666666666664,142,4.081632653061225,90.84992496248124,47.46577880777123,Low-Activity
C7032,2,167914.0,83957.0,77,2.0408163265306123,83.94897448724362,42.99489540688712,Low-Activity
C7033,3,110804.0,36934.666666666664,73,4.081632653061225,55.37968984492247,29.730661248991847,Low-Activity
C7034,3,159005.0,53001.666666666664,144,4.081632653061225,79.49224612306153,41.78693938806138,Low-Activity
C7035,3,76752.0,25584.0,165,4.081632653061225,38.345172586293145,21.213402619677186,Dormant
C7036,1,68785.0,68785.0,0,0.0,34.35967983991996,17.17983991995998,Dormant
C7037,1,50474.0,50474.0,0,0.0,25.199599799899953,12.599799899949977,Dormant
C7038,3,68556.0,22852.0,102,4.081632653061225,34.24512256128064,19.163377607170933,Dormant
C7039,1,50105.0,50105.0,0,0.0,25.015007503751875,12.507503751875937,Dormant
C7040,3,107904.0,35968.0,237,4.081632653061225,53.92896448224111,29.00529856765117,Low-Activity
C7041,2,79228.0,39614.0,241,2.0408163265306123,39.583791895947975,20.812304111239293,Dormant
C7042,2,132420.0,66210.0,90,2.0408163265306123,66.19309654827413,34.11695643740237,Low-Activity
C7043,1,9636.0,9636.0,0,0.0,4.770385192596298,2.385192596298149,Dormant
C7044,1,98892.0,98892.0,0,0.0,49.42071035517759,24.710355177588795,Dormant
C7046,1,14010.0,14010.0,0,0.0,6.95847923961981,3.479239619809905,Dormant
C7047,2,78234.0,39117.0,144,2.0408163265306123,39.08654327163582,20.563679799083214,Dormant
C7048,3,134413.0,44804.333333333336,84,4.081632653061225,67.19009504752376,35.63586385029249,Low-Activity
C7049,2,159747.0,79873.5,24,2.0408163265306123,79.86343171585793,40.95212402119427,Low-Activity
C7050,1,62376.0,62376.0,0,0.0,31.1535767883942,15.5767883941971,Dormant
C7052,2,104196.0,52098.0,15,2.0408163265306123,52.07403701850926,27.057426672519934,Low-Activity
C7054,2,176928.0,88464.0,72,2.0408163265306123,88.45822911455727,45.24952272054394,Low-Activity
C7055,1,78156.0,78156.0,0,0.0,39.04752376188094,19.52376188094047,Dormant
C7056,1,44685.0,44685.0,0,0.0,22.303651825912958,11.151825912956479,Dormant
C7057,1,19080.0,19080.0,0,0.0,9.494747373686844,4.747373686843422,Dormant
C7058,1,85360.0,85360.0,0,0.0,42.65132566283141,21.325662831415706,Dormant
C7059,3,133344.0,44448.0,215,4.081632653061225,66.65532766383193,35.36848015844657,Low-Activity
C7060,1,13554.0,13554.0,0,0.0,6.730365182591296,3.365182591295648,Dormant
C7063,1,20484.0,20484.0,0,0.0,10.197098549274637,5.098549274637318,Dormant
C7065,3,154682.0,51560.666666666664,39,4.081632653061225,77.32966483241621,40.70564874273872,Low-Activity
C7068,1,44634.0,44634.0,0,0.0,22.278139069534767,11.139069534767383,Dormant
C7071,1,75014.0,75014.0,0,0.0,37.475737868934466,18.737868934467233,Dormant
C7073,1,84694.0,84694.0,0,0.0,42.31815907953977,21.159079539769884,Dormant
C7078,3,169240.0,56413.333333333336,278,4.081632653061225,84.61230615307653,44.346969403068876,Low-Activity
C7079,3,162457.0,54152.333333333336,150,4.081632653061225,81.21910955477739,42.650371103919305,Low-Activity
C7080,1,51957.0,51957.0,0,0.0,25.941470735367684,12.970735367683842,Dormant
C7081,1,95990.0,95990.0,0,0.0,47.96898449224612,23.98449224612306,Dormant
C7082,2,141896.0,70948.0,35,2.0408163265306123,70.93346673336669,36.48714152994865,Low-Activity
C7083,1,80044.0,80044.0,0,0.0,39.991995997999,19.9959979989995,Dormant
C7085,2,96862.0,48431.0,110,2.0408163265306123,48.40520260130065,25.22300946391563,Low-Activity
C7089,2,127298.0,63649.0,208,2.0408163265306123,63.63081540770386,32.83581586711723,Low-Activity
C7090,2,161212.0,80606.0,206,2.0408163265306123,80.59629814907454,41.31855723780258,Low-Activity
C7091,2,27577.0,13788.5,224,2.0408163265306123,13.74537268634317,7.893094506436891,Dormant
C7092,1,90353.0,90353.0,0,0.0,45.14907453726863,22.574537268634316,Dormant
C7093,2,111046.0,55523.0,163,2.0408163265306123,55.50075037518759,28.7707833508591,Low-Activity
C7094,1,39562.0,39562.0,0,0.0,19.74087043521761,9.870435217608804,Dormant
C7096,1,13173.0,13173.0,0,0.0,6.539769884942472,3.269884942471236,Dormant
C7097,1,88821.0,88821.0,0,0.0,44.38269134567284,22.19134567283642,Dormant
C7099,4,295963.0,73990.75,284,6.122448979591836,100.0,53.06122448979592,Active
C7100,1,23806.0,23806.0,0,0.0,11.858929464732366,5.929464732366183,Dormant
C7101,1,88491.0,88491.0,0,0.0,44.217608804402204,22.108804402201102,Dormant
C7102,3,127960.0,42653.333333333336,157,4.081632653061225,63.96198099049525,34.021806821778235,Low-Activity
C7103,3,154003.0,51334.333333333336,261,4.081632653061225,76.98999499749874,40.53581382527998,Low-Activity
C7104,1,31337.0,31337.0,0,0.0,15.62631315657829,7.813156578289145,Dormant
C7106,1,1749.0,1749.0,0,0.0,0.824912456228114,0.412456228114057,Dormant
C7107,2,100210.0,50105.0,101,2.0408163265306123,50.08004002001001,26.06042817327031,Low-Activity
C7109,1,57218.0,57218.0,0,0.0,28.57328664332166,14.28664332166083,Dormant
C7111,2,60493.0,30246.5,150,2.0408163265306123,30.211605802901452,16.12621106471603,Dormant
C7112,1,23174.0,23174.0,0,0.0,11.542771385692847,5.771385692846423,Dormant
C7115,2,129399.0,64699.5,73,2.0408163265306123,64.68184092046023,33.361328623495424,Low-Activity
C7116,1,86991.0,86991.0,0,0.0,43.46723361680841,21.733616808404204,Dormant
C7117,1,66858.0,66858.0,0,0.0,33.39569784892446,16.69784892446223,Dormant
C7120,1,57043.0,57043.0,0,0.0,28.485742871435715,14.242871435717857,Dormant
C7121,3,87015.0,29005.0,152,4.081632653061225,43.4792396198099,23.780436136435565,Dormant
C7122,1,86334.0,86334.0,0,0.0,43.13856928464232,21.56928464232116,Dormant
C7123,1,86278.0,86278.0,0,0.0,43.11055527763882,21.55527763881941,Dormant
C7124,2,107995.0,53997.5,303,2.0408163265306123,53.974487243621816,28.007651785076213,Low-Activity
C7125,1,80492.0,80492.0,0,0.0,40.21610805402701,20.108054027013505,Dormant
C7127,2,97855.0,48927.5,11,2.0408163265306123,48.90195097548774,25.471383651009177,Low-Activity
C7129,2,119921.0,59960.5,190,2.0408163265306123,59.94047023511756,30.990643280824084,Low-Activity
C7130,1,87153.0,87153.0,0,0.0,43.54827413706853,21.774137068534266,Dormant
C7131,3,113433.0,37811.0,182,4.081632653061225,56.694847423711856,30.38824003838654,Low-Activity
C7132,2,30489.0,15244.5,208,2.0408163265306123,15.202101050525263,8.621458688527937,Dormant
C7135,1,90438.0,90438.0,0,0.0,45.19159579789895,22.595797898949474,Dormant
C7136,2,143805.0,71902.5,265,2.0408163265306123,71.88844422211106,36.96463027432084,Low-Activity
C7139,2,105551.0,52775.5,158,2.0408163265306123,52.75187593796898,27.396346132249796,Low-Activity
C7140,1,2576.0,2576.0,0,0.0,1.2386193096548275,0.6193096548274137,Dormant
C7142,3,203301.0,67767.0,26,4.081632653061225,100.0,52.04081632653061,Active
C7144,3,81956.0,27318.666666666668,151,4.081632653061225,40.94847423711856,22.515053445089894,Dormant
C7146,1,13565.0,13565.0,0,0.0,6.735867933966984,3.367933966983492,Dormant
C7150,2,120838.0,60419.0,204,2.0408163265306123,60.3991995997999,31.220007963165255,Low-Activity
C7152,2,141255.0,70627.5,195,2.0408163265306123,70.6128064032016,36.32681136486611,Low-Activity
C7154,3,115810.0,38603.333333333336,42,4.081632653061225,57.8839419709855,30.982787312023362,Low-Activity
C7155,2,133513.0,66756.5,342,2.0408163265306123,66.73986993496749,34.39034313074905,Low-Activity
C7156,1,12337.0,12337.0,0,0.0,6.121560780390195,3.0607803901950974,Dormant
C7157,1,80712.0,80712.0,0,0.0,40.32616308154077,20.163081540770385,Dormant
C7158,1,38880.0,38880.0,0,0.0,19.39969984992496,9.69984992496248,Dormant
C7159,3,198873.0,66291.0,344,4.081632653061225,99.43621810905454,51.75892538105788,Active
C7160,2,47117.0,23558.5,23,2.0408163265306123,23.520260130065033,12.780538228297823,Dormant
C7163,3,106726.0,35575.333333333336,152,4.081632653061225,53.33966983491746,28.710651243989343,Low-Activity
C7164,2,128197.0,64098.5,26,2.0408163265306123,64.08054027013506,33.06067829833284,Low-Activity
C7166,2,144693.0,72346.5,168,2.0408163265306123,72.33266633316659,37.1867413298486,Low-Activity
C7167,1,67196.0,67196.0,0,0.0,33.5647823911956,16.7823911955978,Dormant
C7168,1,68649.0,68649.0,0,0.0,34.291645822911455,17.145822911455728,Dormant
C7169,3,57562.0,19187.333333333332,180,4.081632653061225,28.745372686343174,16.4135026697022,Dormant
C7170,2,148808.0,74404.0,152,2.0408163265306123,74.3911955977989,38.21600596216476,Low-Activity
C7171,1,3360.0,3360.0,0,0.0,1.630815407703852,0.815407703851926,Dormant
C7172,3,179732.0,59910.666666666664,28,4.081632653061225,89.86093046523261,46.97128155914692,Low-Activity
C7175,1,12628.0,12628.0,0,0.0,6.267133566783392,3.133566783391696,Dormant
C7176,1,82664.0,82664.0,0,0.0,41.30265132566283,20.651325662831415,Dormant
C7182,1,98529.0,98529.0,0,0.0,49.239119559779894,24.619559779889947,Dormant
C7183,2,74312.0,37156.0,20,2.0408163265306123,37.12456228114057,19.58268930383559,Dormant
C7184,2,187869.0,93934.5,28,2.0408163265306123,93.93146573286644,47.98614102969853,Low-Activity
C7185,2,126935.0,63467.5,137,2.0408163265306123,63.44922461230615,32.745020469418385,Low-Activity
C7189,1,15405.0,15405.0,0,0.0,7.656328164082041,3.8281640820410203,Dormant
C7190,2,146846.0,73423.0,0,2.0408163265306123,73.40970485242622,37.72526058947842,Low-Activity
C7191,1,53284.0,53284.0,0,0.0,26.605302651325662,13.302651325662831,Dormant
C7192,1,59930.0,59930.0,0,0.0,29.929964982491246,14.964982491245623,Dormant
C7194,1,50728.0,50728.0,0,0.0,25.326663331665834,12.663331665832917,Dormant
C7196,1,2128.0,2128.0,0,0.0,1.0145072536268134,0.5072536268134067,Dormant
C7197,2,131778.0,65889.0,73,2.0408163265306123,65.871935967984,33.95637614725731,Low-Activity
C7198,1,63872.0,63872.0,0,0.0,31.901950975487743,15.950975487743872,Dormant
C7199,1,64035.0,64035.0,0,0.0,31.98349174587294,15.99174587293647,Dormant
C7200,4,275309.0,68827.25,142,6.122448979591836,100.0,53.06122448979592,Active
C7201,1,2064.0,2064.0,0,0.0,0.9824912456228114,0.4912456228114057,Dormant
C7203,1,76965.0,76965.0,0,0.0,38.45172586293147,19.225862931465734,Dormant
C7204,2,41950.0,20975.0,28,2.0408163265306123,20.935467733866933,11.488142030198773,Dormant
C7207,3,144782.0,48260.666666666664,203,4.081632653061225,72.37718859429715,38.229410623679186,Low-Activity
C7212,2,34393.0,17196.5,38,2.0408163265306123,17.155077538769383,9.597946932649998,Dormant
C7213,2,180893.0,90446.5,98,2.0408163265306123,90.44172086043022,46.24126859348042,Low-Activity
C7214,1,91744.0,91744.0,0,0.0,45.84492246123062,22.92246123061531,Dormant
C7217,2,125988.0,62994.0,129,2.0408163265306123,62.97548774387194,32.50815203520128,Low-Activity
C7218,1,79598.0,79598.0,0,0.0,39.76888444222111,19.884442221110554,Dormant
C7219,2,50515.0,25257.5,50,2.0408163265306123,25.22011005502751,13.630463190779063,Dormant
C7221,1,90848.0,90848.0,0,0.0,45.396698349174585,22.698349174587293,Dormant
C7222,2,72242.0,36121.0,47,2.0408163265306123,36.08904452226113,19.06493042439587,Dormant
C7226,1,43487.0,43487.0,0,0.0,21.704352176088044,10.852176088044022,Dormant
C7227,2,134721.0,67360.5,320,2.0408163265306123,67.34417208604302,34.69249420628682,Low-Activity
C7228,1,16738.0,16738.0,0,0.0,8.323161580790394,4.161580790395197,Dormant
C7229,3,101922.0,33974.0,194,4.081632653061225,50.93646823411706,27.509050443589143,Low-Activity
C7230,2,60757.0,30378.5,21,2.0408163265306123,30.343671835917956,16.192244081224285,Dormant
C7231,1,74086.0,74086.0,0,0.0,37.01150575287644,18.50575287643822,Dormant
C7232,1,646.0,646.0,0,0.0,0.27313656828414207,0.13656828414207103,Dormant
C7233,2,150886.0,75443.0,45,2.0408163265306123,75.43071535767884,38.735765842104726,Low-Activity
C7235,1,57846.0,57846.0,0,0.0,28.88744372186093,14.443721860930465,Dormant
C7236,3,109884.0,36628.0,218,4.081632653061225,54.919459729864926,29.500546191463076,Low-Activity
C7238,2,90661.0,45330.5,301,2.0408163265306123,45.30315157578789,23.671983951159252,Dormant
C7239,1,50105.0,50105.0,0,0.0,25.015007503751875,12.507503751875937,Dormant
C7240,2,12870.0,6435.0,178,2.0408163265306123,6.388194097048524,4.214505211789568,Dormant
C7241,2,88676.0,44338.0,16,2.0408163265306123,44.310155077538774,23.175485702034692,Dormant
C7242,1,56210.0,56210.0,0,0.0,28.06903451725863,14.034517258629315,Dormant
C7246,1,8539.0,8539.0,0,0.0,4.221610805402701,2.1108054027013505,Dormant
C7249,1,41255.0,41255.0,0,0.0,20.587793896948476,10.293896948474238,Dormant
C7250,2,154425.0,77212.5,19,2.0408163265306123,77.20110055027514,39.62095843840288,Low-Activity
C7251,2,26042.0,13021.0,78,2.0408163265306123,12.977488744372186,7.509152535451399,Dormant
C7254,1,99256.0,99256.0,0,0.0,49.60280140070035,24.801400700350175,Dormant
C7255,1,5483.0,5483.0,0,0.0,2.6928464232116056,1.3464232116058028,Dormant
C7256,4,235216.0,58804.0,263,6.122448979591836,100.0,53.06122448979592,Active
C7257,3,105327.0,35109.0,95,4.081632653061225,52.63981990995498,28.360726281508104,Low-Activity
C7261,2,124400.0,62200.0,187,2.0408163265306123,62.18109054527263,32.11095343590162,Low-Activity
C7262,1,59100.0,59100.0,0,0.0,29.514757378689342,14.757378689344671,Dormant
C7263,1,22053.0,22053.0,0,0.0,10.98199099549775,5.490995497748875,Dormant
C7264,1,58383.0,58383.0,0,0.0,29.156078039019512,14.578039019509756,Dormant
C7265,3,68649.0,22883.0,340,4.081632653061225,34.291645822911455,19.18663923798634,Dormant
C7267,1,69395.0,69395.0,0,0.0,34.6648324162081,17.33241620810405,Dormant
C7268,1,83640.0,83640.0,0,0.0,41.79089544772386,20.89544772386193,Dormant
C7269,3,105265.0,35088.333333333336,123,4.081632653061225,52.6088044022011,28.345218527631165,Low-Activity
C7272,2,85256.0,42628.0,217,2.0408163265306123,42.599299649824914,22.320057988177762,Dormant
C7273,2,48379.0,24189.5,89,2.0408163265306123,24.151575787893947,13.09619605721228,Dormant
C7274,1,93780.0,93780.0,0,0.0,46.86343171585793,23.431715857928964,Dormant
C7276,2,124155.0,62077.5,141,2.0408163265306123,62.05852926463231,32.049672795581465,Low-Activity
C7277,1,94926.0,94926.0,0,0.0,47.436718359179594,23.718359179589797,Dormant
C7278,2,3618.0,1809.0,0,2.0408163265306123,1.7598799399699852,1.9003481332502987,Dormant
C7279,1,24660.0,24660.0,0,0.0,12.286143071535768,6.143071535767884,Dormant
C7280,1,23007.0,23007.0,0,0.0,11.459229614807404,5.729614807403702,Dormant
C7282,1,71326.0,71326.0,0,0.0,35.63081540770385,17.815407703851925,Dormant
C7283,2,169365.0,84682.5,99,2.0408163265306123,84.67483741870936,43.35782687261999,Low-Activity
C7284,2,75854.0,37927.0,272,2.0408163265306123,37.89594797398699,19.9683821502588,Dormant
C7285,1,97206.0,97206.0,0,0.0,48.57728864432216,24.28864432216108,Dormant
C7287,3,236124.0,78708.0,136,4.081632653061225,100.0,52.04081632653061,Active
C7288,1,61023.0,61023.0,0,0.0,30.47673836918459,15.238369184592296,Dormant
C7289,1,52532.0,52532.0,0,0.0,26.22911455727864,13.11455727863932,Dormant
C7293,1,52982.0,52982.0,0,0.0,26.454227113556776,13.227113556778388,Dormant
C7294,1,98604.0,98604.0,0,0.0,49.27663831915958,24.63831915957979,Dormant
C7295,3,206551.0,68850.33333333333,266,4.081632653061225,100.0,52.04081632653061,Active
C7296,1,84529.0,84529.0,0,0.0,42.23561780890445,21.117808904452225,Dormant
C7297,3,238819.0,79606.33333333333,14,4.081632653061225,100.0,52.04081632653061,Active
C7299,1,62226.0,62226.0,0,0.0,31.07853926963482,15.53926963481741,Dormant
C7300,1,95432.0,95432.0,0,0.0,47.68984492246123,23.844922461230617,Dormant
C7302,2,134313.0,67156.5,237,2.0408163265306123,67.1400700350175,34.59044318077406,Low-Activity
C7303,2,89500.0,44750.0,215,2.0408163265306123,44.7223611805903,23.381588753560454,Dormant
C7304,1,91010.0,91010.0,0,0.0,45.47773886943472,22.73886943471736,Dormant
C7305,3,184662.0,61554.0,308,4.081632653061225,92.3271635817909,48.20439811742606,Low-Activity
C7308,1,45674.0,45674.0,0,0.0,22.7983991995998,11.3991995997999,Dormant
C7309,1,47472.0,47472.0,0,0.0,23.69784892446223,11.848924462231116,Dormant
C7310,2,88220.0,44110.0,131,2.0408163265306123,44.08204102051025,23.06142867352043,Dormant
C7312,1,93308.0,93308.0,0,0.0,46.62731365682841,23.313656828414207,Dormant
C7313,2,132178.0,66089.0,48,2.0408163265306123,66.072036018009,34.05642617226981,Low-Activity
C7314,1,33199.0,33199.0,0,0.0,16.557778889444723,8.278889444722362,Dormant
C7316,3,137736.0,45912.0,79,4.081632653061225,68.85242621310655,36.46702943308389,Low-Activity
C7317,1,22173.0,22173.0,0,0.0,11.042021010505252,5.521010505252626,Dormant
C7318,2,173245.0,86622.5,184,2.0408163265306123,86.61580790395197,44.328312115241296,Low-Activity
C7319,1,67823.0,67823.0,0,0.0,33.87843921960981,16.939219609804905,Dormant
C7320,2,121218.0,60609.0,52,2.0408163265306123,60.58929464732367,31.31505548692714,Low-Activity
C7322,1,88042.0,88042.0,0,0.0,43.99299649824913,21.996498249124564,Dormant
C7324,1,74265.0,74265.0,0,0.0,37.10105052526263,18.550525262631314,Dormant
C7326,1,33632.0,33632.0,0,0.0,16.774387193596798,8.387193596798399,Dormant
C7327,3,113371.0,37790.333333333336,66,4.081632653061225,56.66383191595797,30.3727322845096,Low-Activity
C7328,1,82363.0,82363.0,0,0.0,41.15207603801901,20.576038019009506,Dormant
C7330,1,24800.0,24800.0,0,0.0,12.356178089044523,6.178089044522261,Dormant
C7331,3,149738.0,49912.666666666664,102,4.081632653061225,74.85642821410705,39.46903043358414,Low-Activity
C7333,1,59734.0,59734.0,0,0.0,29.83191595797899,14.915957978989494,Dormant
C7334,1,53463.0,53463.0,0,0.0,26.694847423711852,13.347423711855926,Dormant
C7336,1,66171.0,66171.0,0,0.0,33.052026013006504,16.526013006503252,Dormant
C7337,3,151823.0,50607.666666666664,274,4.081632653061225,75.89944972486244,39.99054118896183,Low-Activity
C7338,2,102470.0,51235.0,182,2.0408163265306123,51.210605302651324,26.625710814590967,Low-Activity
C7340,1,69790.0,69790.0,0,0.0,34.862431215607806,17.431215607803903,Dormant
C7341,1,43542.0,43542.0,0,0.0,21.731865932966482,10.865932966483241,Dormant
C7342,2,118823.0,59411.5,149,2.0408163265306123,59.3911955977989,30.716005962164754,Low-Activity
C7343,2,69478.0,34739.0,108,2.0408163265306123,34.706353176588294,18.373584751559452,Dormant
C7344,3,182335.0,60778.333333333336,90,4.081632653061225,91.16308154077039,47.622357096915806,Low-Activity
C7347,1,97277.0,97277.0,0,0.0,48.6128064032016,24.3064032016008,Dormant
C7349,1,89549.0,89549.0,0,0.0,44.74687343671836,22.37343671835918,Dormant
C7351,1,49103.0,49103.0,0,0.0,24.513756878439217,12.256878439219609,Dormant
C7352,1,87440.0,87440.0,0,0.0,43.691845922961484,21.845922961480742,Dormant
C7353,3,197049.0,65683.0,110,4.081632653061225,98.52376188094047,51.302697267000845,Active
C7354,2,49004.0,24502.0,135,2.0408163265306123,24.464232116058028,13.25252422129432,Dormant
C7356,1,50105.0,50105.0,0,0.0,25.015007503751875,12.507503751875937,Dormant
C7358,2,31983.0,15991.5,153,2.0408163265306123,15.949474737368686,8.99514553194965,Dormant
C7359,1,98815.0,98815.0,0,0.0,49.382191095547775,24.691095547773887,Dormant
C7360,1,89757.0,89757.0,0,0.0,44.85092546273137,22.425462731365684,Dormant
C7361,3,224432.0,74810.66666666667,156,4.081632653061225,100.0,52.04081632653061,Active
C7362,2,153127.0,76563.5,68,2.0408163265306123,76.55177588794398,39.296296107237296,Low-Activity
C7363,1,98091.0,98091.0,0,0.0,49.020010005002504,24.510005002501252,Dormant
C7364,3,64623.0,21541.0,127,4.081632653061225,32.2776388194097,18.179635736235465,Dormant
C7365,1,47241.0,47241.0,0,0.0,23.582291145572785,11.791145572786393,Dormant
C7368,2,103232.0,51616.0,36,2.0408163265306123,51.59179589794898,26.816306112239793,Low-Activity
C7370,2,86849.0,43424.5,43,2.0408163265306123,43.39619809904953,22.71850721279007,Dormant
C7371,3,116060.0,38686.666666666664,118,4.081632653061225,58.00900450225113,31.04531857765618,Low-Activity
C7372,1,95071.0,95071.0,0,0.0,47.50925462731366,23.75462731365683,Dormant
C7374,1,35899.0,35899.0,0,0.0,17.90845422711356,8.95422711355678,Dormant
C7375,1,23397.0,23397.0,0,0.0,11.65432716358179,5.827163581790895,Dormant
C7376,3,217955.0,72651.66666666667,216,4.081632653061225,100.0,52.04081632653061,Active
C7378,1,76988.0,76988.0,0,0.0,38.4632316158079,19.23161580790395,Dormant
C7379,1,50882.0,50882.0,0,0.0,25.403701850925465,12.701850925462733,Dormant
C7380,2,65399.0,32699.5,75,2.0408163265306123,32.66583291645823,17.35332462149442,Dormant
C7381,2,158652.0,79326.0,95,2.0408163265306123,79.31565782891445,40.678237077722535,Low-Activity
C7382,3,149341.0,49780.333333333336,197,4.081632653061225,74.65782891445723,39.36973078375922,Low-Activity
C7386,1,25202.0,25202.0,0,0.0,12.55727863931966,6.27863931965983,Dormant
C7391,2,175067.0,87533.5,36,2.0408163265306123,87.52726363181591,44.784039979173265,Low-Activity
C7393,1,73032.0,73032.0,0,0.0,36.484242121060525,18.242121060530263,Dormant
C7394,1,40321.0,40321.0,0,0.0,20.120560280140072,10.060280140070036,Dormant
C7395,1,95180.0,95180.0,0,0.0,47.56378189094547,23.781890945472735,Dormant
C7396,3,131370.0,43790.0,210,4.081632653061225,65.66783391695849,34.87473328500985,Low-Activity
C7397,1,12457.0,12457.0,0,0.0,6.181590795397699,3.0907953976988494,Dormant
C7398,1,68569.0,68569.0,0,0.0,34.251625812906454,17.125812906453227,Dormant
C7400,1,10434.0,10434.0,0,0.0,5.169584792396198,2.584792396198099,Dormant
C7401,4,143591.0,35897.75,222,6.122448979591836,71.78139069534767,38.95191983746975,Low-Activity
C7402,1,68673.0,68673.0,0,0.0,34.30365182591296,17.15182591295648,Dormant
C7403,1,3486.0,3486.0,0,0.0,1.6938469234617308,0.8469234617308654,Dormant
C7404,2,162851.0,81425.5,63,2.0408163265306123,81.41620810405202,41.72851221529132,Low-Activity
C7406,1,50105.0,50105.0,0,0.0,25.015007503751875,12.507503751875937,Dormant
C7409,1,88136.0,88136.0,0,0.0,44.040020010005,22.0200100050025,Dormant
C7410,2,90605.0,45302.5,89,2.0408163265306123,45.27513756878439,23.6579769476575,Dormant
C7411,3,215308.0,71769.33333333333,46,4.081632653061225,100.0,52.04081632653061,Active
C7413,3,145137.0,48379.0,113,4.081632653061225,72.55477738869435,38.318205020877784,Low-Activity
C7414,1,18817.0,18817.0,0,0.0,9.363181590795397,4.681590795397699,Dormant
C7416,4,185862.0,46465.5,117,6.122448979591836,92.92746373186593,49.52495635572888,Low-Activity
C7419,1,71065.0,71065.0,0,0.0,35.500250125062536,17.750125062531268,Dormant
C7420,3,80706.0,26902.0,212,4.081632653061225,40.3231615807904,22.202397116925813,Dormant
C7426,1,88648.0,88648.0,0,0.0,44.29614807403702,22.14807403701851,Dormant
C7429,2,89244.0,44622.0,202,2.0408163265306123,44.594297148574285,23.317556737552447,Dormant
C7430,3,92389.0,30796.333333333332,209,4.081632653061225,46.16758379189595,25.12460822247859,Low-Activity
C7431,1,59984.0,59984.0,0,0.0,29.956978489244623,14.978489244622311,Dormant
C7432,1,36808.0,36808.0,0,0.0,18.363181590795396,9.181590795397698,Dormant
C7435,1,22326.0,22326.0,0,0.0,11.11855927963982,5.55927963981991,Dormant
C7436,1,30910.0,30910.0,0,0.0,15.412706353176588,7.706353176588294,Dormant
C7437,3,157249.0,52416.333333333336,219,4.081632653061225,78.61380690345172,41.34771977825647,Low-Activity
C7439,2,58154.0,29077.0,63,2.0408163265306123,29.04152076038019,15.541168543455402,Dormant
C7441,1,48697.0,48697.0,0,0.0,24.31065532766383,12.155327663831915,Dormant
C7445,2,108998.0,54499.0,204,2.0408163265306123,54.47623811905953,28.25852722279507,Low-Activity
C7446,2,141812.0,70906.0,87,2.0408163265306123,70.89144572286143,36.466131024696026,Low-Activity
C7447,2,172190.0,86095.0,131,2.0408163265306123,86.088044022011,44.06443017427081,Low-Activity
C7448,1,72157.0,72157.0,0,0.0,36.04652326163082,18.02326163081541,Dormant
C7449,2,120875.0,60437.5,36,2.0408163265306123,60.41770885442721,31.22926259047891,Low-Activity
C7450,3,104968.0,34989.333333333336,218,4.081632653061225,52.46023011505753,28.270931384059377,Low-Activity
C7452,2,92705.0,46352.5,48,2.0408163265306123,46.32566283141571,24.18323957897316,Dormant
C7453,1,50105.0,50105.0,0,0.0,25.015007503751875,12.507503751875937,Dormant
C7454,1,92362.0,92362.0,0,0.0,46.15407703851926,23.07703851925963,Dormant
C7456,1,23064.0,23064.0,0,0.0,11.487743871935969,5.743871935967984,Dormant
C7457,3,81571.0,27190.333333333332,231,4.081632653061225,40.75587793896949,22.41875529601536,Dormant
C7458,1,19225.0,19225.0,0,0.0,9.56728364182091,4.783641820910455,Dormant
C7460,2,180719.0,90359.5,29,2.0408163265306123,90.35467733866933,46.197746832599975,Low-Activity
C7461,2,151209.0,75604.5,42,2.0408163265306123,75.59229614807404,38.81655623730233,Low-Activity
C7464,1,58853.0,58853.0,0,0.0,29.391195597798898,14.695597798899449,Dormant
C7465,1,49938.0,49938.0,0,0.0,24.931465732866435,12.465732866433218,Dormant
C7467,1,8425.0,8425.0,0,0.0,4.164582291145573,2.0822911455727864,Dormant
C7468,5,309304.0,61860.8,285,8.16326530612245,100.0,54.08163265306123,Active
C7469,2,136811.0,68405.5,7,2.0408163265306123,68.38969484742371,35.215255586977165,Low-Activity
C7470,1,50821.0,50821.0,0,0.0,25.373186593296648,12.686593296648324,Dormant
C7471,1,50105.0,50105.0,0,0.0,25.015007503751875,12.507503751875937,Dormant
C7474,2,140823.0,70411.5,162,2.0408163265306123,70.39669834917459,36.2187573378526,Low-Activity
C7475,2,130771.0,65385.5,106,2.0408163265306123,65.36818409204602,33.70450020928832,Low-Activity
C7476,2,92964.0,46482.0,27,2.0408163265306123,46.455227613806905,24.248021970168757,Dormant
C7477,2,110833.0,55416.5,22,2.0408163265306123,55.39419709854927,28.71750671253994,Low-Activity
C7479,1,9819.0,9819.0,0,0.0,4.861930965482742,2.430965482741371,Dormant
C7481,2,103263.0,51631.5,40,2.0408163265306123,51.60730365182591,26.82405998917826,Low-Activity
C7483,1,13322.0,13322.0,0,0.0,6.614307153576789,3.3071535767883944,Dormant
C7484,1,25009.0,25009.0,0,0.0,12.460730365182592,6.230365182591296,Dormant
C7485,1,11952.0,11952.0,0,0.0,5.9289644822411205,2.9644822411205602,Dormant
C7486,1,66300.0,66300.0,0,0.0,33.11655827913957,16.558279139569784,Dormant
C7487,2,192031.0,96015.5,212,2.0408163265306123,96.01350675337669,49.02716153995365,Low-Activity
C7488,1,84037.0,84037.0,0,0.0,41.98949474737368,20.99474737368684,Dormant
C7490,1,59763.0,59763.0,0,0.0,29.846423211605806,14.923211605802903,Dormant
C7493,2,59532.0,29766.0,64,2.0408163265306123,29.730865432716357,15.885840879623485,Dormant
C7495,1,28444.0,28444.0,0,0.0,14.179089544772387,7.089544772386193,Dormant
C7496,2,36140.0,18070.0,14,2.0408163265306123,18.029014507253628,10.03491541689212,Dormant
C7499,2,118832.0,59416.0,0,2.0408163265306123,59.39569784892447,30.71825708772754,Low-Activity
C7500,1,68847.0,68847.0,0,0.0,34.39069534767384,17.19534767383692,Dormant
C7502,2,127981.0,63990.5,162,2.0408163265306123,63.972486243121566,33.00665128482609,Low-Activity
C7506,2,61676.0,30838.0,113,2.0408163265306123,30.803401700850426,16.42210901369052,Dormant
C7507,2,99164.0,49582.0,108,2.0408163265306123,49.5567783891946,25.798797357862604,Low-Activity
C7509,2,38069.0,19034.5,18,2.0408163265306123,18.99399699849925,10.517406662514931,Dormant
C7511,2,156283.0,78141.5,141,2.0408163265306123,78.13056528264131,40.085690804585965,Low-Activity
C7513,2,123326.0,61663.0,141,2.0408163265306123,61.643821910955474,31.842319118743042,Low-Activity
C7514,1,39362.0,39362.0,0,0.0,19.640820410205105,9.820410205102553,Dormant
C7516,2,175834.0,87917.0,111,2.0408163265306123,87.91095547773887,44.97588590213474,Low-Activity
C7519,3,165597.0,55199.0,65,4.081632653061225,82.78989494747374,43.43576380026748,Low-Activity
C7520,1,16828.0,16828.0,0,0.0,8.368184092046024,4.184092046023012,Dormant
C7521,1,89220.0,89220.0,0,0.0,44.58229114557279,22.291145572786395,Dormant
C7522,1,32507.0,32507.0,0,0.0,16.211605802901452,8.105802901450726,Dormant
C7523,3,132340.0,44113.333333333336,265,4.081632653061225,66.15307653826915,35.117354595665184,Low-Activity
C7524,2,127865.0,63932.5,286,2.0408163265306123,63.91445722861431,32.977636777572464,Low-Activity
C7525,1,23789.0,23789.0,0,0.0,11.850425212606302,5.925212606303151,Dormant
C7527,1,88344.0,88344.0,0,0.0,44.14407203601801,22.072036018009005,Dormant
C7528,2,141414.0,70707.0,72,2.0408163265306123,70.69234617308653,36.366581249808576,Low-Activity
C7530,2,182601.0,91300.5,17,2.0408163265306123,91.29614807403702,46.66848220028382,Low-Activity
C7531,2,107013.0,53506.5,56,2.0408163265306123,53.483241620810404,27.762028973670507,Low-Activity
C7533,3,139384.0,46461.333333333336,163,4.081632653061225,69.6768384192096,36.87923553613541,Low-Activity
C7534,1,99243.0,99243.0,0,0.0,49.596298149074535,24.798149074537267,Dormant
C7537,1,29342.0,29342.0,0,0.0,14.62831415707854,7.31415707853927,Dormant
C7538,1,36753.0,36753.0,0,0.0,18.335667833916958,9.167833916958479,Dormant
C7539,4,130020.0,32505.0,108,6.122448979591836,64.99249624812407,35.55747261385795,Low-Activity
C7540,1,70999.0,70999.0,0,0.0,35.4672336168084,17.7336168084042,Dormant
C7541,1,57379.0,57379.0,0,0.0,28.653826913456726,14.326913456728363,Dormant
C7542,1,2535.0,2535.0,0,0.0,1.2181090545272637,0.6090545272636319,Dormant
C7543,1,63278.0,63278.0,0,0.0,31.604802401200597,15.802401200600299,Dormant
C7544,1,1408.0,1408.0,0,0.0,0.6543271635817909,0.32716358179089544,Dormant
C7546,2,45404.0,22702.0,56,2.0408163265306123,22.663331665832917,12.352073996181765,Dormant
C7547,1,69983.0,69983.0,0,0.0,34.95897948974488,17.47948974487244,Dormant
C7548,2,107020.0,53510.0,96,2.0408163265306123,53.48674337168584,27.763779849108225,Low-Activity
C7549,1,50105.0,50105.0,0,0.0,25.015007503751875,12.507503751875937,Dormant
C7552,1,50105.0,50105.0,0,0.0,25.015007503751875,12.507503751875937,Dormant
C7553,4,200884.0,50221.0,57,6.122448979591836,100.0,53.06122448979592,Active
C7554,2,58714.0,29357.0,62,2.0408163265306123,29.321660830415208,15.681238578472911,Dormant
C7555,1,2479.0,2479.0,0,0.0,1.190095047523762,0.595047523761881,Dormant
C7558,1,86892.0,86892.0,0,0.0,43.41770885442721,21.708854427213605,Dormant
C7559,2,60376.0,30188.0,27,2.0408163265306123,30.153076538269136,16.096946432399875,Dormant
C7560,1,82580.0,82580.0,0,0.0,41.260630315157584,20.630315157578792,Dormant
C7563,2,61776.0,30888.0,211,2.0408163265306123,30.85342671335668,16.447121519943646,Dormant
C7564,2,175833.0,87916.5,3,2.0408163265306123,87.91045522761381,44.97563577707221,Low-Activity
C7565,1,86187.0,86187.0,0,0.0,43.06503251625813,21.532516258129064,Dormant
C7566,2,74550.0,37275.0,0,2.0408163265306123,37.24362181090545,19.64221906871803,Dormant
C7567,1,7086.0,7086.0,0,0.0,3.4947473736868435,1.7473736868434218,Dormant
C7568,1,93174.0,93174.0,0,0.0,46.560280140070034,23.280140070035017,Dormant
C7570,2,87751.0,43875.5,102,2.0408163265306123,43.847423711855924,22.944120019193267,Dormant
C7571,2,98627.0,49313.5,292,2.0408163265306123,49.28814407203602,25.664480199283314,Low-Activity
C7572,1,5067.0,5067.0,0,0.0,2.4847423711855927,1.2423711855927964,Dormant
C7573,1,43300.0,43300.0,0,0.0,21.61080540270135,10.805402701350674,Dormant
C7574,2,106054.0,53027.0,234,2.0408163265306123,53.00350175087544,27.522159038703023,Low-Activity
C7575,1,10433.0,10433.0,0,0.0,5.169084542271136,2.584542271135568,Dormant
C7576,1,78200.0,78200.0,0,0.0,39.06953476738369,19.534767383691847,Dormant
C7578,2,122904.0,61452.0,76,2.0408163265306123,61.432716358179086,31.736766342354848,Low-Activity
C7579,2,151220.0,75610.0,263,2.0408163265306123,75.59779889944971,38.819307612990166,Low-Activity
C7581,2,141136.0,70568.0,135,2.0408163265306123,70.55327663831916,36.29704648242489,Low-Activity
C7582,2,105534.0,52767.0,93,2.0408163265306123,52.743371685842924,27.392094006186767,Low-Activity
C7583,1,87904.0,87904.0,0,0.0,43.9239619809905,21.96198099049525,Dormant
C7585,1,39245.0,39245.0,0,0.0,19.582291145572785,9.791145572786393,Dormant
C7587,2,73233.0,36616.5,193,2.0408163265306123,36.584792396198104,19.312804361364357,Dormant
C7588,3,166241.0,55413.666666666664,215,4.081632653061225,83.11205602801401,43.596844340537615,Low-Activity
C7589,2,143932.0,71966.0,298,2.0408163265306123,71.951975987994,36.99639615726231,Low-Activity
C7591,1,87851.0,87851.0,0,0.0,43.89744872436218,21.94872436218109,Dormant
C7592,1,21057.0,21057.0,0,0.0,10.483741870935468,5.241870935467734,Dormant
C7593,1,55254.0,55254.0,0,0.0,27.590795397698848,13.795397698849424,Dormant
C7594,1,50105.0,50105.0,0,0.0,25.015007503751875,12.507503751875937,Dormant
C7596,1,11084.0,11084.0,0,0.0,5.4947473736868435,2.7473736868434218,Dormant
C7597,1,8512.0,8512.0,0,0.0,4.2081040520260125,2.1040520260130062,Dormant
C7598,1,32521.0,32521.0,0,0.0,16.218609304652325,8.109304652326163,Dormant
C7599,1,48146.0,48146.0,0,0.0,24.03501750875438,12.01750875437719,Dormant
C7600,1,95648.0,95648.0,0,0.0,47.797898949474735,23.898949474737368,Dormant
C7602,1,7659.0,7659.0,0,0.0,3.7813906953476737,1.8906953476738368,Dormant
C7603,1,40431.0,40431.0,0,0.0,20.17558779389695,10.087793896948474,Dormant
C7604,2,39767.0,19883.5,49,2.0408163265306123,19.843421710855427,10.94211901869302,Dormant
C7605,1,68960.0,68960.0,0,0.0,34.4472236118059,17.22361180590295,Dormant
C7606,1,39780.0,39780.0,0,0.0,19.849924962481243,9.924962481240621,Dormant
C7609,3,186763.0,62254.333333333336,275,4.081632653061225,93.37818909454727,48.72991087380424,Low-Activity
C7610,2,54569.0,27284.5,184,2.0408163265306123,27.248124062031014,14.644470194280814,Dormant
C7611,1,50105.0,50105.0,0,0.0,25.015007503751875,12.507503751875937,Dormant
C7612,1,68844.0,68844.0,0,0.0,34.38919459729865,17.194597298649324,Dormant
C7614,4,213585.0,53396.25,219,6.122448979591836,100.0,53.06122448979592,Active
C7615,1,2429.0,2429.0,0,0.0,1.1650825412706354,0.5825412706353177,Dormant
C7616,2,106279.0,53139.5,85,2.0408163265306123,53.11605802901451,27.57843717777256,Low-Activity
C7617,3,137076.0,45692.0,275,4.081632653061225,68.52226113056528,36.30194689181325,Low-Activity
C7618,1,10452.0,10452.0,0,0.0,5.178589294647323,2.5892946473236615,Dormant
C7619,1,66373.0,66373.0,0,0.0,33.15307653826913,16.576538269134566,Dormant
C7620,2,109820.0,54910.0,65,2.0408163265306123,54.887443721860926,28.464130024195768,Low-Activity
C7622,2,115704.0,57852.0,250,2.0408163265306123,57.83091545772886,29.935865892129733,Low-Activity
C7623,1,81999.0,81999.0,0,0.0,40.96998499249625,20.484992496248125,Dormant
C7626,1,79639.0,79639.0,0,0.0,39.789394697348676,19.894697348674338,Dormant
C7628,2,110401.0,55200.5,186,2.0408163265306123,55.17808904452226,28.609452685526435,Low-Activity
C7629,3,128599.0,42866.333333333336,110,4.081632653061225,64.2816408204102,34.18163673673571,Low-Activity
C7630,1,88535.0,88535.0,0,0.0,44.23961980990495,22.119809904952476,Dormant
C7633,2,170011.0,85005.5,131,2.0408163265306123,84.99799899949974,43.51940766301518,Low-Activity
C7634,1,81484.0,81484.0,0,0.0,40.712356178089045,20.356178089044523,Dormant
C7635,3,106983.0,35661.0,58,4.081632653061225,53.468234117058536,28.77493338505988,Low-Activity
C7636,2,131620.0,65810.0,99,2.0408163265306123,65.79289644822411,33.916856387377365,Low-Activity
C7637,1,61963.0,61963.0,0,0.0,30.946973486743374,15.473486743371687,Dormant
C7638,2,72308.0,36154.0,168,2.0408163265306123,36.122061030515255,19.081438678522932,Dormant
C7639,2,81842.0,40921.0,28,2.0408163265306123,40.891445722861434,21.466131024696022,Dormant
C7640,1,72142.0,72142.0,0,0.0,36.03901950975488,18.01950975487744,Dormant
C7642,2,20162.0,10081.0,73,2.0408163265306123,10.036018009004502,6.038417167767557,Dormant
C7643,2,76137.0,38068.5,76,2.0408163265306123,38.037518759379694,20.039167542955152,Dormant
C7644,3,112016.0,37338.666666666664,68,4.081632653061225,55.98599299649825,30.033812824779737,Low-Activity
C7645,3,169046.0,56348.666666666664,70,4.081632653061225,84.51525762881441,44.298445140937815,Low-Activity
C7646,2,107856.0,53928.0,52,2.0408163265306123,53.90495247623812,27.972884401384366,Low-Activity
C7651,2,73276.0,36638.0,132,2.0408163265306123,36.60630315157579,19.3235597390532,Dormant
C7652,2,81055.0,40527.5,121,2.0408163265306123,40.497748874437214,21.269282600483912,Dormant
C7653,1,84248.0,84248.0,0,0.0,42.09504752376188,21.04752376188094,Dormant
C7654,1,49245.0,49245.0,0,0.0,24.5847923961981,12.29239619809905,Dormant
C7655,2,94191.0,47095.5,98,2.0408163265306123,47.06903451725863,24.55492542189462,Dormant
C7656,1,73152.0,73152.0,0,0.0,36.54427213606803,18.272136068034015,Dormant
C7657,1,88936.0,88936.0,0,0.0,44.44022011005503,22.220110055027515,Dormant
C7658,1,43086.0,43086.0,0,0.0,21.50375187593797,10.751875937968984,Dormant
C7659,1,23510.0,23510.0,0,0.0,11.710855427713856,5.855427713856928,Dormant
C7663,1,23961.0,23961.0,0,0.0,11.93646823411706,5.96823411705853,Dormant
C7665,2,45607.0,22803.5,42,2.0408163265306123,22.76488244122061,12.402849383875612,Dormant
C7666,1,20137.0,20137.0,0,0.0,10.023511755877939,5.0117558779389695,Dormant
C7667,1,50105.0,50105.0,0,0.0,25.015007503751875,12.507503751875937,Dormant
C7668,3,99357.0,33119.0,197,4.081632653061225,49.65332666333167,26.867479658196448,Low-Activity
C7671,2,110019.0,55009.5,37,2.0408163265306123,54.98699349674837,28.51390491163949,Low-Activity
C7673,2,79344.0,39672.0,76,2.0408163265306123,39.64182091045523,20.84131861849292,Dormant
C7674,1,99980.0,99980.0,0,0.0,49.96498249124562,24.98249124562281,Dormant
C7675,1,71417.0,71417.0,0,0.0,35.676338169084545,17.838169084542272,Dormant
C7676,1,69234.0,69234.0,0,0.0,34.58429214607304,17.29214607303652,Dormant
C7677,1,5360.0,5360.0,0,0.0,2.6313156578289143,1.3156578289144572,Dormant
C7678,1,50105.0,50105.0,0,0.0,25.015007503751875,12.507503751875937,Dormant
C7679,1,97356.0,97356.0,0,0.0,48.65232616308154,24.32616308154077,Dormant
C7680,2,102379.0,51189.5,259,2.0408163265306123,51.165082541270635,26.602949433900623,Low-Activity
C7681,3,132818.0,44272.666666666664,162,4.081632653061225,66.39219609804903,35.23691437555512,Low-Activity
C7683,4,240897.0,60224.25,267,6.122448979591836,100.0,53.06122448979592,Active
C7684,1,44621.0,44621.0,0,0.0,22.271635817908955,11.135817908954477,Dormant
C7686,2,102154.0,51077.0,178,2.0408163265306123,51.05252626313157,26.54667129483109,Low-Activity
C7687,1,92729.0,92729.0,0,0.0,46.33766883441721,23.168834417208604,Dormant
C7689,1,50331.0,50331.0,0,0.0,25.128064032016006,12.564032016008003,Dormant
C7691,2,61060.0,30530.0,254,2.0408163265306123,30.495247623811906,16.268031975171258,Dormant
C7694,3,201778.0,67259.33333333333,212,4.081632653061225,100.0,52.04081632653061,Active
C7696,2,112932.0,56466.0,112,2.0408163265306123,56.44422211105553,29.24251921879307,Low-Activity
C7697,2,87448.0,43724.0,14,2.0408163265306123,43.695847923961985,22.868332125246297,Dormant
C7701,2,86968.0,43484.0,23,2.0408163265306123,43.45572786393196,22.748272095231286,Dormant
C7702,1,15489.0,15489.0,0,0.0,7.698349174587293,3.8491745872936467,Dormant
C7704,5,231267.0,46253.4,109,8.16326530612245,100.0,54.08163265306123,Active
C7707,1,96990.0,96990.0,0,0.0,48.46923461730866,24.23461730865433,Dormant
C7708,2,143381.0,71690.5,163,2.0408163265306123,71.67633816908454,36.85857724780758,Low-Activity
C7709,2,59860.0,29930.0,176,2.0408163265306123,29.894947473736867,15.96788190013374,Dormant
C7710,1,31949.0,31949.0,0,0.0,15.932466233116557,7.9662331165582785,Dormant
C7711,2,155492.0,77746.0,85,2.0408163265306123,77.73486743371686,39.88784188012374,Low-Activity
C7713,1,75116.0,75116.0,0,0.0,37.52676338169085,18.763381690845424,Dormant
C7715,1,28323.0,28323.0,0,0.0,14.11855927963982,7.05927963981991,Dormant
C7716,1,66641.0,66641.0,0,0.0,33.28714357178589,16.643571785892945,Dormant
C7718,2,122830.0,61415.0,224,2.0408163265306123,61.395697848924456,31.718257087727533,Low-Activity
C7719,2,42566.0,21283.0,215,2.0408163265306123,21.243621810905452,11.642219068718033,Dormant
C7720,2,113022.0,56511.0,52,2.0408163265306123,56.489244622311155,29.265030474420882,Low-Activity
C7721,1,68199.0,68199.0,0,0.0,34.066533266633314,17.033266633316657,Dormant
C7722,2,85538.0,42769.0,127,2.0408163265306123,42.740370185092544,22.390593255811577,Dormant
C7726,2,124209.0,62104.5,47,2.0408163265306123,62.08554277138569,32.06317954895815,Low-Activity
C7727,1,12370.0,12370.0,0,0.0,6.138069034517259,3.0690345172586295,Dormant
C7728,1,86595.0,86595.0,0,0.0,43.26913456728364,21.63456728364182,Dormant
C7731,3,101449.0,33816.333333333336,88,4.081632653061225,50.69984992496248,27.390741289011853,Low-Activity
C7732,2,165240.0,82620.0,210,2.0408163265306123,82.61130565282642,42.32606098967852,Low-Activity
C7736,1,50105.0,50105.0,0,0.0,25.015007503751875,12.507503751875937,Dormant
C7737,2,151862.0,75931.0,91,2.0408163265306123,75.91895947973987,38.97988790313524,Low-Activity
C7738,2,155941.0,77970.5,77,2.0408163265306123,77.95947973986993,40.000148033200276,Low-Activity
C7739,1,60609.0,60609.0,0,0.0,30.269634817408704,15.134817408704352,Dormant
C7742,2,90054.0,45027.0,70,2.0408163265306123,44.999499749874936,23.520158038202773,Dormant
C7743,1,27928.0,27928.0,0,0.0,13.920960480240119,6.960480240120059,Dormant
C7744,2,74082.0,37041.0,185,2.0408163265306123,37.00950475237619,19.5251605394534,Dormant
C7745,1,27790.0,27790.0,0,0.0,13.85192596298149,6.925962981490745,Dormant
C7747,2,143627.0,71813.5,304,2.0408163265306123,71.79939969984991,36.920108013190266,Low-Activity
C7748,3,74960.0,24986.666666666668,311,4.081632653061225,37.44872436218109,20.765178507621158,Dormant
C7749,1,29104.0,29104.0,0,0.0,14.509254627313656,7.254627313656828,Dormant
C7751,1,15441.0,15441.0,0,0.0,7.674337168584292,3.837168584292146,Dormant
C7752,1,22303.0,22303.0,0,0.0,11.107053526763382,5.553526763381691,Dormant
C7754,1,99845.0,99845.0,0,0.0,49.89744872436218,24.94872436218109,Dormant
C7755,1,63094.0,63094.0,0,0.0,31.512756378189096,15.756378189094548,Dormant
C7761,1,36285.0,36285.0,0,0.0,18.101550775387693,9.050775387693847,Dormant
C7763,4,150165.0,37541.25,185,6.122448979591836,75.07003501750876,40.5962419985503,Low-Activity
C7764,2,111841.0,55920.5,233,2.0408163265306123,55.8984492246123,28.969632775571455,Low-Activity
C7766,5,284092.0,56818.4,327,8.16326530612245,100.0,54.08163265306123,Active
C7767,1,28103.0,28103.0,0,0.0,14.008504252126064,7.004252126063032,Dormant
C7768,1,9528.0,9528.0,0,0.0,4.716358179089545,2.3581790895447723,Dormant
C7770,2,113835.0,56917.5,2,2.0408163265306123,56.89594797398699,29.4683821502588,Low-Activity
C7771,2,136095.0,68047.5,239,2.0408163265306123,68.03151575787894,35.036166042204776,Low-Activity
C7772,2,36013.0,18006.5,106,2.0408163265306123,17.965482741370685,10.00314953395065,Dormant
C7773,1,52214.0,52214.0,0,0.0,26.07003501750875,13.035017508754375,Dormant
C7774,1,30977.0,30977.0,0,0.0,15.44622311155578,7.72311155577789,Dormant
C7776,1,14465.0,14465.0,0,0.0,7.186093046523262,3.593046523261631,Dormant
C7777,3,96805.0,32268.333333333332,186,4.081632653061225,48.37668834417209,26.229160498616658,Low-Activity
C7780,2,37849.0,18924.5,72,2.0408163265306123,18.883941970985493,10.462379148758053,Dormant
C7781,1,56428.0,56428.0,0,0.0,28.17808904452226,14.08904452226113,Dormant
C7782,2,111297.0,55648.5,165,2.0408163265306123,55.62631315657829,28.83356474155445,Low-Activity
C7783,2,65156.0,32578.0,113,2.0408163265306123,32.54427213606804,17.292544231299324,Dormant
C7784,1,14559.0,14559.0,0,0.0,7.23311655827914,3.61655827913957,Dormant
C7785,1,50105.0,50105.0,0,0.0,25.015007503751875,12.507503751875937,Dormant
C7786,1,22915.0,22915.0,0,0.0,11.413206603301651,5.7066033016508255,Dormant
C7787,1,50105.0,50105.0,0,0.0,25.015007503751875,12.507503751875937,Dormant
C7788,1,11730.0,11730.0,0,0.0,5.817908954477239,2.9089544772386193,Dormant
C7789,2,106408.0,53204.0,46,2.0408163265306123,53.18059029514758,27.610703310839096,Low-Activity
C7791,1,50105.0,50105.0,0,0.0,25.015007503751875,12.507503751875937,Dormant
C7792,2,142229.0,71114.5,106,2.0408163265306123,71.10005002501251,36.57043317577156,Low-Activity
C7793,1,34200.0,34200.0,0,0.0,17.058529264632316,8.529264632316158,Dormant
C7794,2,59372.0,29686.0,30,2.0408163265306123,29.650825412706354,15.845820869618484,Dormant
C7795,1,50105.0,50105.0,0,0.0,25.015007503751875,12.507503751875937,Dormant
C7796,1,50105.0,50105.0,0,0.0,25.015007503751875,12.507503751875937,Dormant
C7797,1,14744.0,14744.0,0,0.0,7.325662831415708,3.662831415707854,Dormant
C7799,3,151568.0,50522.666666666664,319,4.081632653061225,75.77188594297148,39.92675929801635,Low-Activity
C7800,1,2570.0,2570.0,0,0.0,1.2356178089044523,0.6178089044522261,Dormant
C7801,3,109898.0,36632.666666666664,145,4.081632653061225,54.926463231615806,29.504047942338516,Low-Activity
C7802,1,26198.0,26198.0,0,0.0,13.05552776388194,6.52776388194097,Dormant
C7805,1,4053.0,4053.0,0,0.0,1.977488744372186,0.988744372186093,Dormant
C7806,3,190299.0,63433.0,189,4.081632653061225,95.14707353676839,49.614353094914804,Low-Activity
C7807,1,22466.0,22466.0,0,0.0,11.188594297148574,5.594297148574287,Dormant
C7809,2,100210.0,50105.0,149,2.0408163265306123,50.08004002001001,26.06042817327031,Low-Activity
C7811,3,218720.0,72906.66666666667,277,4.081632653061225,100.0,52.04081632653061,Active
C7812,1,67658.0,67658.0,0,0.0,33.795897948974485,16.897948974487242,Dormant
C7813,1,3586.0,3586.0,0,0.0,1.743871935967984,0.871935967983992,Dormant
C7815,1,9488.0,9488.0,0,0.0,4.696348174087044,2.348174087043522,Dormant
C7816,1,95461.0,95461.0,0,0.0,47.704352176088044,23.852176088044022,Dormant
C7818,1,39051.0,39051.0,0,0.0,19.485242621310654,9.742621310655327,Dormant
C7819,2,159194.0,79597.0,309,2.0408163265306123,79.58679339669835,40.813804861614486,Low-Activity
C7820,1,50105.0,50105.0,0,0.0,25.015007503751875,12.507503751875937,Dormant
C7821,1,28052.0,28052.0,0,0.0,13.982991495747873,6.991495747873937,Dormant
C7823,2,112813.0,56406.5,234,2.0408163265306123,56.38469234617308,29.212754336351846,Low-Activity
C7825,1,18564.0,18564.0,0,0.0,9.236618309154577,4.618309154577289,Dormant
C7828,2,140904.0,70452.0,247,2.0408163265306123,70.43721860930465,36.239017467917634,Low-Activity
C7830,1,56535.0,56535.0,0,0.0,28.231615807903953,14.115807903951977,Dormant
C7833,2,45284.0,22642.0,148,2.0408163265306123,22.603301650825415,12.322058988678014,Dormant
C7837,3,170049.0,56683.0,217,4.081632653061225,85.01700850425212,44.54932057865667,Low-Activity
C7838,1,87400.0,87400.0,0,0.0,43.67183591795898,21.83591795897949,Dormant
C7839,2,21903.0,10951.5,89,2.0408163265306123,10.90695347673837,6.473884901634491,Dormant
C7841,2,112219.0,56109.5,242,2.0408163265306123,56.08754377188594,29.064180049208275,Low-Activity
C7843,2,145032.0,72516.0,65,2.0408163265306123,72.50225112556278,37.2715337260467,Low-Activity
C7845,1,17899.0,17899.0,0,0.0,8.903951975987994,4.451975987993997,Dormant
C7846,1,90066.0,90066.0,0,0.0,45.00550275137569,22.502751375687843,Dormant
C7849,2,122867.0,61433.5,41,2.0408163265306123,61.414207103551774,31.727511715041192,Low-Activity
C7850,1,71354.0,71354.0,0,0.0,35.6448224112056,17.8224112056028,Dormant
C7851,1,50105.0,50105.0,0,0.0,25.015007503751875,12.507503751875937,Dormant
C7852,6,394789.0,65798.16666666667,305,10.204081632653061,100.0,55.10204081632653,Active
C7853,1,42928.0,42928.0,0,0.0,21.424712356178087,10.712356178089044,Dormant
C7854,3,160901.0,53633.666666666664,102,4.081632653061225,80.44072036018008,42.26117650662065,Low-Activity
C7855,2,125059.0,62529.5,21,2.0408163265306123,62.510755377688845,32.27578585210973,Low-Activity
C7856,1,22000.0,22000.0,0,0.0,10.955477738869435,5.4777388694347176,Dormant
C7857,1,41485.0,41485.0,0,0.0,20.702851425712858,10.351425712856429,Dormant
C7858,1,50368.0,50368.0,0,0.0,25.14657328664332,12.57328664332166,Dormant
C7859,2,124014.0,62007.0,217,2.0408163265306123,61.987993996998505,32.01440516176456,Low-Activity
C7860,2,38785.0,19392.5,78,2.0408163265306123,19.352176088044022,10.696496207287318,Dormant
C7861,1,33624.0,33624.0,0,0.0,16.770385192596297,8.385192596298149,Dormant
C7862,2,89190.0,44595.0,62,2.0408163265306123,44.56728364182091,23.30404998417576,Dormant
C7863,1,55096.0,55096.0,0,0.0,27.51175587793897,13.755877938969485,Dormant
C7864,1,74897.0,74897.0,0,0.0,37.41720860430215,18.708604302151073,Dormant
C7865,1,62500.0,62500.0,0,0.0,31.21560780390195,15.607803901950975,Dormant
C7868,1,89932.0,89932.0,0,0.0,44.93846923461731,22.469234617308654,Dormant
C7869,4,222843.0,55710.75,215,6.122448979591836,100.0,53.06122448979592,Active
C7870,1,58386.0,58386.0,0,0.0,29.157578789394694,14.578789394697347,Dormant
C7871,1,50105.0,50105.0,0,0.0,25.015007503751875,12.507503751875937,Dormant
C7873,1,62187.0,62187.0,0,0.0,31.05902951475738,15.52951475737869,Dormant
C7875,2,158408.0,79204.0,107,2.0408163265306123,79.1935967983992,40.61720656246491,Low-Activity
C7877,1,33219.0,33219.0,0,0.0,16.56778389194597,8.283891945972986,Dormant
C7878,1,88728.0,88728.0,0,0.0,44.33616808404202,22.16808404202101,Dormant
C7881,3,160063.0,53354.333333333336,266,4.081632653061225,80.02151075537769,42.051571704219455,Low-Activity
C7882,1,83479.0,83479.0,0,0.0,41.710355177588795,20.855177588794398,Dormant
C7883,1,26876.0,26876.0,0,0.0,13.394697348674336,6.697348674337168,Dormant
C7884,1,66877.0,66877.0,0,0.0,33.40520260130065,16.702601300650326,Dormant
C7889,1,50105.0,50105.0,0,0.0,25.015007503751875,12.507503751875937,Dormant
C7890,1,53127.0,53127.0,0,0.0,26.52676338169084,13.26338169084542,Dormant
C7891,1,25965.0,25965.0,0,0.0,12.93896948474237,6.469484742371185,Dormant
C7892,2,51428.0,25714.0,142,2.0408163265306123,25.676838419209602,13.858827372870108,Dormant
C7893,2,56798.0,28399.0,44,2.0408163265306123,28.3631815907954,15.201998958663006,Dormant
C7894,1,78161.0,78161.0,0,0.0,39.050025012506254,19.525012506253127,Dormant
C7895,2,60506.0,30253.0,175,2.0408163265306123,30.218109054527265,16.12946269052894,Dormant
C7897,1,60438.0,60438.0,0,0.0,30.184092046023007,15.092046023011504,Dormant
C7898,1,18403.0,18403.0,0,0.0,9.156078039019508,4.578039019509754,Dormant
C7899,1,88518.0,88518.0,0,0.0,44.231115557778885,22.115557778889443,Dormant
C7900,2,124525.0,62262.5,152,2.0408163265306123,62.243621810905445,32.14221906871803,Low-Activity
C7901,2,145145.0,72572.5,142,2.0408163265306123,72.55877938969485,37.29979785811273,Low-Activity
C7902,1,8525.0,8525.0,0,0.0,4.214607303651826,2.107303651825913,Dormant
C7905,3,104377.0,34792.333333333336,187,4.081632653061225,52.16458229114558,28.123107472103403,Low-Activity
C7906,2,54379.0,27189.5,22,2.0408163265306123,27.153076538269133,14.596946432399873,Dormant
C7907,1,87909.0,87909.0,0,0.0,43.926463231615806,21.963231615807903,Dormant
C7908,1,50105.0,50105.0,0,0.0,25.015007503751875,12.507503751875937,Dormant
C7910,2,132841.0,66420.5,127,2.0408163265306123,66.40370185092547,34.222259088728045,Low-Activity
C7911,1,50105.0,50105.0,0,0.0,25.015007503751875,12.507503751875937,Dormant
C7912,1,563.0,563.0,0,0.0,0.23161580790395198,0.11580790395197599,Dormant
C7915,2,61971.0,30985.5,236,2.0408163265306123,30.95097548774387,16.495895907137243,Dormant
C7917,1,6759.0,6759.0,0,0.0,3.3311655827913955,1.6655827913956978,Dormant
C7919,2,38924.0,19462.0,171,2.0408163265306123,19.421710855427715,10.731263590979164,Dormant
C7922,1,34815.0,34815.0,0,0.0,17.36618309154577,8.683091545772886,Dormant
C7923,1,4554.0,4554.0,0,0.0,2.2281140570285145,1.1140570285142573,Dormant
C7924,3,132663.0,44221.0,151,4.081632653061225,66.31465732866432,35.19814499086277,Low-Activity
C7927,1,45919.0,45919.0,0,0.0,22.920960480240122,11.460480240120061,Dormant
C7928,2,81490.0,40745.0,15,2.0408163265306123,40.71535767883942,21.378087002685014,Dormant
C7929,2,75641.0,37820.5,113,2.0408163265306123,37.78939469734867,19.91510551193964,Dormant
C7936,1,67888.0,67888.0,0,0.0,33.91095547773887,16.955477738869433,Dormant
C7937,2,26365.0,13182.5,71,2.0408163265306123,13.139069534767383,7.589942930648998,Dormant
C7938,3,149187.0,49729.0,120,4.081632653061225,74.5807903951976,39.33121152412941,Low-Activity
C7939,1,35803.0,35803.0,0,0.0,17.860430215107552,8.930215107553776,Dormant
C7940,1,29125.0,29125.0,0,0.0,14.51975987993997,7.259879939969985,Dormant
C7941,3,86395.0,28798.333333333332,228,4.081632653061225,43.169084542271136,23.62535859766618,Dormant
C7942,1,5289.0,5289.0,0,0.0,2.5957978989494745,1.2978989494747373,Dormant
C7943,3,214612.0,71537.33333333333,230,4.081632653061225,100.0,52.04081632653061,Active
C7944,2,117216.0,58608.0,72,2.0408163265306123,58.58729364682341,30.31405498667701,Low-Activity
C7945,1,3707.0,3707.0,0,0.0,1.8044022011005503,0.9022011005502751,Dormant
C7947,2,113256.0,56628.0,224,2.0408163265306123,56.60630315157579,29.3235597390532,Low-Activity
C7948,1,60391.0,60391.0,0,0.0,30.160580290145074,15.080290145072537,Dormant
C7949,3,227432.0,75810.66666666667,163,4.081632653061225,100.0,52.04081632653061,Active
C7952,1,4364.0,4364.0,0,0.0,2.1330665332666334,1.0665332666333167,Dormant
C7953,1,77180.0,77180.0,0,0.0,38.55927963981991,19.279639819909956,Dormant
C7957,3,135956.0,45318.666666666664,37,4.081632653061225,67.96198099049525,36.021806821778235,Low-Activity
C7960,2,123494.0,61747.0,39,2.0408163265306123,61.727863931965985,31.884340129248297,Low-Activity
C7961,1,3802.0,3802.0,0,0.0,1.8519259629814908,0.9259629814907454,Dormant
C7963,3,86758.0,28919.333333333332,139,4.081632653061225,43.35067533766884,23.716153995365033,Dormant
C7964,1,58896.0,58896.0,0,0.0,29.41270635317659,14.706353176588294,Dormant
C7965,1,23097.0,23097.0,0,0.0,11.504252126063031,5.752126063031516,Dormant
C7966,2,95479.0,47739.5,149,2.0408163265306123,47.71335667833917,24.87708650243489,Dormant
C7967,1,73942.0,73942.0,0,0.0,36.93946973486744,18.46973486743372,Dormant
C7968,1,6603.0,6603.0,0,0.0,3.253126563281641,1.6265632816408204,Dormant
C7970,1,27532.0,27532.0,0,0.0,13.722861430715358,6.861430715357679,Dormant
C7971,2,63609.0,31804.5,155,2.0408163265306123,31.770385192596294,16.905600759563452,Dormant
C7972,1,30780.0,30780.0,0,0.0,15.34767383691846,7.67383691845923,Dormant
C7973,1,74045.0,74045.0,0,0.0,36.99099549774888,18.49549774887444,Dormant
C7974,1,15713.0,15713.0,0,0.0,7.8104052026013004,3.9052026013006502,Dormant
C7975,1,95373.0,95373.0,0,0.0,47.66033016508254,23.83016508254127,Dormant
C7976,2,97724.0,48862.0,181,2.0408163265306123,48.83641820910455,25.43861726781758,Low-Activity
C7979,2,96116.0,48058.0,15,2.0408163265306123,48.032016008004,25.036416167267305,Low-Activity
C7980,4,169472.0,42368.0,95,6.122448979591836,84.72836418209104,45.42540658084144,Low-Activity
C7981,5,232789.0,46557.8,273,8.16326530612245,100.0,54.08163265306123,Active
C7982,2,87513.0,43756.5,25,2.0408163265306123,43.72836418209104,22.884590254310826,Dormant
C7984,1,19546.0,19546.0,0,0.0,9.727863931965983,4.863931965982991,Dormant
C7985,3,181440.0,60480.0,173,4.081632653061225,90.71535767883941,47.398495165950315,Low-Activity
C7986,2,55381.0,27690.5,46,2.0408163265306123,27.654327163581794,14.847571745056204,Dormant
C7988,1,24788.0,24788.0,0,0.0,12.350175087543771,6.175087543771886,Dormant
C7989,1,27931.0,27931.0,0,0.0,13.922461230615307,6.961230615307653,Dormant
C7990,1,32971.0,32971.0,0,0.0,16.443721860930467,8.221860930465233,Dormant
C7991,1,55831.0,55831.0,0,0.0,27.879439719859928,13.939719859929964,Dormant
C7992,1,16124.0,16124.0,0,0.0,8.016008004002002,4.008004002001001,Dormant
C7993,2,96222.0,48111.0,120,2.0408163265306123,48.08504252126063,25.06292942389562,Low-Activity
C7995,1,15046.0,15046.0,0,0.0,7.476738369184592,3.738369184592296,Dormant
C7996,3,69280.0,23093.333333333332,241,4.081632653061225,34.60730365182591,19.344468152443568,Dormant
C7997,1,33350.0,33350.0,0,0.0,16.633316658329164,8.316658329164582,Dormant
C7998,4,108286.0,27071.5,279,6.122448979591836,54.120060030015004,30.12125450480342,Low-Activity
C7999,5,308299.0,61659.8,195,8.16326530612245,100.0,54.08163265306123,Active
C8000,2,153545.0,76772.5,56,2.0408163265306123,76.76088044022012,39.40084838337537,Low-Activity
C8001,1,75081.0,75081.0,0,0.0,37.50925462731366,18.75462731365683,Dormant
C8002,5,278168.0,55633.6,260,8.16326530612245,100.0,54.08163265306123,Active
C8003,1,50105.0,50105.0,0,0.0,25.015007503751875,12.507503751875937,Dormant
C8004,2,76348.0,38174.0,60,2.0408163265306123,38.14307153576789,20.09194393114925,Dormant
C8005,1,75467.0,75467.0,0,0.0,37.70235117558779,18.851175587793897,Dormant
C8006,1,83257.0,83257.0,0,0.0,41.599299649824914,20.799649824912457,Dormant
C8008,1,50330.0,50330.0,0,0.0,25.127563781890945,12.563781890945473,Dormant
C8009,2,157100.0,78550.0,194,2.0408163265306123,78.53926963481742,40.290042980674016,Low-Activity
C8010,1,22359.0,22359.0,0,0.0,11.135067533766883,5.567533766883441,Dormant
C8011,4,194445.0,48611.25,249,6.122448979591836,97.22111055527763,51.671779767434735,Active
C8012,1,93367.0,93367.0,0,0.0,46.656828414207105,23.328414207103553,Dormant
C8013,2,133461.0,66730.5,159,2.0408163265306123,66.71385692846424,34.37733662749743,Low-Activity
C8014,1,50754.0,50754.0,0,0.0,25.339669834917462,12.669834917458731,Dormant
C8016,2,156607.0,78303.5,261,2.0408163265306123,78.29264632316159,40.166731324846104,Low-Activity
C8018,1,62676.0,62676.0,0,0.0,31.303651825912958,15.651825912956479,Dormant
C8022,2,109121.0,54560.5,118,2.0408163265306123,54.537768884442215,28.289292605486413,Low-Activity
C8023,1,20122.0,20122.0,0,0.0,10.016008004002002,5.008004002001001,Dormant
C8024,2,139781.0,69890.5,111,2.0408163265306123,69.87543771885943,35.958127022695024,Low-Activity
C8025,1,29730.0,29730.0,0,0.0,14.822411205602801,7.411205602801401,Dormant
C8026,1,59245.0,59245.0,0,0.0,29.587293646823408,14.793646823411704,Dormant
C8027,3,70238.0,23412.666666666668,215,4.081632653061225,35.08654327163582,19.584087962348523,Dormant
C8028,1,67926.0,67926.0,0,0.0,33.92996498249124,16.96498249124562,Dormant
C8029,1,70543.0,70543.0,0,0.0,35.239119559779894,17.619559779889947,Dormant
C8031,2,75572.0,37786.0,1,2.0408163265306123,37.75487743871936,19.897846882624986,Dormant
C8032,3,131579.0,43859.666666666664,232,4.081632653061225,65.77238619309654,34.92700942307888,Low-Activity
C8034,1,13424.0,13424.0,0,0.0,6.665332666333167,3.3326663331665833,Dormant
C8035,2,74761.0,37380.5,49,2.0408163265306123,37.349174587293646,19.694995456912128,Dormant
C8036,3,124266.0,41422.0,139,4.081632653061225,62.11405702851426,33.097844840787744,Low-Activity
C8037,1,28163.0,28163.0,0,0.0,14.038519259629814,7.019259629814907,Dormant
C8039,1,37902.0,37902.0,0,0.0,18.910455227613806,9.455227613806903,Dormant
C8041,3,114532.0,38177.333333333336,325,4.081632653061225,57.24462231115558,30.663127482108404,Low-Activity
C8042,1,59344.0,59344.0,0,0.0,29.6368184092046,14.8184092046023,Dormant
C8043,2,26668.0,13334.0,328,2.0408163265306123,13.290645322661332,7.665730824595972,Dormant
C8044,1,17947.0,17947.0,0,0.0,8.927963981990995,4.463981990995498,Dormant
C8045,2,123010.0,61505.0,3,2.0408163265306123,61.485742871435725,31.763279598983168,Low-Activity
C8052,1,9169.0,9169.0,0,0.0,4.536768384192096,2.268384192096048,Dormant
C8054,1,59467.0,59467.0,0,0.0,29.698349174587296,14.849174587293648,Dormant
C8055,1,84372.0,84372.0,0,0.0,42.157078539269634,21.078539269634817,Dormant
C8056,1,73476.0,73476.0,0,0.0,36.706353176588294,18.353176588294147,Dormant
C8057,1,94869.0,94869.0,0,0.0,47.40820410205103,23.704102051025515,Dormant
C8058,1,42117.0,42117.0,0,0.0,21.019009504752376,10.509504752376188,Dormant
C8059,1,75281.0,75281.0,0,0.0,37.609304652326166,18.804652326163083,Dormant
C8060,2,70107.0,35053.5,98,2.0408163265306123,35.021010505252626,18.530913415891618,Dormant
C8062,4,227787.0,56946.75,142,6.122448979591836,100.0,53.06122448979592,Active
C8063,1,36530.0,36530.0,0,0.0,18.224112056028012,9.112056028014006,Dormant
C8064,2,59516.0,29758.0,301,2.0408163265306123,29.72286143071536,15.881838878622986,Dormant
C8065,1,96992.0,96992.0,0,0.0,48.47023511755878,24.23511755877939,Dormant
C8067,1,88848.0,88848.0,0,0.0,44.39619809904953,22.198099049524764,Dormant
C8069,5,174049.0,34809.8,219,8.16326530612245,87.01800900450225,47.59063715531235,Low-Activity
C8071,1,16111.0,16111.0,0,0.0,8.009504752376188,4.004752376188094,Dormant
C8072,1,68867.0,68867.0,0,0.0,34.40070035017509,17.200350175087546,Dormant
C8073,1,12381.0,12381.0,0,0.0,6.143571785892946,3.071785892946473,Dormant
C8074,1,82088.0,82088.0,0,0.0,41.01450725362682,20.50725362681341,Dormant
C8076,1,70290.0,70290.0,0,0.0,35.11255627813907,17.556278139069533,Dormant
C8079,1,8608.0,8608.0,0,0.0,4.256128064032016,2.128064032016008,Dormant
C8080,2,131635.0,65817.5,77,2.0408163265306123,65.80040020010006,33.92060826331534,Low-Activity
C8081,2,130268.0,65134.0,59,2.0408163265306123,65.11655827913957,33.57868730283509,Low-Activity
C8082,3,47743.0,15914.333333333334,271,4.081632653061225,23.83341670835418,13.957524680707701,Dormant
C8083,4,161860.0,40465.0,152,6.122448979591836,80.92046023011505,43.521454604853446,Low-Activity
C8084,1,19877.0,19877.0,0,0.0,9.89344672336168,4.94672336168084,Dormant
C8086,2,99585.0,49792.5,73,2.0408163265306123,49.76738369184592,25.904100009188266,Low-Activity
C8088,2,64251.0,32125.5,38,2.0408163265306123,32.09154577288644,17.066181049708526,Dormant
C8090,1,14742.0,14742.0,0,0.0,7.324662331165582,3.662331165582791,Dormant
C8091,1,95271.0,95271.0,0,0.0,47.60930465232616,23.80465232616308,Dormant
C8094,1,63523.0,63523.0,0,0.0,31.72736368184092,15.86368184092046,Dormant
C8095,1,73307.0,73307.0,0,0.0,36.621810905452726,18.310905452726363,Dormant
C8096,2,91600.0,45800.0,165,2.0408163265306123,45.77288644322161,23.90685138487611,Dormant
C8097,1,99373.0,99373.0,0,0.0,49.66133066533266,24.83066533266633,Dormant
C8098,2,182943.0,91471.5,37,2.0408163265306123,91.46723361680841,46.754024971669516,Low-Activity
C8099,5,233302.0,46660.4,309,8.16326530612245,100.0,54.08163265306123,Active
C8101,1,99423.0,99423.0,0,0.0,49.6863431715858,24.8431715857929,Dormant
C8102,3,71292.0,23764.0,280,4.081632653061225,35.61380690345173,19.84771977825648,Dormant
C8104,1,18085.0,18085.0,0,0.0,8.996998499249626,4.498499249624813,Dormant
C8105,1,90286.0,90286.0,0,0.0,45.11555777888944,22.55777888944472,Dormant
C8106,1,36265.0,36265.0,0,0.0,18.091545772886445,9.045772886443222,Dormant
C8108,1,91568.0,91568.0,0,0.0,45.75687843921961,22.878439219609806,Dormant
C8111,1,50105.0,50105.0,0,0.0,25.015007503751875,12.507503751875937,Dormant
C8112,1,50105.0,50105.0,0,0.0,25.015007503751875,12.507503751875937,Dormant
C8114,2,104899.0,52449.5,132,2.0408163265306123,52.42571285642822,27.233264591479415,Low-Activity
C8115,1,61357.0,61357.0,0,0.0,30.643821910955477,15.321910955477739,Dormant
C8116,1,72116.0,72116.0,0,0.0,36.02601300650325,18.013006503251624,Dormant
C8117,3,92116.0,30705.333333333332,137,4.081632653061225,46.03101550775388,25.056324080407553,Low-Activity
C8118,1,50105.0,50105.0,0,0.0,25.015007503751875,12.507503751875937,Dormant
C8119,2,110616.0,55308.0,249,2.0408163265306123,55.285642821410704,28.663229573970657,Low-Activity
C8121,1,68589.0,68589.0,0,0.0,34.261630815407706,17.130815407703853,Dormant
C8122,1,86562.0,86562.0,0,0.0,43.252626313156576,21.626313156578288,Dormant
C8123,1,57050.0,57050.0,0,0.0,28.489244622311155,14.244622311155577,Dormant
C8124,3,93329.0,31109.666666666668,127,4.081632653061225,46.63781890945472,25.359725781257975,Low-Activity
C8125,1,99915.0,99915.0,0,0.0,49.93246623311656,24.96623311655828,Dormant
C8126,2,175723.0,87861.5,141,2.0408163265306123,87.85542771385693,44.94812202019377,Low-Activity
C8127,2,149450.0,74725.0,245,2.0408163265306123,74.71235617808904,38.37658625230983,Low-Activity
C8128,2,110179.0,55089.5,59,2.0408163265306123,55.06703351675838,28.553924921644494,Low-Activity
C8129,2,128829.0,64414.5,64,2.0408163265306123,64.39669834917459,33.2187573378526,Low-Activity
C8130,2,130596.0,65298.0,250,2.0408163265306123,65.28064032016007,33.660728323345346,Low-Activity
C8131,1,18704.0,18704.0,0,0.0,9.306653326663332,4.653326663331666,Dormant
C8133,1,51923.0,51923.0,0,0.0,25.92446223111556,12.96223111555778,Dormant
C8135,2,87014.0,43507.0,97,2.0408163265306123,43.478739369684845,22.759777848107728,Dormant
C8137,1,94249.0,94249.0,0,0.0,47.09804902451226,23.54902451225613,Dormant
C8138,1,4788.0,4788.0,0,0.0,2.3451725862931467,1.1725862931465734,Dormant
C8140,2,131715.0,65857.5,22,2.0408163265306123,65.84042021010505,33.940618268317834,Low-Activity
C8141,2,53082.0,26541.0,10,2.0408163265306123,26.504252126063033,14.272534226296823,Dormant
C8143,2,88216.0,44108.0,113,2.0408163265306123,44.08004002001,23.060428173270306,Dormant
C8145,2,137715.0,68857.5,179,2.0408163265306123,68.84192096048024,35.44136864350543,Low-Activity
C8146,1,72553.0,72553.0,0,0.0,36.24462231115558,18.12231115557779,Dormant
C8147,2,92887.0,46443.5,43,2.0408163265306123,46.41670835417709,24.22876234035385,Dormant
C8148,1,83947.0,83947.0,0,0.0,41.94447223611806,20.97223611805903,Dormant
C8151,3,161746.0,53915.333333333336,146,4.081632653061225,80.86343171585793,42.472532184459574,Low-Activity
C8154,1,73053.0,73053.0,0,0.0,36.49474737368684,18.24737368684342,Dormant
C8155,1,23886.0,23886.0,0,0.0,11.89894947473737,5.949474737368685,Dormant
C8156,2,40772.0,20386.0,174,2.0408163265306123,20.34617308654327,11.193494706536942,Dormant
C8158,1,73469.0,73469.0,0,0.0,36.70285142571286,18.35142571285643,Dormant
C8160,2,94087.0,47043.5,292,2.0408163265306123,47.017008504252125,24.528912415391368,Dormant
C8161,1,42613.0,42613.0,0,0.0,21.267133566783393,10.633566783391696,Dormant
C8162,2,101822.0,50911.0,256,2.0408163265306123,50.88644322161081,26.46362977407071,Low-Activity
C8164,3,167854.0,55951.333333333336,190,4.081632653061225,83.91895947973987,44.000296066400544,Low-Activity
C8165,1,7660.0,7660.0,0,0.0,3.7818909454727363,1.8909454727363681,Dormant
C8166,1,19776.0,19776.0,0,0.0,9.842921460730365,4.921460730365182,Dormant
C8167,1,59481.0,59481.0,0,0.0,29.70535267633817,14.852676338169085,Dormant
C8169,2,65728.0,32864.0,38,2.0408163265306123,32.8304152076038,17.435615767067205,Dormant
C8170,2,161289.0,80644.5,63,2.0408163265306123,80.63481740870435,41.337816867617484,Low-Activity
C8171,2,120448.0,60224.0,113,2.0408163265306123,60.20410205102551,31.12245918877806,Low-Activity
C8173,1,51115.0,51115.0,0,0.0,25.520260130065033,12.760130065032516,Dormant
C8174,1,67435.0,67435.0,0,0.0,33.68434217108554,16.84217108554277,Dormant
C8175,2,139974.0,69987.0,99,2.0408163265306123,69.9719859929965,36.006401159763556,Low-Activity
C8177,1,16083.0,16083.0,0,0.0,7.995497748874437,3.9977488744372187,Dormant
C8178,1,66115.0,66115.0,0,0.0,33.024012006003,16.5120060030015,Dormant
C8179,2,82431.0,41215.5,177,2.0408163265306123,41.18609304652326,21.613454686526936,Dormant
C8183,2,159551.0,79775.5,221,2.0408163265306123,79.76538269134568,40.90309950893815,Low-Activity
C8184,1,7141.0,7141.0,0,0.0,3.5222611305652824,1.7611305652826412,Dormant
C8185,1,43886.0,43886.0,0,0.0,21.903951975987994,10.951975987993997,Dormant
C8186,3,150815.0,50271.666666666664,79,4.081632653061225,75.3951975987994,39.73841512593031,Low-Activity
C8187,2,33303.0,16651.5,3,2.0408163265306123,16.609804902451224,9.325310614490919,Dormant
C8188,1,53046.0,53046.0,0,0.0,26.486243121560783,13.243121560780391,Dormant
C8189,1,14246.0,14246.0,0,0.0,7.076538269134567,3.5382691345672836,Dormant
C8190,3,141231.0,47077.0,125,4.081632653061225,70.6008004002001,37.34121652663066,Low-Activity
C8192,5,212571.0,42514.2,177,8.16326530612245,100.0,54.08163265306123,Active
C8193,1,1723.0,1723.0,0,0.0,0.8119059529764883,0.40595297648824413,Dormant
C8194,1,80298.0,80298.0,0,0.0,40.11905952976488,20.05952976488244,Dormant
C8195,1,89903.0,89903.0,0,0.0,44.9239619809905,22.46198099049525,Dormant
C8196,2,115642.0,57821.0,47,2.0408163265306123,57.799899949974986,29.920358138252798,Low-Activity
C8204,1,14127.0,14127.0,0,0.0,7.017008504252126,3.508504252126063,Dormant
C8205,1,47678.0,47678.0,0,0.0,23.80090045022511,11.900450225112555,Dormant
C8206,5,291833.0,58366.6,318,8.16326530612245,100.0,54.08163265306123,Active
C8207,1,9060.0,9060.0,0,0.0,4.48224112056028,2.24112056028014,Dormant
C8208,1,37033.0,37033.0,0,0.0,18.475737868934466,9.237868934467233,Dormant
C8209,2,39465.0,19732.5,6,2.0408163265306123,19.692346173086545,10.86658124980858,Dormant
C8210,2,64662.0,32331.0,48,2.0408163265306123,32.29714857428714,17.168982450408876,Dormant
C8211,3,194621.0,64873.666666666664,253,4.081632653061225,97.30915457728865,50.695393615174936,Active
C8212,1,67785.0,67785.0,0,0.0,33.859429714857434,16.929714857428717,Dormant
C8213,1,50105.0,50105.0,0,0.0,25.015007503751875,12.507503751875937,Dormant
C8214,2,19422.0,9711.0,240,2.0408163265306123,9.66583291645823,5.853324621494421,Dormant
C8215,1,16409.0,16409.0,0,0.0,8.158579289644823,4.079289644822412,Dormant
C8216,1,80221.0,80221.0,0,0.0,40.08054027013507,20.040270135067534,Dormant
C8218,2,119010.0,59505.0,168,2.0408163265306123,59.4847423711856,30.762779348858103,Low-Activity
C8219,1,30070.0,30070.0,0,0.0,14.992496248124063,7.496248124062031,Dormant
C8221,1,2763.0,2763.0,0,0.0,1.3321660830415207,0.6660830415207604,Dormant
C8224,1,78925.0,78925.0,0,0.0,39.43221610805402,19.71610805402701,Dormant
C8225,1,50105.0,50105.0,0,0.0,25.015007503751875,12.507503751875937,Dormant
C8226,5,336905.0,67381.0,289,8.16326530612245,100.0,54.08163265306123,Active
C8227,1,73856.0,73856.0,0,0.0,36.896448224112056,18.448224112056028,Dormant
C8229,1,65610.0,65610.0,0,0.0,32.77138569284642,16.38569284642321,Dormant
C8230,1,90279.0,90279.0,0,0.0,45.11205602801401,22.556028014007005,Dormant
C8232,3,286523.0,95507.66666666667,155,4.081632653061225,100.0,52.04081632653061,Active
C8233,1,70888.0,70888.0,0,0.0,35.41170585292646,17.70585292646323,Dormant
C8234,1,86670.0,86670.0,0,0.0,43.30665332666333,21.653326663331665,Dormant
C8235,2,75814.0,37907.0,153,2.0408163265306123,37.87593796898449,19.95837714775755,Dormant
C8236,3,185263.0,61754.333333333336,75,4.081632653061225,92.62781390695348,48.35472328000735,Low-Activity
C8237,1,90449.0,90449.0,0,0.0,45.19709854927464,22.59854927463732,Dormant
C8238,1,63407.0,63407.0,0,0.0,31.669334667333665,15.834667333666832,Dormant
C8239,2,125087.0,62543.5,227,2.0408163265306123,62.52476238119059,32.2827893538606,Low-Activity
C8240,3,167161.0,55720.333333333336,250,4.081632653061225,83.57228614307154,43.82695939806638,Low-Activity
C8241,2,5320.0,2660.0,17,2.0408163265306123,2.611305652826413,2.3260609896785125,Dormant
C8242,1,7232.0,7232.0,0,0.0,3.5677838919459726,1.7838919459729863,Dormant
C8243,1,96929.0,96929.0,0,0.0,48.43871935967984,24.21935967983992,Dormant
C8244,2,115724.0,57862.0,203,2.0408163265306123,57.840920460230116,29.940868393380363,Low-Activity
C8245,1,82196.0,82196.0,0,0.0,41.068534267133565,20.534267133566782,Dormant
C8246,2,71774.0,35887.0,75,2.0408163265306123,35.85492746373187,18.94787189513124,Dormant
C8248,1,8690.0,8690.0,0,0.0,4.297148574287143,2.1485742871435716,Dormant
C8249,1,89503.0,89503.0,0,0.0,44.723861930965484,22.361930965482742,Dormant
C8251,1,60267.0,60267.0,0,0.0,30.09854927463732,15.04927463731866,Dormant
C8252,1,54921.0,54921.0,0,0.0,27.424212106053027,13.712106053026513,Dormant
C8253,1,63971.0,63971.0,0,0.0,31.951475737868932,15.975737868934466,Dormant
C8254,2,104438.0,52219.0,28,2.0408163265306123,52.195097548774385,27.117956937652497,Low-Activity
C8255,1,12464.0,12464.0,0,0.0,6.185092546273137,3.0925462731365685,Dormant
C8256,1,5397.0,5397.0,0,0.0,2.649824912456228,1.324912456228114,Dormant
C8257,2,94917.0,47458.5,192,2.0408163265306123,47.43221610805403,24.73651621729232,Dormant
C8258,1,49678.0,49678.0,0,0.0,24.801400700350175,12.400700350175088,Dormant
C8259,1,76465.0,76465.0,0,0.0,38.2016008004002,19.1008004002001,Dormant
C8260,2,63985.0,31992.5,143,2.0408163265306123,31.95847923961981,16.99964778307521,Dormant
C8262,3,135276.0,45092.0,149,4.081632653061225,67.62181090545273,35.85172177925698,Low-Activity
C8263,2,14882.0,7441.0,279,2.0408163265306123,7.394697348674336,4.717756837602474,Dormant
C8264,2,100210.0,50105.0,263,2.0408163265306123,50.08004002001001,26.06042817327031,Low-Activity
C8265,2,183842.0,91921.0,9,2.0408163265306123,91.91695847923963,46.97888740288512,Low-Activity
C8266,3,203929.0,67976.33333333333,323,4.081632653061225,100.0,52.04081632653061,Active
C8269,2,194977.0,97488.5,4,2.0408163265306123,97.4872436218109,49.76402997417076,Low-Activity
C8270,1,5945.0,5945.0,0,0.0,2.9239619809904953,1.4619809904952477,Dormant
C8271,1,90279.0,90279.0,0,0.0,45.11205602801401,22.556028014007005,Dormant
C8272,1,27115.0,27115.0,0,0.0,13.514257128564283,6.757128564282142,Dormant
C8273,1,97439.0,97439.0,0,0.0,48.693846923461734,24.346923461730867,Dormant
C8274,1,63679.0,63679.0,0,0.0,31.805402701350676,15.902701350675338,Dormant
C8279,1,56320.0,56320.0,0,0.0,28.124062031015505,14.062031015507753,Dormant
C8280,3,47407.0,15802.333333333334,78,4.081632653061225,23.665332666333168,13.873482659697196,Dormant
C8281,1,21378.0,21378.0,0,0.0,10.64432216108054,5.32216108054027,Dormant
C8282,3,220804.0,73601.33333333333,206,4.081632653061225,100.0,52.04081632653061,Active
C8283,1,68964.0,68964.0,0,0.0,34.44922461230615,17.224612306153077,Dormant
C8285,1,13443.0,13443.0,0,0.0,6.674837418709354,3.337418709354677,Dormant
C8287,2,102331.0,51165.5,139,2.0408163265306123,51.14107053526763,26.59094343089912,Low-Activity
C8288,2,97628.0,48814.0,40,2.0408163265306123,48.78839419709855,25.41460526181458,Low-Activity
C8291,3,163668.0,54556.0,254,4.081632653061225,81.82491245622812,42.95327255464467,Low-Activity
C8292,1,51127.0,51127.0,0,0.0,25.526263131565784,12.763131565782892,Dormant
C8294,2,64345.0,32172.5,62,2.0408163265306123,32.13856928464232,17.089692805586466,Dormant
C8295,2,138463.0,69231.5,144,2.0408163265306123,69.21610805402702,35.62846219027882,Low-Activity
C8296,1,50105.0,50105.0,0,0.0,25.015007503751875,12.507503751875937,Dormant
C8297,2,68446.0,34223.0,157,2.0408163265306123,34.19009504752376,18.115455687027186,Dormant
C8299,2,81524.0,40762.0,69,2.0408163265306123,40.73236618309154,21.386591254811076,Dormant
C8304,1,50105.0,50105.0,0,0.0,25.015007503751875,12.507503751875937,Dormant
C8308,1,53402.0,53402.0,0,0.0,26.664332166083042,13.332166083041521,Dormant
C8309,1,90624.0,90624.0,0,0.0,45.284642321160575,22.642321160580288,Dormant
C8310,1,72262.0,72262.0,0,0.0,36.099049524762385,18.049524762381193,Dormant
C8311,3,92252.0,30750.666666666668,99,4.081632653061225,46.09904952476238,25.090341088911803,Low-Activity
C8312,2,42762.0,21381.0,206,2.0408163265306123,21.34167083541771,11.691243580974161,Dormant
C8313,2,130662.0,65331.0,130,2.0408163265306123,65.3136568284142,33.67723657747241,Low-Activity
C8314,3,162215.0,54071.666666666664,238,4.081632653061225,81.09804902451225,42.589840838786735,Low-Activity
C8318,1,51039.0,51039.0,0,0.0,25.48224112056028,12.74112056028014,Dormant
C8320,2,169674.0,84837.0,2,2.0408163265306123,84.82941470735368,43.43511551694215,Low-Activity
C8321,1,50105.0,50105.0,0,0.0,25.015007503751875,12.507503751875937,Dormant
C8322,1,38717.0,38717.0,0,0.0,19.31815907953977,9.659079539769886,Dormant
C8323,1,34437.0,34437.0,0,0.0,17.177088544272138,8.588544272136069,Dormant
C8325,2,152847.0,76423.5,272,2.0408163265306123,76.41170585292646,39.22626108972854,Low-Activity
C8326,1,55603.0,55603.0,0,0.0,27.765382691345675,13.882691345672837,Dormant
C8327,1,83630.0,83630.0,0,0.0,41.78589294647323,20.892946473236616,Dormant
C8328,1,55844.0,55844.0,0,0.0,27.885942971485743,13.942971485742872,Dormant
C8329,3,225813.0,75271.0,20,4.081632653061225,100.0,52.04081632653061,Active
C8330,1,98731.0,98731.0,0,0.0,49.34017008504252,24.67008504252126,Dormant
C8331,2,41646.0,20823.0,56,2.0408163265306123,20.783391695847925,11.41210401118927,Dormant
C8332,1,30741.0,30741.0,0,0.0,15.32816408204102,7.66408204102051,Dormant
C8334,1,24989.0,24989.0,0,0.0,12.450725362681341,6.225362681340671,Dormant
C8338,2,130178.0,65089.0,51,2.0408163265306123,65.07153576788394,33.55617604720728,Low-Activity
C8339,2,122570.0,61285.0,95,2.0408163265306123,61.2656328164082,31.653224571469405,Low-Activity
C8340,2,148347.0,74173.5,83,2.0408163265306123,74.16058029014508,38.10069830833785,Low-Activity
C8342,1,87361.0,87361.0,0,0.0,43.65232616308154,21.82616308154077,Dormant
C8343,1,50105.0,50105.0,0,0.0,25.015007503751875,12.507503751875937,Dormant
C8345,4,102960.0,25740.0,305,6.122448979591836,51.45572786393197,28.789088421761903,Low-Activity
C8347,3,128873.0,42957.666666666664,37,4.081632653061225,64.41870935467733,34.250171003869276,Low-Activity
C8349,1,35830.0,35830.0,0,0.0,17.87393696848424,8.93696848424212,Dormant
C8350,1,37616.0,37616.0,0,0.0,18.767383691845925,9.383691845922963,Dormant
C8351,2,130826.0,65413.0,111,2.0408163265306123,65.39569784892446,33.71825708772754,Low-Activity
C8352,2,123707.0,61853.5,217,2.0408163265306123,61.8344172086043,31.937616767567455,Low-Activity
C8353,1,83960.0,83960.0,0,0.0,41.950975487743875,20.975487743871938,Dormant
C8354,1,12266.0,12266.0,0,0.0,6.086043021510756,3.043021510755378,Dormant
C8355,1,40852.0,40852.0,0,0.0,20.386193096548276,10.193096548274138,Dormant
C8357,2,62952.0,31476.0,200,2.0408163265306123,31.441720860430216,16.741268593480413,Dormant
C8358,2,91503.0,45751.5,73,2.0408163265306123,45.72436218109054,23.882589253810576,Dormant
C8361,1,30102.0,30102.0,0,0.0,15.008504252126063,7.504252126063031,Dormant
C8362,1,44993.0,44993.0,0,0.0,22.457728864432216,11.228864432216108,Dormant
C8364,1,58801.0,58801.0,0,0.0,29.365182591295646,14.682591295647823,Dormant
C8365,1,27762.0,27762.0,0,0.0,13.837918959479738,6.918959479739869,Dormant
C8366,1,1878.0,1878.0,0,0.0,0.8894447223611806,0.4447223611805903,Dormant
C8367,2,97883.0,48941.5,134,2.0408163265306123,48.915957978989496,25.478387152760053,Low-Activity
C8368,4,292032.0,73008.0,265,6.122448979591836,100.0,53.06122448979592,Active
C8370,3,111017.0,37005.666666666664,36,4.081632653061225,55.48624312156078,29.783937887311005,Low-Activity
C8371,2,88279.0,44139.5,251,2.0408163265306123,44.111555777888945,23.076186052209778,Dormant
C8372,2,70570.0,35285.0,57,2.0408163265306123,35.252626313156576,18.646721319843593,Dormant
C8373,2,65424.0,32712.0,149,2.0408163265306123,32.67833916958479,17.3595777480577,Dormant
C8374,2,85796.0,42898.0,250,2.0408163265306123,42.86943471735868,22.455125521944645,Dormant
C8376,1,67845.0,67845.0,0,0.0,33.889444722361176,16.944722361180588,Dormant
C8377,1,33890.0,33890.0,0,0.0,16.90345172586293,8.451725862931465,Dormant
C8378,5,237453.0,47490.6,108,8.16326530612245,100.0,54.08163265306123,Active
C8379,1,53948.0,53948.0,0,0.0,26.937468734367183,13.468734367183592,Dormant
C8380,2,92974.0,46487.0,167,2.0408163265306123,46.46023011505753,24.25052322079407,Dormant
C8381,1,47394.0,47394.0,0,0.0,23.658829414707352,11.829414707353676,Dormant
C8382,4,127639.0,31909.75,327,6.122448979591836,63.80140070035017,34.961924839971005,Low-Activity
C8383,1,8763.0,8763.0,0,0.0,4.333666833416708,2.166833416708354,Dormant
C8384,1,50105.0,50105.0,0,0.0,25.015007503751875,12.507503751875937,Dormant
C8385,3,148029.0,49343.0,281,4.081632653061225,74.00150075037519,39.0415667017182,Low-Activity
C8388,1,85178.0,85178.0,0,0.0,42.560280140070034,21.280140070035017,Dormant
C8389,2,135288.0,67644.0,150,2.0408163265306123,67.62781390695348,34.83431511674205,Low-Activity
C8390,1,50105.0,50105.0,0,0.0,25.015007503751875,12.507503751875937,Dormant
C8391,1,33054.0,33054.0,0,0.0,16.485242621310654,8.242621310655327,Dormant
C8392,3,140831.0,46943.666666666664,236,4.081632653061225,70.40070035017509,37.24116650161815,Low-Activity
C8393,1,14295.0,14295.0,0,0.0,7.101050525262631,3.5505252626313153,Dormant
C8394,4,257397.0,64349.25,285,6.122448979591836,100.0,53.06122448979592,Active
C8395,1,53738.0,53738.0,0,0.0,26.832416208104053,13.416208104052027,Dormant
C8396,3,134168.0,44722.666666666664,63,4.081632653061225,67.06753376688344,35.57458320997233,Low-Activity
C8397,2,107122.0,53561.0,32,2.0408163265306123,53.537768884442215,27.789292605486413,Low-Activity
C8398,2,103144.0,51572.0,91,2.0408163265306123,51.547773886943475,26.794295106737042,Low-Activity
C8399,3,172248.0,57416.0,205,4.081632653061225,86.11705852926464,45.09934559116293,Low-Activity
C8400,3,109313.0,36437.666666666664,299,4.081632653061225,54.63381690845422,29.357724780757724,Low-Activity
C8404,2,130154.0,65077.0,93,2.0408163265306123,65.05952976488244,33.55017304570653,Low-Activity
C8406,1,88954.0,88954.0,0,0.0,44.44922461230615,22.224612306153077,Dormant
C8407,1,41140.0,41140.0,0,0.0,20.530265132566285,10.265132566283143,Dormant
C8408,1,61844.0,61844.0,0,0.0,30.88744372186093,15.443721860930465,Dormant
C8409,2,117422.0,58711.0,194,2.0408163265306123,58.69034517258629,30.36558074955845,Low-Activity
C8410,1,37132.0,37132.0,0,0.0,18.52526263131566,9.26263131565783,Dormant
C8411,1,9145.0,9145.0,0,0.0,4.5247623811905955,2.2623811905952977,Dormant
C8412,1,7344.0,7344.0,0,0.0,3.623811905952976,1.811905952976488,Dormant
C8413,1,97991.0,97991.0,0,0.0,48.969984992496244,24.484992496248122,Dormant
C8415,2,46510.0,23255.0,90,2.0408163265306123,23.216608304152075,12.628712315341344,Dormant
C8416,1,83496.0,83496.0,0,0.0,41.718859429714854,20.859429714857427,Dormant
C8418,2,88930.0,44465.0,4,2.0408163265306123,44.43721860930465,23.23901746791763,Dormant
C8419,2,44380.0,22190.0,210,2.0408163265306123,22.151075537768886,12.09594593214975,Dormant
C8420,3,229596.0,76532.0,326,4.081632653061225,100.0,52.04081632653061,Active
C8421,2,45271.0,22635.5,153,2.0408163265306123,22.5967983991996,12.318807362865106,Dormant
C8422,2,98985.0,49492.5,70,2.0408163265306123,49.4672336168084,25.754024971669505,Low-Activity
C8423,2,100598.0,50299.0,216,2.0408163265306123,50.274137068534266,26.157476697532438,Low-Activity
C8424,1,50105.0,50105.0,0,0.0,25.015007503751875,12.507503751875937,Dormant
C8426,1,91780.0,91780.0,0,0.0,45.86293146573286,22.93146573286643,Dormant
C8427,2,165543.0,82771.5,57,2.0408163265306123,82.76288144072036,42.40184888362549,Low-Activity
C8429,1,72623.0,72623.0,0,0.0,36.27963981990995,18.139819909954976,Dormant
C8430,1,50105.0,50105.0,0,0.0,25.015007503751875,12.507503751875937,Dormant
C8431,1,4071.0,4071.0,0,0.0,1.9864932466233116,0.9932466233116558,Dormant
C8432,3,182013.0,60671.0,186,4.081632653061225,91.00200100050026,47.54181682678074,Low-Activity
C8433,2,66191.0,33095.5,111,2.0408163265306123,33.062031015507756,17.551423671019183,Dormant
C8435,1,84344.0,84344.0,0,0.0,42.14307153576789,21.071535767883944,Dormant
C8436,2,2635.0,1317.5,191,2.0408163265306123,1.2681340670335166,1.6544751967820646,Dormant
C8437,2,61654.0,30827.0,68,2.0408163265306123,30.79239619809905,16.41660626231483,Dormant
C8440,1,44319.0,44319.0,0,0.0,22.12056028014007,11.060280140070034,Dormant
C8441,1,31397.0,31397.0,0,0.0,15.656328164082042,7.828164082041021,Dormant
C8444,1,67954.0,67954.0,0,0.0,33.943971985993,16.9719859929965,Dormant
C8445,1,93025.0,93025.0,0,0.0,46.48574287143572,23.24287143571786,Dormant
C8446,4,292742.0,73185.5,113,6.122448979591836,100.0,53.06122448979592,Active
C8447,1,17928.0,17928.0,0,0.0,8.918459229614808,4.459229614807404,Dormant
C8448,1,41042.0,41042.0,0,0.0,20.481240620310153,10.240620310155077,Dormant
C8449,1,87255.0,87255.0,0,0.0,43.599299649824914,21.799649824912457,Dormant
C8450,2,31628.0,15814.0,145,2.0408163265306123,15.771885942971487,8.90635113475105,Dormant
C8451,1,28071.0,28071.0,0,0.0,13.992496248124061,6.9962481240620304,Dormant
C8452,1,55520.0,55520.0,0,0.0,27.723861930965484,13.861930965482742,Dormant
C8454,1,56333.0,56333.0,0,0.0,28.130565282641324,14.065282641320662,Dormant
C8455,1,3382.0,3382.0,0,0.0,1.6418209104552277,0.8209104552276139,Dormant
C8456,1,25333.0,25333.0,0,0.0,12.622811405702853,6.3114057028514265,Dormant
C8460,1,73680.0,73680.0,0,0.0,36.80840420210105,18.404202101050526,Dormant
C8461,1,50244.0,50244.0,0,0.0,25.084542271135568,12.542271135567784,Dormant
C8462,1,17901.0,17901.0,0,0.0,8.904952476238119,4.4524762381190595,Dormant
C8464,1,98349.0,98349.0,0,0.0,49.14907453726863,24.574537268634316,Dormant
C8465,2,92567.0,46283.5,52,2.0408163265306123,46.256628314157076,24.148722320343843,Dormant
C8467,1,3343.0,3343.0,0,0.0,1.6223111555777887,0.8111555777888944,Dormant
C8468,2,97166.0,48583.0,240,2.0408163265306123,48.55727863931966,25.299047482925136,Low-Activity
C8469,1,13693.0,13693.0,0,0.0,6.7998999499749875,3.3999499749874937,Dormant
C8470,2,127828.0,63914.0,56,2.0408163265306123,63.89594797398699,32.968382150258805,Low-Activity
C8473,1,58709.0,58709.0,0,0.0,29.319159579789893,14.659579789894947,Dormant
C8475,1,29147.0,29147.0,0,0.0,14.530765382691346,7.265382691345673,Dormant
C8478,3,135919.0,45306.333333333336,214,4.081632653061225,67.94347173586793,36.012552194464575,Low-Activity
C8479,1,67846.0,67846.0,0,0.0,33.88994497248624,16.94497248624312,Dormant
C8480,2,116256.0,58128.0,32,2.0408163265306123,58.10705352676339,30.073934926647,Low-Activity
C8481,1,47766.0,47766.0,0,0.0,23.844922461230617,11.922461230615308,Dormant
C8482,1,61656.0,61656.0,0,0.0,30.793396698349174,15.396698349174587,Dormant
C8483,2,34478.0,17239.0,183,2.0408163265306123,17.1975987993997,9.619207562965157,Dormant
C8485,2,129764.0,64882.0,212,2.0408163265306123,64.86443221610806,33.45262427131934,Low-Activity
C8486,1,47810.0,47810.0,0,0.0,23.866933466733368,11.933466733366684,Dormant
C8489,2,81044.0,40522.0,292,2.0408163265306123,40.492246123061534,21.266531224796072,Dormant
C8490,2,114883.0,57441.5,104,2.0408163265306123,57.420210105052526,29.730513215791568,Low-Activity
C8491,1,85314.0,85314.0,0,0.0,42.62831415707854,21.31415707853927,Dormant
C8492,1,84490.0,84490.0,0,0.0,42.21610805402701,21.108054027013505,Dormant
C8493,1,76402.0,76402.0,0,0.0,38.170085042521265,19.085042521260632,Dormant
C8494,2,137971.0,68985.5,152,2.0408163265306123,68.96998499249625,35.505400659513434,Low-Activity
C8496,1,6511.0,6511.0,0,0.0,3.207103551775888,1.603551775887944,Dormant
C8498,2,114439.0,57219.5,1,2.0408163265306123,57.198099049524764,29.619457688027687,Low-Activity
C8500,1,9334.0,9334.0,0,0.0,4.619309654827414,2.309654827413707,Dormant
C8503,1,99460.0,99460.0,0,0.0,49.70485242621311,24.852426213106554,Dormant
C8504,2,98706.0,49353.0,131,2.0408163265306123,49.327663831915956,25.684240079223283,Low-Activity
C8505,1,49055.0,49055.0,0,0.0,24.489744872436216,12.244872436218108,Dormant
C8507,1,39737.0,39737.0,0,0.0,19.82841420710355,9.914207103551774,Dormant
C8509,2,131481.0,65740.5,148,2.0408163265306123,65.72336168084043,33.88208900368552,Low-Activity
C8511,1,50105.0,50105.0,0,0.0,25.015007503751875,12.507503751875937,Dormant
C8512,1,97071.0,97071.0,0,0.0,48.50975487743872,24.25487743871936,Dormant
C8513,1,85515.0,85515.0,0,0.0,42.728864432216106,21.364432216108053,Dormant
C8519,3,172656.0,57552.0,147,4.081632653061225,86.32116058029014,45.20139661667568,Low-Activity
C8520,1,55686.0,55686.0,0,0.0,27.806903451725862,13.903451725862931,Dormant
C8521,1,95292.0,95292.0,0,0.0,47.619809904952476,23.809904952476238,Dormant
C8522,2,140172.0,70086.0,187,2.0408163265306123,70.07103551775889,36.05592592214475,Low-Activity
C8523,1,75229.0,75229.0,0,0.0,37.58329164582291,18.791645822911455,Dormant
C8525,1,50105.0,50105.0,0,0.0,25.015007503751875,12.507503751875937,Dormant
C8526,2,99114.0,49557.0,30,2.0408163265306123,49.53176588294147,25.78629110473604,Low-Activity
C8527,1,28857.0,28857.0,0,0.0,14.385692846423211,7.192846423211606,Dormant
C8529,1,70772.0,70772.0,0,0.0,35.353676838419204,17.676838419209602,Dormant
C8531,3,194347.0,64782.333333333336,255,4.081632653061225,97.17208604302151,50.626859348041364,Active
C8532,1,41405.0,41405.0,0,0.0,20.662831415707856,10.331415707853928,Dormant
C8533,1,33196.0,33196.0,0,0.0,16.556278139069537,8.278139069534769,Dormant
C8537,1,21699.0,21699.0,0,0.0,10.804902451225614,5.402451225612807,Dormant
C8538,1,5253.0,5253.0,0,0.0,2.5777888944472234,1.2888944472236117,Dormant
C8540,1,39070.0,39070.0,0,0.0,19.494747373686845,9.747373686843423,Dormant
C8542,1,18781.0,18781.0,0,0.0,9.345172586293145,4.672586293146573,Dormant
C8543,2,94502.0,47251.0,219,2.0408163265306123,47.22461230615308,24.632714316341843,Dormant
C8544,3,137614.0,45871.333333333336,219,4.081632653061225,68.79139569784893,36.43651417545507,Low-Activity
C8545,2,78925.0,39462.5,191,2.0408163265306123,39.43221610805402,20.736516217292316,Dormant
C8546,2,114193.0,57096.5,62,2.0408163265306123,57.07503751875937,29.55792692264499,Low-Activity
C8547,1,80763.0,80763.0,0,0.0,40.35167583791896,20.17583791895948,Dormant
C8548,3,82168.0,27389.333333333332,302,4.081632653061225,41.05452726363182,22.568079958346523,Dormant
C8549,1,4599.0,4599.0,0,0.0,2.2506253126563283,1.1253126563281641,Dormant
C8550,1,71947.0,71947.0,0,0.0,35.94147073536769,17.970735367683844,Dormant
C8552,1,23766.0,23766.0,0,0.0,11.838919459729864,5.919459729864932,Dormant
C8554,1,55433.0,55433.0,0,0.0,27.680340170085042,13.840170085042521,Dormant
C8555,1,78848.0,78848.0,0,0.0,39.39369684842421,19.696848424212106,Dormant
C8557,2,149205.0,74602.5,2,2.0408163265306123,74.58979489744873,38.31530561198967,Low-Activity
C8560,2,94970.0,47485.0,82,2.0408163265306123,47.45872936468234,24.749772845606476,Dormant
C8561,2,108410.0,54205.0,182,2.0408163265306123,54.18209104552276,28.111453686026685,Low-Activity
C8564,1,91418.0,91418.0,0,0.0,45.68184092046023,22.840920460230116,Dormant
C8565,1,9382.0,9382.0,0,0.0,4.643321660830415,2.3216608304152073,Dormant
C8566,1,48418.0,48418.0,0,0.0,24.171085542771387,12.085542771385693,Dormant
C8568,1,43685.0,43685.0,0,0.0,21.803401700850426,10.901700850425213,Dormant
C8569,1,99772.0,99772.0,0,0.0,49.86093046523262,24.93046523261631,Dormant
C8570,3,237219.0,79073.0,138,4.081632653061225,100.0,52.04081632653061,Active
C8572,1,50105.0,50105.0,0,0.0,25.015007503751875,12.507503751875937,Dormant
C8573,1,62094.0,62094.0,0,0.0,31.012506253126563,15.506253126563282,Dormant
C8574,3,179823.0,59941.0,314,4.081632653061225,89.90645322661331,46.994042939837264,Low-Activity
C8575,1,95841.0,95841.0,0,0.0,47.894447223611806,23.947223611805903,Dormant
C8576,1,93045.0,93045.0,0,0.0,46.49574787393697,23.247873936968485,Dormant
C8577,1,63832.0,63832.0,0,0.0,31.881940970485246,15.940970485242623,Dormant
C8579,2,88443.0,44221.5,30,2.0408163265306123,44.1935967983992,23.117206562464904,Dormant
C8581,1,94066.0,94066.0,0,0.0,47.006503251625816,23.503251625812908,Dormant
C8586,1,19671.0,19671.0,0,0.0,9.790395197598798,4.895197598799399,Dormant
C8587,2,109112.0,54556.0,46,2.0408163265306123,54.53326663331666,28.287041479923634,Low-Activity
C8593,1,4484.0,4484.0,0,0.0,2.193096548274137,1.0965482741370685,Dormant
C8594,1,94438.0,94438.0,0,0.0,47.19259629814908,23.59629814907454,Dormant
C8595,2,85041.0,42520.5,285,2.0408163265306123,42.49174587293647,22.26628109973354,Dormant
C8597,1,50105.0,50105.0,0,0.0,25.015007503751875,12.507503751875937,Dormant
C8598,1,78621.0,78621.0,0,0.0,39.28014007003502,19.64007003501751,Dormant
C8600,1,47713.0,47713.0,0,0.0,23.8184092046023,11.90920460230115,Dormant
C8601,1,34445.0,34445.0,0,0.0,17.18109054527264,8.59054527263632,Dormant
C8602,1,32808.0,32808.0,0,0.0,16.36218109054527,8.181090545272635,Dormant
C8604,2,129947.0,64973.5,257,2.0408163265306123,64.95597798899449,33.498397157762554,Low-Activity
C8605,3,160741.0,53580.333333333336,73,4.081632653061225,80.36068034017009,42.221156496615656,Low-Activity
C8607,3,140035.0,46678.333333333336,24,4.081632653061225,70.00250125062531,37.04206695184327,Low-Activity
C8609,1,75824.0,75824.0,0,0.0,37.88094047023512,18.94047023511756,Dormant
C8610,2,45044.0,22522.0,256,2.0408163265306123,22.483241620810404,12.262028973670509,Dormant
C8611,1,87581.0,87581.0,0,0.0,43.76238119059529,21.881190595297646,Dormant
C8612,1,50105.0,50105.0,0,0.0,25.015007503751875,12.507503751875937,Dormant
C8614,3,109595.0,36531.666666666664,183,4.081632653061225,54.774887443721866,29.428260048391547,Low-Activity
C8616,3,148603.0,49534.333333333336,149,4.081632653061225,74.28864432216108,39.18513848761115,Low-Activity
C8617,1,29169.0,29169.0,0,0.0,14.54177088544272,7.27088544272136,Dormant
C8618,1,47736.0,47736.0,0,0.0,23.82991495747874,11.91495747873937,Dormant
C8619,4,189128.0,47282.0,279,6.122448979591836,94.56128064032015,50.34186480995599,Active
C8620,1,36732.0,36732.0,0,0.0,18.32516258129065,9.162581290645324,Dormant
C8622,1,64557.0,64557.0,0,0.0,32.24462231115558,16.12231115557779,Dormant
C8623,1,69379.0,69379.0,0,0.0,34.656828414207105,17.328414207103553,Dormant
C8624,1,35714.0,35714.0,0,0.0,17.81590795397699,8.907953976988495,Dormant
C8629,2,136220.0,68110.0,22,2.0408163265306123,68.09404702351176,35.06743167502119,Low-Activity
C8630,4,237517.0,59379.25,348,6.122448979591836,100.0,53.06122448979592,Active
C8631,3,110599.0,36866.333333333336,221,4.081632653061225,55.277138569284645,29.679385611172936,Low-Activity
C8632,1,83254.0,83254.0,0,0.0,41.59779889944972,20.79889944972486,Dormant
C8633,1,62748.0,62748.0,0,0.0,31.339669834917462,15.669834917458731,Dormant
C8634,1,65622.0,65622.0,0,0.0,32.777388694347174,16.388694347173587,Dormant
C8635,1,57983.0,57983.0,0,0.0,28.955977988994498,14.477988994497249,Dormant
C8636,1,55818.0,55818.0,0,0.0,27.872936468234116,13.936468234117058,Dormant
C8637,2,114938.0,57469.0,37,2.0408163265306123,57.44772386193097,29.74427009423079,Low-Activity
C8638,1,16077.0,16077.0,0,0.0,7.992496248124062,3.996248124062031,Dormant
C8640,1,50105.0,50105.0,0,0.0,25.015007503751875,12.507503751875937,Dormant
C8641,3,130930.0,43643.333333333336,258,4.081632653061225,65.44772386193097,34.764678257496094,Low-Activity
C8642,2,123122.0,61561.0,23,2.0408163265306123,61.54177088544272,31.791293605986667,Low-Activity
C8643,2,81888.0,40944.0,335,2.0408163265306123,40.91445722861431,21.47763677757246,Dormant
C8644,3,199910.0,66636.66666666667,62,4.081632653061225,99.95497748874436,52.01830507090279,Active
C8645,1,50105.0,50105.0,0,0.0,25.015007503751875,12.507503751875937,Dormant
C8647,2,68861.0,34430.5,23,2.0408163265306123,34.397698849424714,18.219257587977662,Dormant
C8648,1,53299.0,53299.0,0,0.0,26.6128064032016,13.3064032016008,Dormant
C8650,1,32752.0,32752.0,0,0.0,16.33416708354177,8.167083541770886,Dormant
C8651,2,16363.0,8181.5,170,2.0408163265306123,8.135567783891947,5.088192055211279,Dormant
C8652,1,82973.0,82973.0,0,0.0,41.45722861430715,20.728614307153574,Dormant
C8653,1,12266.0,12266.0,0,0.0,6.086043021510756,3.043021510755378,Dormant
C8657,3,208889.0,69629.66666666667,317,4.081632653061225,100.0,52.04081632653061,Active
C8658,1,48011.0,48011.0,0,0.0,23.967483741870936,11.983741870935468,Dormant
C8659,1,63351.0,63351.0,0,0.0,31.641320660330162,15.820660330165081,Dormant
C8661,1,86798.0,86798.0,0,0.0,43.37068534267134,21.68534267133567,Dormant
C8663,1,13154.0,13154.0,0,0.0,6.530265132566283,3.2651325662831416,Dormant
C8667,1,1582.0,1582.0,0,0.0,0.7413706853426714,0.3706853426713357,Dormant
C8668,1,98455.0,98455.0,0,0.0,49.202101050525265,24.601050525262632,Dormant
C8669,2,96166.0,48083.0,49,2.0408163265306123,48.05702851425713,25.04892242039387,Low-Activity
C8670,2,117093.0,58546.5,253,2.0408163265306123,58.52576288144073,30.28328960398567,Low-Activity
C8673,1,24831.0,24831.0,0,0.0,12.37168584292146,6.18584292146073,Dormant
C8674,3,199094.0,66364.66666666667,282,4.081632653061225,99.54677338669335,51.81420301987728,Active
C8675,2,137093.0,68546.5,117,2.0408163265306123,68.53076538269136,35.28579085461099,Low-Activity
C8678,3,148459.0,49486.333333333336,107,4.081632653061225,74.21660830415207,39.14912047860665,Low-Activity
C8679,2,51815.0,25907.5,86,2.0408163265306123,25.870435217608804,13.955625772069709,Dormant
C8680,1,50105.0,50105.0,0,0.0,25.015007503751875,12.507503751875937,Dormant
C8683,1,63320.0,63320.0,0,0.0,31.625812906453227,15.812906453226613,Dormant
C8684,1,18205.0,18205.0,0,0.0,9.057028514257128,4.528514257128564,Dormant
C8686,2,22911.0,11455.5,98,2.0408163265306123,11.4112056028014,6.726010964666006,Dormant
C8687,1,82481.0,82481.0,0,0.0,41.21110555277639,20.605552776388194,Dormant
C8688,1,52636.0,52636.0,0,0.0,26.281140570285146,13.140570285142573,Dormant
C8689,2,13331.0,6665.5,19,2.0408163265306123,6.618809404702351,4.329812865616482,Dormant
C8690,2,71494.0,35747.0,11,2.0408163265306123,35.71485742871436,18.877836877622485,Dormant
C8692,2,60886.0,30443.0,176,2.0408163265306123,30.408204102051023,16.224510214290817,Dormant
C8693,3,82194.0,27398.0,260,4.081632653061225,41.06753376688344,22.574583209972335,Dormant
C8694,3,202125.0,67375.0,172,4.081632653061225,100.0,52.04081632653061,Active
C8697,3,196309.0,65436.333333333336,87,4.081632653061225,98.15357678839419,51.117604720727705,Active
C8699,1,1751.0,1751.0,0,0.0,0.8259129564782391,0.4129564782391196,Dormant
C8701,3,205801.0,68600.33333333333,120,4.081632653061225,100.0,52.04081632653061,Active
C8703,1,96047.0,96047.0,0,0.0,47.99749874937469,23.998749374687346,Dormant
C8705,3,137223.0,45741.0,113,4.081632653061225,68.59579789894947,36.338715276005345,Low-Activity
C8706,1,92924.0,92924.0,0,0.0,46.4352176088044,23.2176088044022,Dormant
C8707,1,44780.0,44780.0,0,0.0,22.351175587793897,11.175587793896948,Dormant
C8709,1,90398.0,90398.0,0,0.0,45.171585792896444,22.585792896448222,Dormant
C8710,3,152725.0,50908.333333333336,67,4.081632653061225,76.35067533766883,40.216153995365026,Low-Activity
C8714,3,75159.0,25053.0,171,4.081632653061225,37.54827413706853,20.81495339506488,Dormant
C8715,2,147419.0,73709.5,139,2.0408163265306123,73.69634817408705,37.86858225030883,Low-Activity
C8718,2,62775.0,31387.5,251,2.0408163265306123,31.353176588294147,16.69699645741238,Dormant
C8721,1,96364.0,96364.0,0,0.0,48.15607803901951,24.078039019509756,Dormant
C8723,1,73499.0,73499.0,0,0.0,36.71785892946473,18.358929464732366,Dormant
C8725,1,45206.0,45206.0,0,0.0,22.564282141070535,11.282141070535268,Dormant
C8727,4,91978.0,22994.5,202,6.122448979591836,45.96198099049525,26.042214985043543,Low-Activity
C8730,3,64952.0,21650.666666666668,131,4.081632653061225,32.44222111055527,18.26192688180825,Dormant
C8734,3,151205.0,50401.666666666664,222,4.081632653061225,75.59029514757378,39.8359639003175,Low-Activity
C8736,2,122212.0,61106.0,150,2.0408163265306123,61.08654327163582,31.563679799083214,Low-Activity
C8737,3,109461.0,36487.0,26,4.081632653061225,54.70785392696348,29.394743290012354,Low-Activity
C8739,1,11269.0,11269.0,0,0.0,5.587293646823412,2.793646823411706,Dormant
C8740,2,130920.0,65460.0,44,2.0408163265306123,65.44272136068034,33.74176884360548,Low-Activity
C8741,2,147893.0,73946.5,335,2.0408163265306123,73.93346673336669,37.98714152994865,Low-Activity
C8742,2,100461.0,50230.5,8,2.0408163265306123,50.205602801400694,26.123209563965652,Low-Activity
C8743,2,58180.0,29090.0,11,2.0408163265306123,29.05452726363182,15.547671795081216,Dormant
C8746,1,6225.0,6225.0,0,0.0,3.0640320160080043,1.5320160080040022,Dormant
C8750,1,61131.0,61131.0,0,0.0,30.530765382691342,15.265382691345671,Dormant
C8751,1,47285.0,47285.0,0,0.0,23.604302151075537,11.802151075537768,Dormant
C8754,2,74844.0,37422.0,62,2.0408163265306123,37.390695347673834,19.715755837102222,Dormant
C8755,1,76730.0,76730.0,0,0.0,38.33416708354177,19.167083541770886,Dormant
C8756,2,106229.0,53114.5,18,2.0408163265306123,53.091045522761384,27.565930924645997,Low-Activity
C8758,3,197791.0,65930.33333333333,345,4.081632653061225,98.89494747373688,51.48829006339905,Active
C8759,2,60600.0,30300.0,250,2.0408163265306123,30.265132566283143,16.152974446406876,Dormant
C8761,1,29342.0,29342.0,0,0.0,14.62831415707854,7.31415707853927,Dormant
C8763,1,86053.0,86053.0,0,0.0,42.99799899949975,21.498999499749875,Dormant
C8764,1,79869.0,79869.0,0,0.0,39.90445222611306,19.95222611305653,Dormant
C8766,2,78627.0,39313.5,321,2.0408163265306123,39.28314157078539,20.661978948658,Dormant
C8767,1,10376.0,10376.0,0,0.0,5.140570285142571,2.5702851425712856,Dormant
C8768,2,41116.0,20558.0,237,2.0408163265306123,20.518259129564782,11.279537728047698,Dormant
C8769,2,92536.0,46268.0,96,2.0408163265306123,46.241120560280145,24.140968443405377,Dormant
C8770,1,50105.0,50105.0,0,0.0,25.015007503751875,12.507503751875937,Dormant
C8773,1,39753.0,39753.0,0,0.0,19.836418209104554,9.918209104552277,Dormant
C8774,1,47038.0,47038.0,0,0.0,23.480740370185092,11.740370185092546,Dormant
C8776,3,205006.0,68335.33333333333,199,4.081632653061225,100.0,52.04081632653061,Active
C8777,3,205243.0,68414.33333333333,335,4.081632653061225,100.0,52.04081632653061,Active
C8778,2,119932.0,59966.0,130,2.0408163265306123,59.945972986493246,30.993394656511928,Low-Activity
C8783,2,76221.0,38110.5,46,2.0408163265306123,38.07953976988494,20.060178048207774,Dormant
C8785,1,10033.0,10033.0,0,0.0,4.968984492246123,2.4844922461230614,Dormant
C8786,1,22101.0,22101.0,0,0.0,11.00600300150075,5.503001500750375,Dormant
C8787,1,86299.0,86299.0,0,0.0,43.12106053026513,21.560530265132567,Dormant
C8788,2,94692.0,47346.0,3,2.0408163265306123,47.319659829914954,24.680238078222782,Dormant
C8789,2,36590.0,18295.0,172,2.0408163265306123,18.254127063531765,10.14747169503119,Dormant
C8790,2,71006.0,35503.0,137,2.0408163265306123,35.470735367683844,18.755775847107227,Dormant
C8795,3,186701.0,62233.666666666664,296,4.081632653061225,93.3471735867934,48.71440311992731,Low-Activity
C8797,1,58437.0,58437.0,0,0.0,29.18309154577289,14.591545772886445,Dormant
C8798,1,27511.0,27511.0,0,0.0,13.712356178089044,6.856178089044522,Dormant
C8799,1,20106.0,20106.0,0,0.0,10.008004002001,5.0040020010005,Dormant
C8804,4,238284.0,59571.0,317,6.122448979591836,100.0,53.06122448979592,Active
C8805,1,73579.0,73579.0,0,0.0,36.757878939469734,18.378939469734867,Dormant
C8806,1,3337.0,3337.0,0,0.0,1.619309654827414,0.809654827413707,Dormant
C8807,1,96842.0,96842.0,0,0.0,48.3951975987994,24.1975987993997,Dormant
C8812,1,10648.0,10648.0,0,0.0,5.27663831915958,2.63831915957979,Dormant
C8813,3,160640.0,53546.666666666664,281,4.081632653061225,80.31015507753877,42.19589386529999,Low-Activity
C8815,1,79523.0,79523.0,0,0.0,39.73136568284142,19.86568284142071,Dormant
C8817,1,52327.0,52327.0,0,0.0,26.12656328164082,13.06328164082041,Dormant
C8818,1,1816.0,1816.0,0,0.0,0.8584292146073036,0.4292146073036518,Dormant
C8819,1,75283.0,75283.0,0,0.0,37.61030515257629,18.805152576288144,Dormant
C8820,2,123899.0,61949.5,49,2.0408163265306123,61.93046523261631,31.98564077957346,Low-Activity
C8822,1,60273.0,60273.0,0,0.0,30.101550775387693,15.050775387693847,Dormant
C8823,2,101309.0,50654.5,8,2.0408163265306123,50.62981490745373,26.33531561699217,Low-Activity
C8824,1,54557.0,54557.0,0,0.0,27.242121060530266,13.621060530265133,Dormant
C8825,2,162008.0,81004.0,11,2.0408163265306123,80.99449724862431,41.517656787577465,Low-Activity
C8827,1,72479.0,72479.0,0,0.0,36.20760380190095,18.103801900950476,Dormant
C8829,2,35235.0,17617.5,145,2.0408163265306123,17.576288144072034,9.808552235301324,Dormant
C8830,2,100923.0,50461.5,221,2.0408163265306123,50.43671835917959,26.2387673428551,Low-Activity
C8832,2,113140.0,56570.0,152,2.0408163265306123,56.54827413706853,29.29454523179957,Low-Activity
C8833,6,333276.0,55546.0,330,10.204081632653061,100.0,55.10204081632653,Active
C8835,1,14115.0,14115.0,0,0.0,7.011005502751376,3.505502751375688,Dormant
C8837,2,52820.0,26410.0,28,2.0408163265306123,26.373186593296648,14.20700145991363,Dormant
C8838,1,51469.0,51469.0,0,0.0,25.697348674337167,12.848674337168584,Dormant
C8842,2,135564.0,67782.0,61,2.0408163265306123,67.76588294147074,34.903349634000676,Low-Activity
C8843,2,162174.0,81087.0,90,2.0408163265306123,81.07753876938469,41.55917754795765,Low-Activity
C8844,1,92963.0,92963.0,0,0.0,46.45472736368184,23.22736368184092,Dormant
C8845,2,153922.0,76961.0,207,2.0408163265306123,76.94947473736869,39.49514553194965,Low-Activity
C8846,2,139427.0,69713.5,131,2.0408163265306123,69.69834917458729,35.869582750558955,Low-Activity
C8847,1,95864.0,95864.0,0,0.0,47.905952976488244,23.952976488244122,Dormant
C8848,3,132055.0,44018.333333333336,230,4.081632653061225,66.01050525262632,35.04606895284377,Low-Activity
C8849,3,110196.0,36732.0,249,4.081632653061225,55.075537768884445,29.578585210972836,Low-Activity
C8850,1,12973.0,12973.0,0,0.0,6.439719859929966,3.219859929964983,Dormant
C8851,2,123362.0,61681.0,0,2.0408163265306123,61.66183091545773,31.85132362099417,Low-Activity
C8853,1,52161.0,52161.0,0,0.0,26.043521760880438,13.021760880440219,Dormant
C8855,1,50105.0,50105.0,0,0.0,25.015007503751875,12.507503751875937,Dormant
C8856,2,55445.0,27722.5,69,2.0408163265306123,27.686343171585793,14.863579749058204,Dormant
C8857,2,60147.0,30073.5,177,2.0408163265306123,30.038519259629815,16.039667793080213,Dormant
C8858,1,48171.0,48171.0,0,0.0,24.04752376188094,12.02376188094047,Dormant
C8860,2,92760.0,46380.0,75,2.0408163265306123,46.35317658829415,24.19699645741238,Dormant
C8862,1,49908.0,49908.0,0,0.0,24.916458229114557,12.458229114557279,Dormant
C8863,2,20119.0,10059.5,87,2.0408163265306123,10.014507253626812,6.027661790078712,Dormant
C8864,1,50105.0,50105.0,0,0.0,25.015007503751875,12.507503751875937,Dormant
C8865,1,61740.0,61740.0,0,0.0,30.83541770885443,15.417708854427215,Dormant
C8866,2,96860.0,48430.0,146,2.0408163265306123,48.40420210105052,25.222509213790566,Low-Activity
C8867,4,130389.0,32597.25,127,6.122448979591836,65.17708854427214,35.64976876193199,Low-Activity
C8868,1,59400.0,59400.0,0,0.0,29.664832416208103,14.832416208104052,Dormant
C8869,3,139552.0,46517.333333333336,79,4.081632653061225,69.7608804402201,36.92125654664066,Low-Activity
C8870,1,27690.0,27690.0,0,0.0,13.801900950475238,6.900950475237619,Dormant
C8871,2,137003.0,68501.5,106,2.0408163265306123,68.48574287143572,35.26327959898317,Low-Activity
C8872,1,21058.0,21058.0,0,0.0,10.48424212106053,5.242121060530265,Dormant
C8874,1,50105.0,50105.0,0,0.0,25.015007503751875,12.507503751875937,Dormant
C8875,2,78174.0,39087.0,178,2.0408163265306123,39.05652826413207,20.54867229533134,Dormant
C8876,4,177004.0,44251.0,240,6.122448979591836,88.49624812406202,47.30934855182693,Low-Activity
C8878,1,60782.0,60782.0,0,0.0,30.356178089044523,15.178089044522261,Dormant
C8880,2,101797.0,50898.5,323,2.0408163265306123,50.873936968484244,26.457376647507427,Low-Activity
C8887,2,110327.0,55163.5,172,2.0408163265306123,55.14107053526763,28.59094343089912,Low-Activity
C8888,1,2365.0,2365.0,0,0.0,1.1330665332666334,0.5665332666333167,Dormant
C8890,1,75841.0,75841.0,0,0.0,37.88944472236118,18.94472236118059,Dormant
C8891,2,102601.0,51300.5,145,2.0408163265306123,51.276138069034516,26.658477197782563,Low-Activity
C8892,2,123733.0,61866.5,32,2.0408163265306123,61.84742371185593,31.94412001919327,Low-Activity
C8893,1,13175.0,13175.0,0,0.0,6.540770385192596,3.270385192596298,Dormant
C8894,1,92176.0,92176.0,0,0.0,46.06103051525763,23.030515257628814,Dormant
C8896,1,90195.0,90195.0,0,0.0,45.07003501750875,22.535017508754375,Dormant
C8898,1,91820.0,91820.0,0,0.0,45.88294147073537,22.941470735367684,Dormant
C8901,2,123493.0,61746.5,188,2.0408163265306123,61.72736368184092,31.884090004185765,Low-Activity
C8902,3,193303.0,64434.333333333336,175,4.081632653061225,96.64982491245622,50.36572878275872,Active
C8903,1,25736.0,25736.0,0,0.0,12.82441220610305,6.412206103051525,Dormant
C8904,2,60805.0,30402.5,84,2.0408163265306123,30.36768384192096,16.204250084225787,Dormant
C8905,1,45878.0,45878.0,0,0.0,22.900450225112557,11.450225112556279,Dormant
C8906,2,106701.0,53350.5,19,2.0408163265306123,53.32716358179089,27.68398995416075,Low-Activity
C8909,1,36917.0,36917.0,0,0.0,18.417708854427215,9.208854427213607,Dormant
C8910,3,130085.0,43361.666666666664,73,4.081632653061225,65.02501250625312,34.55332257965717,Low-Activity
C8913,1,99097.0,99097.0,0,0.0,49.523261630815405,24.761630815407702,Dormant
C8915,1,45454.0,45454.0,0,0.0,22.68834417208604,11.34417208604302,Dormant
C8916,1,55700.0,55700.0,0,0.0,27.813906953476735,13.906953476738368,Dormant
C8919,1,4465.0,4465.0,0,0.0,2.183591795897949,1.0917958979489746,Dormant
C8922,1,85110.0,85110.0,0,0.0,42.526263131565784,21.263131565782892,Dormant
C8923,1,50105.0,50105.0,0,0.0,25.015007503751875,12.507503751875937,Dormant
C8925,1,50105.0,50105.0,0,0.0,25.015007503751875,12.507503751875937,Dormant
C8926,1,7471.0,7471.0,0,0.0,3.687343671835918,1.843671835917959,Dormant
C8927,3,178155.0,59385.0,215,4.081632653061225,89.072036018009,46.57683433553511,Low-Activity
C8928,3,81490.0,27163.333333333332,107,4.081632653061225,40.71535767883942,22.398495165950322,Dormant
C8929,1,79450.0,79450.0,0,0.0,39.694847423711856,19.847423711855928,Dormant
C8933,3,129570.0,43190.0,158,4.081632653061225,64.76738369184592,34.42450817245357,Low-Activity
C8935,1,36845.0,36845.0,0,0.0,18.38169084542271,9.190845422711355,Dormant
C8937,1,10570.0,10570.0,0,0.0,5.237618809404703,2.6188094047023514,Dormant
C8938,3,191725.0,63908.333333333336,113,4.081632653061225,95.86043021510756,49.97103143408439,Low-Activity
C8939,4,265703.0,66425.75,262,6.122448979591836,100.0,53.06122448979592,Active
C8940,1,63711.0,63711.0,0,0.0,31.821410705352676,15.910705352676338,Dormant
C8941,1,11555.0,11555.0,0,0.0,5.730365182591295,2.8651825912956475,Dormant
C8942,2,173324.0,86662.0,55,2.0408163265306123,86.65532766383191,44.348071995181265,Low-Activity
C8943,2,163855.0,81927.5,288,2.0408163265306123,81.9184592296148,41.97963777807271,Low-Activity
C8950,2,94344.0,47172.0,30,2.0408163265306123,47.145572786393195,24.593194556461903,Dormant
C8951,3,139052.0,46350.666666666664,311,4.081632653061225,69.51075537768885,36.796194015375036,Low-Activity
C8952,2,119990.0,59995.0,58,2.0408163265306123,59.97498749374688,31.007901910138745,Low-Activity
C8953,2,120944.0,60472.0,159,2.0408163265306123,60.452226113056525,31.246521219793568,Low-Activity
C8954,2,67783.0,33891.5,0,2.0408163265306123,33.858429214607305,17.949622770568958,Dormant
C8956,2,75419.0,37709.5,10,2.0408163265306123,37.67833916958479,19.8595777480577,Dormant
C8957,2,37033.0,18516.5,74,2.0408163265306123,18.475737868934466,10.25827709773254,Dormant
C8959,2,145994.0,72997.0,284,2.0408163265306123,72.98349174587294,37.51215403620178,Low-Activity
C8960,1,97853.0,97853.0,0,0.0,48.90095047523762,24.45047523761881,Dormant
C8961,3,213655.0,71218.33333333333,6,4.081632653061225,100.0,52.04081632653061,Active
C8962,1,70731.0,70731.0,0,0.0,35.33316658329165,17.666583291645825,Dormant
C8963,1,23940.0,23940.0,0,0.0,11.925962981490745,5.962981490745372,Dormant
C8964,1,98636.0,98636.0,0,0.0,49.292646323161584,24.646323161580792,Dormant
C8965,1,29354.0,29354.0,0,0.0,14.634317158579291,7.317158579289646,Dormant
C8966,1,88322.0,88322.0,0,0.0,44.133066533266636,22.066533266633318,Dormant
C8967,2,159287.0,79643.5,148,2.0408163265306123,79.63331665832916,40.83706649242989,Low-Activity
C8968,1,14192.0,14192.0,0,0.0,7.04952476238119,3.524762381190595,Dormant
C8970,4,307045.0,76761.25,276,6.122448979591836,100.0,53.06122448979592,Active
C8971,1,73704.0,73704.0,0,0.0,36.82041020510255,18.410205102551274,Dormant
C8972,4,294830.0,73707.5,236,6.122448979591836,100.0,53.06122448979592,Active
C8973,3,114059.0,38019.666666666664,175,4.081632653061225,57.008004002001,30.544818327531114,Low-Activity
C8977,1,32248.0,32248.0,0,0.0,16.082041020510253,8.041020510255127,Dormant
C8978,1,53665.0,53665.0,0,0.0,26.79589794897449,13.397948974487244,Dormant
C8979,4,235954.0,58988.5,219,6.122448979591836,100.0,53.06122448979592,Active
C8980,3,186708.0,62236.0,143,4.081632653061225,93.35067533766883,48.716153995365026,Low-Activity
C8982,5,313072.0,62614.4,256,8.16326530612245,100.0,54.08163265306123,Active
C8984,3,136546.0,45515.333333333336,189,4.081632653061225,68.25712856428214,36.16938060867168,Low-Activity
C8986,2,116852.0,58426.0,118,2.0408163265306123,58.40520260130065,30.22300946391563,Low-Activity
C8987,2,66674.0,33337.0,347,2.0408163265306123,33.30365182591296,17.672234076221784,Dormant
C8989,3,115726.0,38575.333333333336,125,4.081632653061225,57.841920960480245,30.961776806770736,Low-Activity
C8990,1,97108.0,97108.0,0,0.0,48.528264132066035,24.264132066033017,Dormant
C8991,1,83426.0,83426.0,0,0.0,41.68384192096048,20.84192096048024,Dormant
C8992,2,101848.0,50924.0,155,2.0408163265306123,50.899449724862436,26.470133025696523,Low-Activity
C8993,2,68880.0,34440.0,208,2.0408163265306123,34.4072036018009,18.224009964165756,Dormant
C8994,1,50105.0,50105.0,0,0.0,25.015007503751875,12.507503751875937,Dormant
C8995,1,37875.0,37875.0,0,0.0,18.896948474237117,9.448474237118559,Dormant
C8996,2,158009.0,79004.5,140,2.0408163265306123,78.99399699849926,40.51740666251494,Low-Activity
C8997,1,5932.0,5932.0,0,0.0,2.9174587293646823,1.4587293646823412,Dormant
C8999,2,25500.0,12750.0,75,2.0408163265306123,12.706353176588294,7.373584751559453,Dormant
C9000,1,4072.0,4072.0,0,0.0,1.9869934967483742,0.9934967483741871,Dormant
C9001,2,97472.0,48736.0,37,2.0408163265306123,48.710355177588795,25.375585752059703,Low-Activity
C9002,3,140983.0,46994.333333333336,168,4.081632653061225,70.47673836918459,37.279185511122904,Low-Activity
C9003,1,98072.0,98072.0,0,0.0,49.01050525262632,24.50525262631316,Dormant
C9004,2,44459.0,22229.5,107,2.0408163265306123,22.190595297648823,12.115705812089718,Dormant
C9005,1,6976.0,6976.0,0,0.0,3.4397198599299648,1.7198599299649824,Dormant
C9006,1,88925.0,88925.0,0,0.0,44.434717358679336,22.217358679339668,Dormant
C9007,5,251378.0,50275.6,301,8.16326530612245,100.0,54.08163265306123,Active
C9009,1,26438.0,26438.0,0,0.0,13.175587793896948,6.587793896948474,Dormant
C9010,1,88079.0,88079.0,0,0.0,44.01150575287644,22.00575287643822,Dormant
C9011,1,93495.0,93495.0,0,0.0,46.720860430215104,23.360430215107552,Dormant
C9012,1,50105.0,50105.0,0,0.0,25.015007503751875,12.507503751875937,Dormant
C9014,2,128255.0,64127.5,243,2.0408163265306123,64.1095547773887,33.075185551959656,Low-Activity
C9015,2,109442.0,54721.0,208,2.0408163265306123,54.69834917458729,28.36958275055895,Low-Activity
C9016,2,127274.0,63637.0,91,2.0408163265306123,63.61880940470235,32.82981286561648,Low-Activity
C9017,3,224688.0,74896.0,63,4.081632653061225,100.0,52.04081632653061,Active
C9021,2,106698.0,53349.0,30,2.0408163265306123,53.32566283141571,27.68323957897316,Low-Activity
C9022,2,64487.0,32243.5,105,2.0408163265306123,32.209604802401195,17.125210564465903,Dormant
C9023,1,73086.0,73086.0,0,0.0,36.5112556278139,18.25562781390695,Dormant
C9024,1,41455.0,41455.0,0,0.0,20.68784392196098,10.34392196098049,Dormant
C9026,2,95411.0,47705.5,20,2.0408163265306123,47.67933966983492,24.860077998182764,Dormant
C9027,1,8029.0,8029.0,0,0.0,3.9664832416208107,1.9832416208104053,Dormant
C9031,1,61582.0,61582.0,0,0.0,30.756378189094548,15.378189094547274,Dormant
C9032,3,71277.0,23759.0,212,4.081632653061225,35.60630315157579,19.843967902318507,Dormant
C9033,3,111167.0,37055.666666666664,155,4.081632653061225,55.56128064032016,29.821456646690695,Low-Activity
C9036,1,94828.0,94828.0,0,0.0,47.38769384692346,23.69384692346173,Dormant
C9038,2,138383.0,69191.5,114,2.0408163265306123,69.17608804402201,35.60845218527631,Low-Activity
C9039,1,17830.0,17830.0,0,0.0,8.86943471735868,4.43471735867934,Dormant
C9040,1,49287.0,49287.0,0,0.0,24.605802901450723,12.302901450725361,Dormant
C9041,1,17723.0,17723.0,0,0.0,8.81590795397699,4.407953976988495,Dormant
C9042,1,99031.0,99031.0,0,0.0,49.490245122561284,24.745122561280642,Dormant
C9043,1,93804.0,93804.0,0,0.0,46.87543771885943,23.437718859429715,Dormant
C9044,4,308549.0,77137.25,87,6.122448979591836,100.0,53.06122448979592,Active
C9047,2,54858.0,27429.0,52,2.0408163265306123,27.392696348174088,14.71675633735235,Dormant
C9050,2,100131.0,50065.5,245,2.0408163265306123,50.04052026013006,26.040668293330334,Low-Activity
C9051,1,80125.0,80125.0,0,0.0,40.032516258129064,20.016258129064532,Dormant
C9052,2,183184.0,91592.0,81,2.0408163265306123,91.58779389694848,46.81430511173955,Low-Activity
C9053,1,78222.0,78222.0,0,0.0,39.08054027013507,19.540270135067534,Dormant
C9055,4,221801.0,55450.25,202,6.122448979591836,100.0,53.06122448979592,Active
C9056,1,50105.0,50105.0,0,0.0,25.015007503751875,12.507503751875937,Dormant
C9058,2,146795.0,73397.5,49,2.0408163265306123,73.38419209604803,37.71250421128932,Low-Activity
C9060,2,141519.0,70759.5,18,2.0408163265306123,70.7448724362181,36.39284438137436,Low-Activity
C9061,1,95943.0,95943.0,0,0.0,47.94547273636818,23.97273636818409,Dormant
C9065,1,64941.0,64941.0,0,0.0,32.43671835917959,16.218359179589793,Dormant
C9067,1,734.0,734.0,0,0.0,0.31715857928964486,0.15857928964482243,Dormant
C9068,1,92614.0,92614.0,0,0.0,46.28014007003502,23.14007003501751,Dormant
C9069,1,24736.0,24736.0,0,0.0,12.32416208104052,6.16208104052026,Dormant
C9070,2,46128.0,23064.0,33,2.0408163265306123,23.025512756378188,12.5331645414544,Dormant
C9071,2,85104.0,42552.0,85,2.0408163265306123,42.523261630815405,22.282038978673008,Dormant
C9073,3,135975.0,45325.0,22,4.081632653061225,67.97148574287144,36.02655919796633,Low-Activity
C9074,1,6953.0,6953.0,0,0.0,3.4282141070535266,1.7141070535267633,Dormant
C9075,1,3968.0,3968.0,0,0.0,1.9349674837418709,0.9674837418709354,Dormant
C9077,1,60307.0,60307.0,0,0.0,30.11855927963982,15.05927963981991,Dormant
C9078,1,50105.0,50105.0,0,0.0,25.015007503751875,12.507503751875937,Dormant
C9080,4,215858.0,53964.5,323,6.122448979591836,100.0,53.06122448979592,Active
C9081,1,82945.0,82945.0,0,0.0,41.4432216108054,20.7216108054027,Dormant
C9082,2,114108.0,57054.0,68,2.0408163265306123,57.032516258129064,29.536666292329837,Low-Activity
C9084,2,101087.0,50543.5,198,2.0408163265306123,50.51875937968985,26.27978785311023,Low-Activity
C9085,1,53952.0,53952.0,0,0.0,26.939469734867433,13.469734867433717,Dormant
C9087,1,34478.0,34478.0,0,0.0,17.1975987993997,8.59879939969985,Dormant
C9088,1,50105.0,50105.0,0,0.0,25.015007503751875,12.507503751875937,Dormant
C9089,3,56465.0,18821.666666666668,152,4.081632653061225,28.19659829914957,16.1391154761054,Dormant
C9090,2,101163.0,50581.5,203,2.0408163265306123,50.5567783891946,26.298797357862604,Low-Activity
C9092,2,94862.0,47431.0,216,2.0408163265306123,47.40470235117559,24.7227593388531,Dormant
C9093,1,77885.0,77885.0,0,0.0,38.911955977988995,19.455977988994498,Dormant
C9095,2,89145.0,44572.5,24,2.0408163265306123,44.5447723861931,23.292794356361856,Dormant
C9096,2,113433.0,56716.5,43,2.0408163265306123,56.694847423711856,29.367831875121233,Low-Activity
C9098,1,21900.0,21900.0,0,0.0,10.905452726363182,5.452726363181591,Dormant
C9100,2,151769.0,75884.5,21,2.0408163265306123,75.87243621810906,38.95662627231984,Low-Activity
C9101,1,13803.0,13803.0,0,0.0,6.854927463731866,3.427463731865933,Dormant
C9102,2,98875.0,49437.5,128,2.0408163265306123,49.412206103051524,25.726511214791067,Low-Activity
C9103,1,50105.0,50105.0,0,0.0,25.015007503751875,12.507503751875937,Dormant
C9104,1,17320.0,17320.0,0,0.0,8.614307153576789,4.307153576788394,Dormant
C9105,2,50747.0,25373.5,43,2.0408163265306123,25.336168084042022,13.688492205286318,Dormant
C9106,2,91413.0,45706.5,254,2.0408163265306123,45.67933966983492,23.860077998182764,Dormant
C9107,2,155712.0,77856.0,83,2.0408163265306123,77.84492246123061,39.94286939388061,Low-Activity
C9110,1,25798.0,25798.0,0,0.0,12.85542771385693,6.427713856928465,Dormant
C9111,2,77017.0,38508.5,236,2.0408163265306123,38.47773886943472,20.259277597982663,Dormant
C9112,3,103321.0,34440.333333333336,214,4.081632653061225,51.63631815907954,27.858975406070385,Low-Activity
C9113,1,76324.0,76324.0,0,0.0,38.131065532766385,19.065532766383193,Dormant
C9118,3,146144.0,48714.666666666664,273,4.081632653061225,73.05852926463233,38.57008095884677,Low-Activity
C9119,1,7174.0,7174.0,0,0.0,3.538769384692346,1.769384692346173,Dormant
C9120,4,217114.0,54278.5,191,6.122448979591836,100.0,53.06122448979592,Active
C9123,4,78560.0,19640.0,264,6.122448979591836,39.2496248124062,22.68603689599902,Dormant
C9125,4,175151.0,43787.75,344,6.122448979591836,87.56928464232116,46.8458668109565,Low-Activity
C9127,1,98542.0,98542.0,0,0.0,49.2456228114057,24.62281140570285,Dormant
C9128,1,44281.0,44281.0,0,0.0,22.101550775387693,11.050775387693847,Dormant
C9130,2,48167.0,24083.5,323,2.0408163265306123,24.045522761380692,13.043169543955653,Dormant
C9133,1,44273.0,44273.0,0,0.0,22.097548774387192,11.048774387193596,Dormant
C9134,2,110230.0,55115.0,68,2.0408163265306123,55.09254627313657,28.56668129983359,Low-Activity
C9135,2,100569.0,50284.5,42,2.0408163265306123,50.259629814907456,26.150223070719033,Low-Activity
C9143,1,88595.0,88595.0,0,0.0,44.2696348174087,22.13481740870435,Dormant
C9146,2,127835.0,63917.5,214,2.0408163265306123,63.899449724862436,32.970133025696526,Low-Activity
C9148,2,54089.0,27044.5,148,2.0408163265306123,27.008004002001,14.524410164265808,Dormant
C9150,2,184265.0,92132.5,20,2.0408163265306123,92.12856428214107,47.084690304335844,Low-Activity
C9151,1,28781.0,28781.0,0,0.0,14.347673836918458,7.173836918459229,Dormant
C9152,1,43219.0,43219.0,0,0.0,21.570285142571286,10.785142571285643,Dormant
C9154,2,72562.0,36281.0,100,2.0408163265306123,36.249124562281146,19.144970444405878,Dormant
C9155,2,56414.0,28207.0,173,2.0408163265306123,28.171085542771383,15.105950934650998,Dormant
C9159,1,74028.0,74028.0,0,0.0,36.98249124562281,18.491245622811405,Dormant
C9160,3,37015.0,12338.333333333334,127,4.081632653061225,18.466733366683343,11.274183009872283,Dormant
C9162,1,5399.0,5399.0,0,0.0,2.6508254127063533,1.3254127063531767,Dormant
C9163,1,87932.0,87932.0,0,0.0,43.93796898449225,21.968984492246125,Dormant
C9164,1,6547.0,6547.0,0,0.0,3.225112556278139,1.6125562781390694,Dormant
C9166,1,67238.0,67238.0,0,0.0,33.585792896448226,16.792896448224113,Dormant
C9167,2,22615.0,11307.5,157,2.0408163265306123,11.263131565782892,6.651973946156752,Dormant
C9168,2,90300.0,45150.0,28,2.0408163265306123,45.12256128064032,23.581688803585465,Dormant
C9169,1,3308.0,3308.0,0,0.0,1.6048024012006001,0.8024012006003001,Dormant
C9172,1,50105.0,50105.0,0,0.0,25.015007503751875,12.507503751875937,Dormant
C9173,3,73693.0,24564.333333333332,264,4.081632653061225,36.81490745372686,20.448270053394044,Dormant
C9174,1,15731.0,15731.0,0,0.0,7.819409704852426,3.909704852426213,Dormant
C9175,2,150283.0,75141.5,64,2.0408163265306123,75.12906453226613,38.58494042939837,Low-Activity
C9176,1,51272.0,51272.0,0,0.0,25.59879939969985,12.799399699849925,Dormant
C9177,2,26165.0,13082.5,303,2.0408163265306123,13.039019509754876,7.539917918142744,Dormant
C9179,2,129732.0,64866.0,287,2.0408163265306123,64.84842421210605,33.444620269318335,Low-Activity
C9181,2,145833.0,72916.5,330,2.0408163265306123,72.90295147573786,37.47188390113424,Low-Activity
C9182,1,78021.0,78021.0,0,0.0,38.979989994997496,19.489994997498748,Dormant
C9183,1,46595.0,46595.0,0,0.0,23.25912956478239,11.629564782391196,Dormant
C9184,1,65046.0,65046.0,0,0.0,32.489244622311155,16.244622311155577,Dormant
C9185,1,57852.0,57852.0,0,0.0,28.890445222611305,14.445222611305653,Dormant
C9186,3,103124.0,34374.666666666664,147,4.081632653061225,51.53776888444222,27.809700768751725,Low-Activity
C9189,1,74721.0,74721.0,0,0.0,37.32916458229115,18.664582291145575,Dormant
C9190,2,117301.0,58650.5,276,2.0408163265306123,58.62981490745373,30.33531561699217,Low-Activity
C9194,2,141806.0,70903.0,270,2.0408163265306123,70.88844422211106,36.46463027432084,Low-Activity
C9195,1,20047.0,20047.0,0,0.0,9.978489244622311,4.989244622311156,Dormant
C9199,1,21517.0,21517.0,0,0.0,10.713856928464233,5.356928464232117,Dormant
C9201,1,75121.0,75121.0,0,0.0,37.529264632316156,18.764632316158078,Dormant
C9202,1,57790.0,57790.0,0,0.0,28.859429714857427,14.429714857428714,Dormant
C9205,1,18178.0,18178.0,0,0.0,9.043521760880441,4.521760880440221,Dormant
C9207,1,28406.0,28406.0,0,0.0,14.16008004002001,7.080040020010005,Dormant
C9208,1,74302.0,74302.0,0,0.0,37.11955977988994,18.55977988994497,Dormant
C9209,1,14705.0,14705.0,0,0.0,7.306153076538269,3.6530765382691346,Dormant
C9210,5,293255.0,58651.0,173,8.16326530612245,100.0,54.08163265306123,Active
C9212,2,95295.0,47647.5,55,2.0408163265306123,47.62131065532766,24.831063490929136,Dormant
C9213,1,6765.0,6765.0,0,0.0,3.334167083541771,1.6670835417708856,Dormant
C9215,2,160514.0,80257.0,1,2.0408163265306123,80.24712356178088,41.14396994415575,Low-Activity
C9216,2,19934.0,9967.0,167,2.0408163265306123,9.921960980490246,5.981388653510429,Dormant
C9217,1,50105.0,50105.0,0,0.0,25.015007503751875,12.507503751875937,Dormant
C9218,1,32414.0,32414.0,0,0.0,16.165082541270635,8.082541270635318,Dormant
C9219,2,126030.0,63015.0,116,2.0408163265306123,62.99649824912456,32.51865728782759,Low-Activity
C9220,2,119410.0,59705.0,137,2.0408163265306123,59.684842421210604,30.862829373870607,Low-Activity
C9221,1,91341.0,91341.0,0,0.0,45.643321660830416,22.821660830415208,Dormant
C9222,1,19282.0,19282.0,0,0.0,9.595797898949474,4.797898949474737,Dormant
C9224,1,30315.0,30315.0,0,0.0,15.115057528764384,7.557528764382192,Dormant
C9226,3,153176.0,51058.666666666664,261,4.081632653061225,76.57628814407204,40.32896039856663,Low-Activity
C9227,1,91505.0,91505.0,0,0.0,45.72536268134067,22.862681340670335,Dormant
C9228,1,50105.0,50105.0,0,0.0,25.015007503751875,12.507503751875937,Dormant
C9230,1,63305.0,63305.0,0,0.0,31.61830915457729,15.809154577288645,Dormant
C9232,2,114055.0,57027.5,18,2.0408163265306123,57.00600300150075,29.52340966401568,Low-Activity
C9234,4,170126.0,42531.5,258,6.122448979591836,85.05552776388194,45.58898837173689,Low-Activity
C9235,2,125726.0,62863.0,56,2.0408163265306123,62.84442221110555,32.442619268818085,Low-Activity
C9236,2,55896.0,27948.0,54,2.0408163265306123,27.911955977988995,14.976386152259805,Dormant
C9238,1,683.0,683.0,0,0.0,0.29164582291145574,0.14582291145572787,Dormant
C9240,1,63752.0,63752.0,0,0.0,31.84192096048024,15.92096048024012,Dormant
C9243,3,60026.0,20008.666666666668,343,4.081632653061225,29.977988994497252,17.02981082377924,Dormant
C9244,1,75043.0,75043.0,0,0.0,37.490245122561284,18.745122561280642,Dormant
C9245,2,111135.0,55567.5,131,2.0408163265306123,55.54527263631815,28.79304448142438,Low-Activity
C9249,1,23112.0,23112.0,0,0.0,11.51175587793897,5.755877938969485,Dormant
C9250,1,66009.0,66009.0,0,0.0,32.97098549274637,16.485492746373186,Dormant
C9252,3,214447.0,71482.33333333333,88,4.081632653061225,100.0,52.04081632653061,Active
C9257,1,18790.0,18790.0,0,0.0,9.349674837418709,4.674837418709354,Dormant
C9258,2,48584.0,24292.0,257,2.0408163265306123,24.254127063531765,13.14747169503119,Dormant
C9259,1,82238.0,82238.0,0,0.0,41.08954477238619,20.544772386193095,Dormant
C9261,1,54513.0,54513.0,0,0.0,27.22011005502751,13.610055027513756,Dormant
C9263,2,95706.0,47853.0,95,2.0408163265306123,47.82691345672836,24.933864891629486,Dormant
C9264,3,190824.0,63608.0,322,4.081632653061225,95.40970485242622,49.74566875274372,Low-Activity
C9265,1,45456.0,45456.0,0,0.0,22.68934467233617,11.344672336168085,Dormant
C9266,2,123077.0,61538.5,115,2.0408163265306123,61.519259629814904,31.780037978172757,Low-Activity
C9269,2,91037.0,45518.5,12,2.0408163265306123,45.491245622811405,23.766030974671008,Dormant
C9272,1,50105.0,50105.0,0,0.0,25.015007503751875,12.507503751875937,Dormant
C9273,1,69376.0,69376.0,0,0.0,34.65532766383191,17.327663831915956,Dormant
C9274,1,60222.0,60222.0,0,0.0,30.076038019009506,15.038019009504753,Dormant
C9275,1,45121.0,45121.0,0,0.0,22.52176088044022,11.26088044022011,Dormant
C9276,1,74779.0,74779.0,0,0.0,37.35817908954478,18.67908954477239,Dormant
C9277,1,77174.0,77174.0,0,0.0,38.55627813906953,19.278139069534767,Dormant
C9278,1,89160.0,89160.0,0,0.0,44.55227613806903,22.276138069034516,Dormant
C9281,3,147373.0,49124.333333333336,218,4.081632653061225,73.67333666833417,38.8774846606977,Low-Activity
C9282,1,37259.0,37259.0,0,0.0,18.588794397198598,9.294397198599299,Dormant
C9283,3,163949.0,54649.666666666664,177,4.081632653061225,81.96548274137069,43.023557697215956,Low-Activity
C9286,1,55590.0,55590.0,0,0.0,27.75887943971986,13.87943971985993,Dormant
C9289,1,73546.0,73546.0,0,0.0,36.74137068534267,18.370685342671337,Dormant
C9290,1,17639.0,17639.0,0,0.0,8.773886943471735,4.386943471735868,Dormant
C9296,1,50105.0,50105.0,0,0.0,25.015007503751875,12.507503751875937,Dormant
C9297,1,79424.0,79424.0,0,0.0,39.68184092046023,19.840920460230116,Dormant
C9298,1,23202.0,23202.0,0,0.0,11.556778389194596,5.778389194597298,Dormant
C9301,3,210774.0,70258.0,282,4.081632653061225,100.0,52.04081632653061,Active
C9302,1,18777.0,18777.0,0,0.0,9.343171585792897,4.671585792896448,Dormant
C9303,1,12967.0,12967.0,0,0.0,6.43671835917959,3.218359179589795,Dormant
C9305,1,71011.0,71011.0,0,0.0,35.47323661830916,17.73661830915458,Dormant
C9306,2,98348.0,49174.0,255,2.0408163265306123,49.14857428714357,25.59469530683709,Low-Activity
C9307,3,148456.0,49485.333333333336,194,4.081632653061225,74.21510755377689,39.148370103419055,Low-Activity
C9308,2,117102.0,58551.0,230,2.0408163265306123,58.530265132566285,30.285540729548448,Low-Activity
C9311,1,82756.0,82756.0,0,0.0,41.34867433716858,20.67433716858429,Dormant
C9312,1,2253.0,2253.0,0,0.0,1.07703851925963,0.538519259629815,Dormant
C9313,1,50105.0,50105.0,0,0.0,25.015007503751875,12.507503751875937,Dormant
C9314,1,36777.0,36777.0,0,0.0,18.34767383691846,9.17383691845923,Dormant
C9315,1,66343.0,66343.0,0,0.0,33.13806903451726,16.56903451725863,Dormant
C9316,1,71886.0,71886.0,0,0.0,35.910955477738874,17.955477738869437,Dormant
C9319,2,112199.0,56099.5,38,2.0408163265306123,56.077538769384695,29.059177547957653,Low-Activity
C9320,3,100432.0,33477.333333333336,125,4.081632653061225,50.19109554777389,27.13636410041756,Low-Activity
C9321,2,60092.0,30046.0,220,2.0408163265306123,30.011005502751374,16.025910914640992,Dormant
C9322,1,72096.0,72096.0,0,0.0,36.016008004002,18.008004002001,Dormant
C9324,1,2640.0,2640.0,0,0.0,1.2706353176588294,0.6353176588294147,Dormant
C9325,2,91965.0,45982.5,66,2.0408163265306123,45.95547773886943,23.99814703270002,Dormant
C9326,2,109258.0,54629.0,251,2.0408163265306123,54.60630315157579,28.3235597390532,Low-Activity
C9328,3,71386.0,23795.333333333332,251,4.081632653061225,35.660830415207606,19.871231534134417,Dormant
C9329,1,90536.0,90536.0,0,0.0,45.24062031015508,22.62031015507754,Dormant
C9330,1,78416.0,78416.0,0,0.0,39.1775887943972,19.5887943971986,Dormant
C9333,2,89338.0,44669.0,91,2.0408163265306123,44.641320660330166,23.341068493430388,Dormant
C9334,1,50105.0,50105.0,0,0.0,25.015007503751875,12.507503751875937,Dormant
C9335,1,30715.0,30715.0,0,0.0,15.315157578789396,7.657578789394698,Dormant
C9338,2,47223.0,23611.5,311,2.0408163265306123,23.573286643321662,12.807051484926138,Dormant
C9339,1,30155.0,30155.0,0,0.0,15.035017508754379,7.5175087543771895,Dormant
C9340,2,122533.0,61266.5,78,2.0408163265306123,61.24712356178089,31.64396994415575,Low-Activity
C9342,1,23289.0,23289.0,0,0.0,11.600300150075038,5.800150075037519,Dormant
C9343,1,50105.0,50105.0,0,0.0,25.015007503751875,12.507503751875937,Dormant
C9345,2,101724.0,50862.0,272,2.0408163265306123,50.83741870935468,26.439117517942645,Low-Activity
C9346,1,47123.0,47123.0,0,0.0,23.523261630815405,11.761630815407702,Dormant
C9347,2,70213.0,35106.5,19,2.0408163265306123,35.07403701850925,18.55742667251993,Dormant
C9348,1,743.0,743.0,0,0.0,0.3216608304152076,0.1608304152076038,Dormant
C9350,1,6400.0,6400.0,0,0.0,3.1515757878939468,1.5757878939469734,Dormant
C9352,1,55067.0,55067.0,0,0.0,27.497248624312153,13.748624312156076,Dormant
C9353,2,80280.0,40140.0,103,2.0408163265306123,40.11005502751376,21.075435677022185,Dormant
C9356,1,73571.0,73571.0,0,0.0,36.75387693846923,18.376938469234616,Dormant
C9357,2,116508.0,58254.0,27,2.0408163265306123,58.23311655827914,30.136966442404876,Low-Activity
C9362,2,151117.0,75558.5,40,2.0408163265306123,75.54627313656829,38.79354473154945,Low-Activity
C9363,2,99974.0,49987.0,20,2.0408163265306123,49.96198099049525,26.00139865851293,Low-Activity
C9365,1,75855.0,75855.0,0,0.0,37.896448224112056,18.948224112056028,Dormant
C9367,1,11840.0,11840.0,0,0.0,5.8729364682341165,2.9364682341170583,Dormant
C9368,1,24771.0,24771.0,0,0.0,12.341670835417709,6.1708354177088545,Dormant
C9370,1,30155.0,30155.0,0,0.0,15.035017508754379,7.5175087543771895,Dormant
C9371,1,90621.0,90621.0,0,0.0,45.28314157078539,22.641570785392695,Dormant
C9372,1,25677.0,25677.0,0,0.0,12.794897448724363,6.397448724362182,Dormant
C9376,1,38290.0,38290.0,0,0.0,19.10455227613807,9.552276138069034,Dormant
C9378,6,211585.0,35264.166666666664,321,10.204081632653061,100.0,55.10204081632653,Active
C9381,2,71739.0,35869.5,121,2.0408163265306123,35.83741870935468,18.939117517942645,Dormant
C9383,1,25963.0,25963.0,0,0.0,12.937968984492246,6.468984492246123,Dormant
C9384,1,41463.0,41463.0,0,0.0,20.69184592296148,10.34592296148074,Dormant
C9385,1,76328.0,76328.0,0,0.0,38.133066533266636,19.066533266633318,Dormant
C9386,2,163858.0,81929.0,193,2.0408163265306123,81.91995997999,41.98038815326031,Low-Activity
C9388,1,45713.0,45713.0,0,0.0,22.81790895447724,11.40895447723862,Dormant
C9389,2,62189.0,31094.5,68,2.0408163265306123,31.060030015007506,16.550423170769058,Dormant
C9391,1,93979.0,93979.0,0,0.0,46.96298149074537,23.481490745372685,Dormant
C9392,2,110297.0,55148.5,293,2.0408163265306123,55.12606303151576,28.583439679023186,Low-Activity
C9393,1,79266.0,79266.0,0,0.0,39.60280140070035,19.801400700350175,Dormant
C9397,1,31188.0,31188.0,0,0.0,15.551775887943972,7.775887943971986,Dormant
C9399,3,185500.0,61833.333333333336,135,4.081632653061225,92.7463731865933,48.41400291982726,Low-Activity
C9400,2,148664.0,74332.0,63,2.0408163265306123,74.3191595797899,38.17998795316026,Low-Activity
C9401,2,42393.0,21196.5,13,2.0408163265306123,21.157078539269637,11.598947432900125,Dormant
C9402,1,96464.0,96464.0,0,0.0,48.20610305152576,24.10305152576288,Dormant
C9405,1,39940.0,39940.0,0,0.0,19.929964982491246,9.964982491245623,Dormant
C9407,1,99333.0,99333.0,0,0.0,49.641320660330166,24.820660330165083,Dormant
C9408,1,55069.0,55069.0,0,0.0,27.498249124562278,13.749124562281139,Dormant
C9411,4,269446.0,67361.5,264,6.122448979591836,100.0,53.06122448979592,Active
C9412,1,50105.0,50105.0,0,0.0,25.015007503751875,12.507503751875937,Dormant
C9414,2,94634.0,47317.0,45,2.0408163265306123,47.29064532266133,24.66573082459597,Dormant
C9415,2,55243.0,27621.5,32,2.0408163265306123,27.58529264632316,14.813054486426887,Dormant
C9417,3,152482.0,50827.333333333336,276,4.081632653061225,76.22911455727865,40.155373605169935,Low-Activity
C9418,2,142136.0,71068.0,323,2.0408163265306123,71.0535267633817,36.54717154495616,Low-Activity
C9419,2,65932.0,32966.0,130,2.0408163265306123,32.93246623311656,17.486641279823584,Dormant
C9420,1,50105.0,50105.0,0,0.0,25.015007503751875,12.507503751875937,Dormant
C9422,1,40579.0,40579.0,0,0.0,20.249624812406203,10.124812406203102,Dormant
C9424,1,13452.0,13452.0,0,0.0,6.679339669834918,3.339669834917459,Dormant
C9427,2,125970.0,62985.0,53,2.0408163265306123,62.96648324162081,32.50364978407571,Low-Activity
C9428,2,155605.0,77802.5,141,2.0408163265306123,77.79139569784891,39.916106012189765,Low-Activity
C9429,2,164462.0,82231.0,70,2.0408163265306123,82.22211105552776,42.13146369102919,Low-Activity
C9430,1,23235.0,23235.0,0,0.0,11.57328664332166,5.78664332166083,Dormant
C9431,1,50105.0,50105.0,0,0.0,25.015007503751875,12.507503751875937,Dormant
C9432,1,85045.0,85045.0,0,0.0,42.49374687343671,21.246873436718356,Dormant
C9433,4,134522.0,33630.5,354,6.122448979591836,67.24462231115558,36.68353564537371,Low-Activity
C9434,2,137835.0,68917.5,28,2.0408163265306123,68.90195097548775,35.471383651009184,Low-Activity
C9435,2,170276.0,85138.0,211,2.0408163265306123,85.13056528264133,43.58569080458597,Low-Activity
C9436,2,69387.0,34693.5,69,2.0408163265306123,34.660830415207606,18.350823370869108,Dormant
C9437,1,95769.0,95769.0,0,0.0,47.8584292146073,23.92921460730365,Dormant
C9438,1,42216.0,42216.0,0,0.0,21.06853426713357,10.534267133566784,Dormant
C9442,2,52455.0,26227.5,249,2.0408163265306123,26.190595297648823,14.115705812089718,Dormant
C9444,3,246122.0,82040.66666666667,81,4.081632653061225,100.0,52.04081632653061,Active
C9445,4,147985.0,36996.25,287,6.122448979591836,73.97948974487244,40.05096936223214,Low-Activity
C9446,2,140834.0,70417.0,7,2.0408163265306123,70.40220110055027,36.221508713540445,Low-Activity
C9447,1,66583.0,66583.0,0,0.0,33.25812906453226,16.62906453226613,Dormant
C9448,3,177206.0,59068.666666666664,153,4.081632653061225,88.59729864932466,46.33946565119294,Low-Activity
C9449,1,47380.0,47380.0,0,0.0,23.65182591295648,11.82591295647824,Dormant
C9450,1,46715.0,46715.0,0,0.0,23.319159579789893,11.659579789894947,Dormant
C9453,1,42230.0,42230.0,0,0.0,21.07553776888444,10.53776888444222,Dormant
C9456,2,70661.0,35330.5,10,2.0408163265306123,35.298149074537264,18.669482700533937,Dormant
C9457,2,12228.0,6114.0,32,2.0408163265306123,6.0670335167583795,4.053924921644496,Dormant
C9458,2,173154.0,86577.0,186,2.0408163265306123,86.5702851425713,44.305550734550955,Low-Activity
C9459,1,54020.0,54020.0,0,0.0,26.973486743371687,13.486743371685844,Dormant
C9461,2,130983.0,65491.5,250,2.0408163265306123,65.47423711855927,33.757526722544945,Low-Activity
C9462,2,135276.0,67638.0,47,2.0408163265306123,67.62181090545273,34.831313615991675,Low-Activity
C9463,1,66060.0,66060.0,0,0.0,32.99649824912456,16.49824912456228,Dormant
C9464,2,143640.0,71820.0,62,2.0408163265306123,71.80590295147574,36.92335963900318,Low-Activity
C9465,3,154939.0,51646.333333333336,66,4.081632653061225,77.45822911455727,40.769930883809245,Low-Activity
C9467,2,161355.0,80677.5,302,2.0408163265306123,80.66783391695847,41.354325121744544,Low-Activity
C9468,1,56201.0,56201.0,0,0.0,28.064532266133067,14.032266133066534,Dormant
C9469,2,123874.0,61937.0,202,2.0408163265306123,61.91795897948974,31.979387653010175,Low-Activity
C9471,1,32925.0,32925.0,0,0.0,16.42071035517759,8.210355177588795,Dormant
C9472,2,149664.0,74832.0,73,2.0408163265306123,74.81940970485242,38.43011301569152,Low-Activity
C9473,1,72746.0,72746.0,0,0.0,36.341170585292645,18.170585292646322,Dormant
C9474,1,27020.0,27020.0,0,0.0,13.466733366683343,6.733366683341671,Dormant
C9475,2,118147.0,59073.5,89,2.0408163265306123,59.053026513256626,30.546921419893618,Low-Activity
C9476,2,74515.0,37257.5,9,2.0408163265306123,37.22611305652826,19.633464691529436,Dormant
C9477,1,51104.0,51104.0,0,0.0,25.514757378689346,12.757378689344673,Dormant
C9479,1,48170.0,48170.0,0,0.0,24.047023511755878,12.023511755877939,Dormant
C9480,2,83395.0,41697.5,151,2.0408163265306123,41.66833416708354,21.854575246807077,Dormant
C9484,1,17005.0,17005.0,0,0.0,8.45672836418209,4.228364182091045,Dormant
C9488,2,131168.0,65584.0,38,2.0408163265306123,65.56678339169585,33.803799859113234,Low-Activity
C9490,3,190807.0,63602.333333333336,172,4.081632653061225,95.40120060030016,49.74141662668069,Low-Activity
C9491,1,50105.0,50105.0,0,0.0,25.015007503751875,12.507503751875937,Dormant
C9493,2,90367.0,45183.5,14,2.0408163265306123,45.15607803901951,23.59844718277506,Dormant
C9494,2,178262.0,89131.0,41,2.0408163265306123,89.1255627813907,45.58318955396066,Low-Activity
C9495,1,57500.0,57500.0,0,0.0,28.714357178589296,14.357178589294648,Dormant
C9497,2,80783.0,40391.5,57,2.0408163265306123,40.36168084042021,21.20124858347541,Dormant
C9498,3,71192.0,23730.666666666668,291,4.081632653061225,35.56378189094547,19.82270727200335,Dormant
C9500,1,89629.0,89629.0,0,0.0,44.78689344672336,22.39344672336168,Dormant
C9501,2,128301.0,64150.5,26,2.0408163265306123,64.13256628314157,33.086691304836094,Low-Activity
C9502,2,79376.0,39688.0,187,2.0408163265306123,39.65782891445723,20.84932262049392,Dormant
C9503,1,35819.0,35819.0,0,0.0,17.868434217108554,8.934217108554277,Dormant
C9504,1,59761.0,59761.0,0,0.0,29.845422711355678,14.922711355677839,Dormant
C9505,2,113220.0,56610.0,33,2.0408163265306123,56.58829414707354,29.314555236802075,Low-Activity
C9508,1,9804.0,9804.0,0,0.0,4.854427213606803,2.4272136068034014,Dormant
C9511,1,6871.0,6871.0,0,0.0,3.387193596798399,1.6935967983991995,Dormant
C9512,1,54645.0,54645.0,0,0.0,27.28614307153577,13.643071535767884,Dormant
C9514,1,50105.0,50105.0,0,0.0,25.015007503751875,12.507503751875937,Dormant
C9515,1,1733.0,1733.0,0,0.0,0.8169084542271136,0.4084542271135568,Dormant
C9516,1,76268.0,76268.0,0,0.0,38.10305152576288,19.05152576288144,Dormant
C9518,1,61854.0,61854.0,0,0.0,30.89244622311156,15.44622311155578,Dormant
C9519,2,70886.0,35443.0,274,2.0408163265306123,35.41070535267634,18.725760839603474,Dormant
C9520,1,45367.0,45367.0,0,0.0,22.644822411205602,11.322411205602801,Dormant
C9521,2,151044.0,75522.0,51,2.0408163265306123,75.50975487743872,38.77528560198467,Low-Activity
C9524,3,159633.0,53211.0,65,4.081632653061225,79.8064032016008,41.94401792733101,Low-Activity
C9526,1,68483.0,68483.0,0,0.0,34.20860430215107,17.104302151075537,Dormant
C9527,1,50105.0,50105.0,0,0.0,25.015007503751875,12.507503751875937,Dormant
C9529,3,179960.0,59986.666666666664,64,4.081632653061225,89.97498749374687,47.02831007340404,Low-Activity
C9531,1,40218.0,40218.0,0,0.0,20.06903451725863,10.034517258629315,Dormant
C9532,2,66644.0,33322.0,83,2.0408163265306123,33.28864432216108,17.664730324345847,Dormant
C9533,4,37219.0,9304.75,199,6.122448979591836,18.568784392196097,12.345616685893967,Dormant
C9534,4,176047.0,44011.75,175,6.122448979591836,88.01750875437719,47.06997886698451,Low-Activity
C9535,1,50105.0,50105.0,0,0.0,25.015007503751875,12.507503751875937,Dormant
C9536,2,54565.0,27282.5,12,2.0408163265306123,27.246123061530763,14.643469694030689,Dormant
C9539,1,65810.0,65810.0,0,0.0,32.87143571785893,16.435717858929465,Dormant
C9540,1,38721.0,38721.0,0,0.0,19.32016008004002,9.66008004002001,Dormant
C9543,1,31576.0,31576.0,0,0.0,15.745872936468233,7.8729364682341165,Dormant
C9547,2,134011.0,67005.5,78,2.0408163265306123,66.98899449724863,34.51490541188962,Low-Activity
C9548,1,50105.0,50105.0,0,0.0,25.015007503751875,12.507503751875937,Dormant
C9549,2,130741.0,65370.5,290,2.0408163265306123,65.35317658829415,33.69699645741238,Low-Activity
C9551,2,115038.0,57519.0,25,2.0408163265306123,57.497748874437214,29.769282600483912,Low-Activity
C9553,2,160690.0,80345.0,62,2.0408163265306123,80.3351675837919,41.18799195516126,Low-Activity
C9554,2,52530.0,26265.0,28,2.0408163265306123,26.228114057028513,14.134465191779563,Dormant
C9555,1,49208.0,49208.0,0,0.0,24.566283141570786,12.283141570785393,Dormant
C9556,1,31283.0,31283.0,0,0.0,15.599299649824912,7.799649824912456,Dormant
C9557,1,50105.0,50105.0,0,0.0,25.015007503751875,12.507503751875937,Dormant
C9558,2,150818.0,75409.0,61,2.0408163265306123,75.39669834917459,38.7187573378526,Low-Activity
C9560,2,105386.0,52693.0,294,2.0408163265306123,52.669334667333665,27.355075496932137,Low-Activity
C9561,1,50105.0,50105.0,0,0.0,25.015007503751875,12.507503751875937,Dormant
C9562,2,137348.0,68674.0,107,2.0408163265306123,68.65832916458228,35.34957274555645,Low-Activity
C9563,1,22747.0,22747.0,0,0.0,11.329164582291146,5.664582291145573,Dormant
C9564,2,99721.0,49860.5,136,2.0408163265306123,49.83541770885443,25.93811701769252,Low-Activity
C9566,3,114039.0,38013.0,260,4.081632653061225,56.99799899949976,30.539815826280492,Low-Activity
C9567,3,125621.0,41873.666666666664,182,4.081632653061225,62.791895947973984,33.4367643005176,Low-Activity
C9569,2,43127.0,21563.5,10,2.0408163265306123,21.524262131065534,11.782539228798074,Dormant
C9571,1,15190.0,15190.0,0,0.0,7.548774387193596,3.774387193596798,Dormant
C9572,3,100824.0,33608.0,176,4.081632653061225,50.3871935967984,27.234413124929812,Low-Activity
C9575,2,148801.0,74400.5,103,2.0408163265306123,74.38769384692347,38.21425508672704,Low-Activity
C9577,1,50105.0,50105.0,0,0.0,25.015007503751875,12.507503751875937,Dormant
C9578,2,105889.0,52944.5,55,2.0408163265306123,52.92096048024012,27.480888403385364,Low-Activity
C9579,1,48173.0,48173.0,0,0.0,24.048524262131068,12.024262131065534,Dormant
C9580,1,61586.0,61586.0,0,0.0,30.758379189594798,15.379189594797399,Dormant
C9581,1,89172.0,89172.0,0,0.0,44.558279139569784,22.279139569784892,Dormant
C9584,2,141034.0,70517.0,206,2.0408163265306123,70.50225112556278,36.2715337260467,Low-Activity
C9586,1,21360.0,21360.0,0,0.0,10.635317658829415,5.317658829414707,Dormant
C9587,1,21207.0,21207.0,0,0.0,10.558779389694847,5.279389694847423,Dormant
C9588,1,81380.0,81380.0,0,0.0,40.66033016508254,20.33016508254127,Dormant
C9590,1,41170.0,41170.0,0,0.0,20.54527263631816,10.27263631815908,Dormant
C9591,1,57061.0,57061.0,0,0.0,28.494747373686845,14.247373686843423,Dormant
C9592,3,180994.0,60331.333333333336,103,4.081632653061225,90.49224612306152,47.28693938806137,Low-Activity
C9593,2,110043.0,55021.5,215,2.0408163265306123,54.99899949974988,28.519907913140244,Low-Activity
C9594,1,79717.0,79717.0,0,0.0,39.82841420710355,19.914207103551774,Dormant
C9595,1,94567.0,94567.0,0,0.0,47.25712856428214,23.62856428214107,Dormant
C9597,2,110287.0,55143.5,38,2.0408163265306123,55.12106053026513,28.58093842839787,Low-Activity
C9598,2,130681.0,65340.5,27,2.0408163265306123,65.32316158079038,33.6819889536605,Low-Activity
C9599,1,50105.0,50105.0,0,0.0,25.015007503751875,12.507503751875937,Dormant
C9601,1,63496.0,63496.0,0,0.0,31.713856928464235,15.856928464232118,Dormant
C9605,2,143432.0,71716.0,53,2.0408163265306123,71.70185092546274,36.87133362599668,Low-Activity
C9606,1,60531.0,60531.0,0,0.0,30.230615307653824,15.115307653826912,Dormant
C9609,3,155521.0,51840.333333333336,188,4.081632653061225,77.74937468734367,40.91550367020245,Low-Activity
C9611,2,150164.0,75082.0,149,2.0408163265306123,75.0695347673837,38.55517554695716,Low-Activity
C9613,2,104556.0,52278.0,92,2.0408163265306123,52.25412706353176,27.147471695031186,Low-Activity
C9615,1,5636.0,5636.0,0,0.0,2.7693846923461733,1.3846923461730867,Dormant
C9616,2,13609.0,6804.5,254,2.0408163265306123,6.757878939469735,4.399347633000174,Dormant
C9617,1,62099.0,62099.0,0,0.0,31.015007503751875,15.507503751875937,Dormant
C9619,1,90127.0,90127.0,0,0.0,45.0360180090045,22.51800900450225,Dormant
C9620,1,54646.0,54646.0,0,0.0,27.28664332166083,13.643321660830415,Dormant
C9622,1,32983.0,32983.0,0,0.0,16.449724862431214,8.224862431215607,Dormant
C9623,2,147763.0,73881.5,12,2.0408163265306123,73.86843421710856,37.95462527181959,Low-Activity
C9624,2,149713.0,74856.5,68,2.0408163265306123,74.84392196098048,38.44236914375555,Low-Activity
C9625,3,56427.0,18809.0,127,4.081632653061225,28.177588794397195,16.12961072372921,Dormant
C9627,2,87353.0,43676.5,253,2.0408163265306123,43.64832416208104,22.844570244305825,Dormant
C9630,1,39904.0,39904.0,0,0.0,19.911955977988992,9.955977988994496,Dormant
C9632,1,57777.0,57777.0,0,0.0,28.852926463231615,14.426463231615807,Dormant
C9633,3,164966.0,54988.666666666664,28,4.081632653061225,82.47423711855927,43.27793488581025,Low-Activity
C9634,2,123323.0,61661.5,124,2.0408163265306123,61.642321160580295,31.841568743555452,Low-Activity
C9635,2,86383.0,43191.5,266,2.0408163265306123,43.163081540770385,22.601948933650498,Dormant
C9636,3,125898.0,41966.0,66,4.081632653061225,62.93046523261631,33.50604894283877,Low-Activity
C9638,2,105968.0,52984.0,109,2.0408163265306123,52.960480240120056,27.500648283325333,Low-Activity
C9640,2,129267.0,64633.5,223,2.0408163265306123,64.61580790395197,33.328312115241296,Low-Activity
C9641,1,51010.0,51010.0,0,0.0,25.467733866933468,12.733866933466734,Dormant
C9643,2,100470.0,50235.0,13,2.0408163265306123,50.210105052526266,26.12546068952844,Low-Activity
C9644,1,65679.0,65679.0,0,0.0,32.805902951475744,16.402951475737872,Dormant
C9646,2,73556.0,36778.0,188,2.0408163265306123,36.746373186593296,19.393594756561953,Dormant
C9647,1,57465.0,57465.0,0,0.0,28.696848424212106,14.348424212106053,Dormant
C9648,2,89027.0,44513.5,26,2.0408163265306123,44.48574287143572,23.263279598983164,Dormant
C9650,2,117265.0,58632.5,337,2.0408163265306123,58.611805902951474,30.326311114741042,Low-Activity
C9651,1,14634.0,14634.0,0,0.0,7.27063531765883,3.635317658829415,Dormant
C9652,4,245575.0,61393.75,210,6.122448979591836,100.0,53.06122448979592,Active
C9653,1,85901.0,85901.0,0,0.0,42.92196098049024,21.46098049024512,Dormant
C9655,2,58535.0,29267.5,48,2.0408163265306123,29.23211605802901,15.636466192279812,Dormant
C9656,2,128946.0,64473.0,225,2.0408163265306123,64.4552276138069,33.24802197016876,Low-Activity
C9659,2,97285.0,48642.5,210,2.0408163265306123,48.6168084042021,25.328812365366353,Low-Activity
C9661,1,62858.0,62858.0,0,0.0,31.394697348674338,15.697348674337169,Dormant
C9662,3,113265.0,37755.0,293,4.081632653061225,56.610805402701345,30.346219027881286,Low-Activity
C9663,1,96434.0,96434.0,0,0.0,48.19109554777389,24.095547773886945,Dormant
C9664,1,39595.0,39595.0,0,0.0,19.757378689344673,9.878689344672337,Dormant
C9666,2,141544.0,70772.0,85,2.0408163265306123,70.75737868934468,36.39909750793765,Low-Activity
C9667,2,122092.0,61046.0,230,2.0408163265306123,61.02651325662831,31.53366479157946,Low-Activity
C9669,2,101920.0,50960.0,105,2.0408163265306123,50.935467733866936,26.488142030198773,Low-Activity
C9671,2,131454.0,65727.0,25,2.0408163265306123,65.70985492746372,33.87533562699717,Low-Activity
C9672,1,81641.0,81641.0,0,0.0,40.79089544772386,20.39544772386193,Dormant
C9674,1,28984.0,28984.0,0,0.0,14.449224612306152,7.224612306153076,Dormant
C9676,3,153877.0,51292.333333333336,130,4.081632653061225,76.92696348174087,40.504298067401045,Low-Activity
C9677,1,48159.0,48159.0,0,0.0,24.041520760380187,12.020760380190094,Dormant
C9680,4,142473.0,35618.25,313,6.122448979591836,71.22211105552776,38.6722800175598,Low-Activity
C9681,1,43068.0,43068.0,0,0.0,21.49474737368684,10.74737368684342,Dormant
C9682,1,50105.0,50105.0,0,0.0,25.015007503751875,12.507503751875937,Dormant
C9683,1,43041.0,43041.0,0,0.0,21.481240620310153,10.740620310155077,Dormant
C9684,4,156310.0,39077.5,135,6.122448979591836,78.144072036018,42.13326050780492,Low-Activity
C9685,1,45330.0,45330.0,0,0.0,22.62631315657829,11.313156578289146,Dormant
C9690,2,65620.0,32810.0,73,2.0408163265306123,32.77638819409705,17.40860226031383,Dormant
C9691,3,65009.0,21669.666666666668,236,4.081632653061225,32.47073536768384,18.276184010372532,Dormant
C9693,1,18518.0,18518.0,0,0.0,9.213606803401701,4.606803401700851,Dormant
C9695,1,26142.0,26142.0,0,0.0,13.02751375687844,6.51375687843922,Dormant
C9697,2,105277.0,52638.5,114,2.0408163265306123,52.614807403701846,27.327811865116228,Low-Activity
C9699,1,50105.0,50105.0,0,0.0,25.015007503751875,12.507503751875937,Dormant
C9701,1,70060.0,70060.0,0,0.0,34.99749874937469,17.498749374687346,Dormant
C9702,2,145017.0,72508.5,121,2.0408163265306123,72.49474737368683,37.267781850108726,Low-Activity
C9705,4,172761.0,43190.25,49,6.122448979591836,86.37368684342171,46.24806791150677,Low-Activity
C9706,2,164161.0,82080.5,135,2.0408163265306123,82.07153576788394,42.05617604720728,Low-Activity
C9707,2,74500.0,37250.0,279,2.0408163265306123,37.218609304652325,19.629712815591468,Dormant
C9708,3,181654.0,60551.333333333336,326,4.081632653061225,90.8224112056028,47.45202192933201,Low-Activity
C9711,4,161498.0,40374.5,173,6.122448979591836,80.73936968484242,43.43090933221713,Low-Activity
C9712,3,159852.0,53284.0,230,4.081632653061225,79.9159579789895,41.99879531602536,Low-Activity
C9713,1,49361.0,49361.0,0,0.0,24.642821410705356,12.321410705352678,Dormant
C9714,2,122138.0,61069.0,60,2.0408163265306123,61.04952476238119,31.5451705444559,Low-Activity
C9716,1,66669.0,66669.0,0,0.0,33.30115057528764,16.65057528764382,Dormant
C9717,1,11345.0,11345.0,0,0.0,5.625312656328164,2.812656328164082,Dormant
C9718,2,144432.0,72216.0,125,2.0408163265306123,72.20210105052526,37.12145868852794,Low-Activity
C9719,3,130639.0,43546.333333333336,285,4.081632653061225,65.30215107553778,34.6918918642995,Low-Activity
C9720,3,99181.0,33060.333333333336,109,4.081632653061225,49.565282641320664,26.823457647190946,Low-Activity
C9721,2,29707.0,14853.5,152,2.0408163265306123,14.810905452726363,8.425860889628488,Dormant
C9724,1,15705.0,15705.0,0,0.0,7.8064032016008005,3.9032016008004002,Dormant
C9728,2,35781.0,17890.5,127,2.0408163265306123,17.84942471235618,9.945120519443396,Dormant
C9733,3,92755.0,30918.333333333332,326,4.081632653061225,46.35067533766883,25.21615399536503,Low-Activity
C9734,1,70718.0,70718.0,0,0.0,35.32666333166583,17.663331665832914,Dormant
C9736,1,8131.0,8131.0,0,0.0,4.017508754377189,2.0087543771885943,Dormant
C9737,5,231109.0,46221.8,277,8.16326530612245,100.0,54.08163265306123,Active
C9738,2,93521.0,46760.5,162,2.0408163265306123,46.733866933466736,24.387341629998673,Dormant
C9740,1,56568.0,56568.0,0,0.0,28.248124062031017,14.124062031015509,Dormant
C9741,2,87945.0,43972.5,33,2.0408163265306123,43.94447223611806,22.992644281324335,Dormant
C9742,1,68000.0,68000.0,0,0.0,33.96698349174587,16.983491745872936,Dormant
C9744,3,151076.0,50358.666666666664,57,4.081632653061225,75.52576288144071,39.803697767250966,Low-Activity
C9745,1,26500.0,26500.0,0,0.0,13.206603301650826,6.603301650825413,Dormant
C9747,1,50105.0,50105.0,0,0.0,25.015007503751875,12.507503751875937,Dormant
C9749,1,17199.0,17199.0,0,0.0,8.553776888444222,4.276888444222111,Dormant
C9750,1,7698.0,7698.0,0,0.0,3.8009004502251127,1.9004502251125563,Dormant
C9751,2,83185.0,41592.5,20,2.0408163265306123,41.563281640820406,21.80204898367551,Dormant
C9752,1,45338.0,45338.0,0,0.0,22.63031515757879,11.315157578789394,Dormant
C9754,2,111379.0,55689.5,183,2.0408163265306123,55.66733366683342,28.854074996682016,Low-Activity
C9755,1,21826.0,21826.0,0,0.0,10.868434217108554,5.434217108554277,Dormant
C9758,2,84480.0,42240.0,250,2.0408163265306123,42.21110555277639,22.1259609396535,Dormant
C9759,2,119863.0,59931.5,13,2.0408163265306123,59.911455727863924,30.976136027197267,Low-Activity
C9761,1,79711.0,79711.0,0,0.0,39.82541270635318,19.91270635317659,Dormant
C9762,1,41570.0,41570.0,0,0.0,20.74537268634317,10.372686343171585,Dormant
C9766,2,78227.0,39113.5,269,2.0408163265306123,39.08304152076038,20.561928923645496,Dormant
C9767,1,28368.0,28368.0,0,0.0,14.141070535267634,7.070535267633817,Dormant
C9768,1,36084.0,36084.0,0,0.0,18.001000500250125,9.000500250125063,Dormant
C9770,1,6876.0,6876.0,0,0.0,3.3896948474237116,1.6948474237118558,Dormant
C9771,1,77524.0,77524.0,0,0.0,38.73136568284142,19.36568284142071,Dormant
C9772,1,88873.0,88873.0,0,0.0,44.40870435217609,22.204352176088044,Dormant
C9774,1,581.0,581.0,0,0.0,0.24062031015507757,0.12031015507753878,Dormant
C9775,2,31164.0,15582.0,180,2.0408163265306123,15.539769884942473,8.790293105736543,Dormant
C9776,1,15685.0,15685.0,0,0.0,7.796398199099549,3.8981990995497746,Dormant
C9777,1,22953.0,22953.0,0,0.0,11.432216108054028,5.716108054027014,Dormant
C9779,1,46452.0,46452.0,0,0.0,23.187593796898447,11.593796898449224,Dormant
C9780,2,84095.0,42047.5,4,2.0408163265306123,42.01850925462731,22.02966279057896,Dormant
C9782,1,92229.0,92229.0,0,0.0,46.08754377188594,23.04377188594297,Dormant
C9783,1,52952.0,52952.0,0,0.0,26.439219609804905,13.219609804902452,Dormant
C9785,1,53705.0,53705.0,0,0.0,26.815907953976986,13.407953976988493,Dormant
C9787,5,285812.0,57162.4,275,8.16326530612245,100.0,54.08163265306123,Active
C9788,1,58005.0,58005.0,0,0.0,28.966983491745875,14.483491745872938,Dormant
C9789,2,82034.0,41017.0,12,2.0408163265306123,40.98749374687344,21.514155036702025,Dormant
C9790,1,50105.0,50105.0,0,0.0,25.015007503751875,12.507503751875937,Dormant
C9791,1,46793.0,46793.0,0,0.0,23.358179089544773,11.679089544772387,Dormant
C9792,3,175386.0,58462.0,232,4.081632653061225,87.68684342171086,45.88423803738604,Low-Activity
C9793,1,7886.0,7886.0,0,0.0,3.8949474737368686,1.9474737368684343,Dormant
C9795,3,177908.0,59302.666666666664,243,4.081632653061225,88.94847423711856,46.51505344508989,Low-Activity
C9798,1,76776.0,76776.0,0,0.0,38.35717858929465,19.178589294647324,Dormant
C9799,1,43350.0,43350.0,0,0.0,21.635817908954476,10.817908954477238,Dormant
C9800,2,51898.0,25949.0,254,2.0408163265306123,25.911955977988992,13.976386152259803,Dormant
C9801,2,79229.0,39614.5,0,2.0408163265306123,39.58429214607303,20.81255423630182,Dormant
C9802,3,79094.0,26364.666666666668,137,4.081632653061225,39.51675837918959,21.79919551612541,Dormant
C9804,2,101578.0,50789.0,140,2.0408163265306123,50.76438219109555,26.40259925881308,Low-Activity
C9806,1,98273.0,98273.0,0,0.0,49.11105552776388,24.55552776388194,Dormant
C9808,3,193738.0,64579.333333333336,291,4.081632653061225,96.86743371685843,50.474533184959824,Active
C9809,1,33525.0,33525.0,0,0.0,16.720860430215108,8.360430215107554,Dormant
C9811,1,50105.0,50105.0,0,0.0,25.015007503751875,12.507503751875937,Dormant
C9812,1,98010.0,98010.0,0,0.0,48.97948974487243,24.489744872436216,Dormant
C9814,1,61759.0,61759.0,0,0.0,30.844922461230617,15.422461230615308,Dormant
C9815,1,45715.0,45715.0,0,0.0,22.81890945472736,11.40945472736368,Dormant
C9817,1,58114.0,58114.0,0,0.0,29.02151075537769,14.510755377688845,Dormant
C9820,1,24134.0,24134.0,0,0.0,12.023011505752876,6.011505752876438,Dormant
C9823,1,71567.0,71567.0,0,0.0,35.751375687843925,17.875687843921963,Dormant
C9828,2,117829.0,58914.5,4,2.0408163265306123,58.89394697348674,30.467381650008676,Low-Activity
C9831,2,111221.0,55610.5,76,2.0408163265306123,55.58829414707353,28.81455523680207,Low-Activity
C9832,1,45393.0,45393.0,0,0.0,22.65782891445723,11.328914457228615,Dormant
C9834,2,91998.0,45999.0,237,2.0408163265306123,45.9719859929965,24.006401159763556,Dormant
C9835,1,6990.0,6990.0,0,0.0,3.4467233616808404,1.7233616808404202,Dormant
C9836,1,50105.0,50105.0,0,0.0,25.015007503751875,12.507503751875937,Dormant
C9837,3,37992.0,12664.0,143,4.081632653061225,18.955477738869433,11.518555195965329,Dormant
C9838,1,87581.0,87581.0,0,0.0,43.76238119059529,21.881190595297646,Dormant
C9839,1,17673.0,17673.0,0,0.0,8.790895447723862,4.395447723861931,Dormant
C9841,3,111890.0,37296.666666666664,186,4.081632653061225,55.922961480740376,30.002297066900802,Low-Activity
C9843,1,48742.0,48742.0,0,0.0,24.333166583291646,12.166583291645823,Dormant
C9844,1,13374.0,13374.0,0,0.0,6.640320160080041,3.3201600800400204,Dormant
C9846,2,84893.0,42446.5,255,2.0408163265306123,42.41770885442722,22.229262590478914,Dormant
C9847,1,26051.0,26051.0,0,0.0,12.98199099549775,6.490995497748875,Dormant
C9848,3,175828.0,58609.333333333336,93,4.081632653061225,87.9079539769885,45.99479331502486,Low-Activity
C9849,1,95501.0,95501.0,0,0.0,47.72436218109055,23.862181090545274,Dormant
C9850,1,67277.0,67277.0,0,0.0,33.605302651325665,16.802651325662833,Dormant
C9851,2,72522.0,36261.0,53,2.0408163265306123,36.22911455727864,19.134965441904626,Dormant
C9853,4,171417.0,42854.25,345,6.122448979591836,85.70135067533768,45.91189982746476,Low-Activity
C9855,1,19493.0,19493.0,0,0.0,9.70135067533767,4.850675337668835,Dormant
C9856,1,57928.0,57928.0,0,0.0,28.928464232116056,14.464232116058028,Dormant
C9857,1,53640.0,53640.0,0,0.0,26.783391695847925,13.391695847923963,Dormant
C9858,1,56244.0,56244.0,0,0.0,28.086043021510754,14.043021510755377,Dormant
C9859,2,83754.0,41877.0,192,2.0408163265306123,41.847923961980996,21.944370144255803,Dormant
C9860,1,71906.0,71906.0,0,0.0,35.92096048024012,17.96048024012006,Dormant
C9861,1,49104.0,49104.0,0,0.0,24.51425712856428,12.25712856428214,Dormant
C9864,3,163884.0,54628.0,130,4.081632653061225,81.93296648324161,43.00729956815142,Low-Activity
C9865,1,76083.0,76083.0,0,0.0,38.01050525262632,19.00525262631316,Dormant
C9867,3,145910.0,48636.666666666664,151,4.081632653061225,72.94147073536769,38.511551694214454,Low-Activity
C9869,1,57804.0,57804.0,0,0.0,28.866433216608307,14.433216608304154,Dormant
C9872,2,107783.0,53891.5,53,2.0408163265306123,53.86843421710855,27.95462527181958,Low-Activity
C9874,1,23684.0,23684.0,0,0.0,11.797898949474737,5.8989494747373685,Dormant
C9876,1,11424.0,11424.0,0,0.0,5.664832416208104,2.832416208104052,Dormant
C9879,2,161575.0,80787.5,69,2.0408163265306123,80.77788894447224,41.40935263550143,Low-Activity
C9880,2,146026.0,73013.0,63,2.0408163265306123,72.99949974987494,37.52015803820278,Low-Activity
C9881,1,44274.0,44274.0,0,0.0,22.098049024512257,11.049024512256128,Dormant
C9884,1,42021.0,42021.0,0,0.0,20.970985492746372,10.485492746373186,Dormant
C9890,1,8307.0,8307.0,0,0.0,4.105552776388194,2.052776388194097,Dormant
C9891,1,94950.0,94950.0,0,0.0,47.44872436218109,23.724362181090545,Dormant
C9893,1,23261.0,23261.0,0,0.0,11.586293146573286,5.793146573286643,Dormant
C9894,2,107232.0,53616.0,78,2.0408163265306123,53.59279639819909,27.81680636236485,Low-Activity
C9895,4,177678.0,44419.5,174,6.122448979591836,88.83341670835418,47.47793284397301,Low-Activity
C9896,1,20208.0,20208.0,0,0.0,10.059029514757379,5.029514757378689,Dormant
C9897,1,50105.0,50105.0,0,0.0,25.015007503751875,12.507503751875937,Dormant
C9899,1,23451.0,23451.0,0,0.0,11.681340670335167,5.840670335167584,Dormant
C9901,3,183658.0,61219.333333333336,283,4.081632653061225,91.82491245622812,47.95327255464467,Low-Activity
C9903,1,68504.0,68504.0,0,0.0,34.21910955477739,17.109554777388695,Dormant
C9904,1,29353.0,29353.0,0,0.0,14.633816908454229,7.316908454227114,Dormant
C9905,3,155745.0,51915.0,54,4.081632653061225,77.86143071535768,40.97153168420945,Low-Activity
C9906,3,242640.0,80880.0,117,4.081632653061225,100.0,52.04081632653061,Active
C9907,2,118931.0,59465.5,222,2.0408163265306123,59.445222611305645,30.743019468918128,Low-Activity
C9910,1,31655.0,31655.0,0,0.0,15.785392696348174,7.892696348174087,Dormant
C9911,2,194427.0,97213.5,148,2.0408163265306123,97.21210605302652,49.62646118977857,Low-Activity
C9912,1,65149.0,65149.0,0,0.0,32.540770385192594,16.270385192596297,Dormant
C9914,1,1582.0,1582.0,0,0.0,0.7413706853426714,0.3706853426713357,Dormant
C9915,2,135149.0,67574.5,31,2.0408163265306123,67.55827913956979,34.799547733050204,Low-Activity
C9916,1,50105.0,50105.0,0,0.0,25.015007503751875,12.507503751875937,Dormant
C9919,1,50105.0,50105.0,0,0.0,25.015007503751875,12.507503751875937,Dormant
C9920,1,16089.0,16089.0,0,0.0,7.998499249624813,3.9992496248124065,Dormant
C9921,2,78454.0,39227.0,198,2.0408163265306123,39.19659829914958,20.618707312840094,Dormant
C9923,2,107965.0,53982.5,260,2.0408163265306123,53.959479739869934,28.000148033200272,Low-Activity
C9924,2,143548.0,71774.0,72,2.0408163265306123,71.75987993996998,36.9003481332503,Low-Activity
C9926,1,84756.0,84756.0,0,0.0,42.349174587293646,21.174587293646823,Dormant
C9927,1,53009.0,53009.0,0,0.0,26.467733866933468,13.233866933466734,Dormant
C9930,2,67227.0,33613.5,103,2.0408163265306123,33.58029014507254,17.810553235801574,Dormant
C9931,1,62018.0,62018.0,0,0.0,30.974487243621812,15.487243621810906,Dormant
C9932,1,90573.0,90573.0,0,0.0,45.25912956478239,22.629564782391196,Dormant
C9933,2,87027.0,43513.5,167,2.0408163265306123,43.485242621310654,22.763029473920632,Dormant
C9934,1,37263.0,37263.0,0,0.0,18.59079539769885,9.295397698849426,Dormant
C9938,1,11056.0,11056.0,0,0.0,5.480740370185092,2.740370185092546,Dormant
C9940,1,22065.0,22065.0,0,0.0,10.9879939969985,5.49399699849925,Dormant
C9941,1,78234.0,78234.0,0,0.0,39.08654327163582,19.54327163581791,Dormant
C9942,1,88167.0,88167.0,0,0.0,44.05552776388194,22.02776388194097,Dormant
C9943,1,62996.0,62996.0,0,0.0,31.463731865932964,15.731865932966482,Dormant
C9945,3,152744.0,50914.666666666664,77,4.081632653061225,76.36018009004502,40.22090637155312,Low-Activity
C9946,1,40955.0,40955.0,0,0.0,20.437718859429715,10.218859429714858,Dormant
C9947,1,65213.0,65213.0,0,0.0,32.5727863931966,16.2863931965983,Dormant
C9949,2,99407.0,49703.5,42,2.0408163265306123,49.67833916958479,25.8595777480577,Low-Activity
C9953,3,49909.0,16636.333333333332,237,4.081632653061225,24.91695847923962,14.499295566150423,Dormant
C9954,3,230059.0,76686.33333333333,155,4.081632653061225,100.0,52.04081632653061,Active
C9955,1,25366.0,25366.0,0,0.0,12.639319659829914,6.319659829914957,Dormant
C9958,1,55421.0,55421.0,0,0.0,27.67433716858429,13.837168584292145,Dormant
C9959,2,90003.0,45001.5,0,2.0408163265306123,44.97398699349675,23.50740166001368,Dormant
C9960,1,27781.0,27781.0,0,0.0,13.847423711855928,6.923711855927964,Dormant
C9961,1,48269.0,48269.0,0,0.0,24.09654827413707,12.048274137068535,Dormant
C9963,1,63470.0,63470.0,0,0.0,31.700850425212607,15.850425212606304,Dormant
C9964,1,33459.0,33459.0,0,0.0,16.68784392196098,8.34392196098049,Dormant
C9966,1,60763.0,60763.0,0,0.0,30.346673336668335,15.173336668334167,Dormant
C9967,3,148153.0,49384.333333333336,250,4.081632653061225,74.06353176588294,39.07258220947208,Low-Activity
C9970,1,29576.0,29576.0,0,0.0,14.745372686343172,7.372686343171586,Dormant
C9971,1,66024.0,66024.0,0,0.0,32.97848924462231,16.489244622311155,Dormant
C9974,2,48287.0,24143.5,213,2.0408163265306123,24.105552776388194,13.073184551459404,Dormant
C9975,2,64464.0,32232.0,200,2.0408163265306123,32.198099049524764,17.119457688027687,Dormant
C9976,2,152523.0,76261.5,75,2.0408163265306123,76.2496248124062,39.14522056946841,Low-Activity
C9978,1,63259.0,63259.0,0,0.0,31.59529764882441,15.797648824412205,Dormant
C9979,1,3094.0,3094.0,0,0.0,1.4977488744372187,0.7488744372186094,Dormant
C9980,1,44758.0,44758.0,0,0.0,22.340170085042523,11.170085042521261,Dormant
C9982,1,89567.0,89567.0,0,0.0,44.75587793896948,22.37793896948474,Dormant
C9983,1,58031.0,58031.0,0,0.0,28.979989994997503,14.489994997498751,Dormant
C9984,3,264130.0,88043.33333333333,166,4.081632653061225,100.0,52.04081632653061,Active
C9987,1,25050.0,25050.0,0,0.0,12.481240620310155,6.2406203101550775,Dormant
C9988,3,192826.0,64275.333333333336,105,4.081632653061225,96.4112056028014,50.24641912793131,Active
C9989,4,231844.0,57961.0,230,6.122448979591836,100.0,53.06122448979592,Active
C9990,1,3090.0,3090.0,0,0.0,1.4957478739369685,0.7478739369684843,Dormant
C9991,1,29300.0,29300.0,0,0.0,14.607303651825912,7.303651825912956,Dormant
C9992,1,33240.0,33240.0,0,0.0,16.578289144572285,8.289144572286142,Dormant
C9994,1,31338.0,31338.0,0,0.0,15.626813406703352,7.813406703351676,Dormant
C9995,2,140841.0,70420.5,46,2.0408163265306123,70.40570285142572,36.223259588978166,Low-Activity
C9996,3,157341.0,52447.0,354,4.081632653061225,78.65982991495748,41.37073128400935,Low-Activity
C9997,1,88824.0,88824.0,0,0.0,44.384192096048025,22.192096048024013,Dormant
C9998,2,96185.0,48092.5,52,2.0408163265306123,48.066533266633314,25.053674796581962,Low-Activity
