Customer_ID,Customer_Name,Customer_Segment,Customer_Age,Account_Created_Time
C8270,Customer C8270,Bronze,61,2025-01-01
C1860,Customer C1860,Bronze,69,2025-01-01
C6390,Customer C6390,Bronze,51,2025-01-01
C6191,Customer C6191,Bronze,27,2025-01-01
C6734,Customer C6734,Bronze,68,2025-01-01
C7265,Customer C7265,Bronze,58,2025-01-01
C1466,Customer C1466,Gold,74,2025-01-01
C5426,Customer C5426,Gold,41,2025-01-01
C6578,Customer C6578,Silver,57,2025-01-01
C9322,Customer C9322,Silver,41,2025-01-01
C2685,Customer C2685,Silver,73,2025-01-01
C1769,Customer C1769,Bronze,49,2025-01-01
C7949,Customer C7949,Bronze,73,2025-01-01
C3433,Customer C3433,Silver,50,2025-01-01
C6311,Customer C6311,Silver,55,2025-01-01
C6051,Customer C6051,Bronze,61,2025-01-01
C7420,Customer C7420,Gold,74,2025-01-01
C2184,Customer C2184,Bronze,73,2025-01-01
C5555,Customer C5555,Bronze,68,2025-01-01
C4385,Customer C4385,Silver,66,2025-01-01
C7396,Customer C7396,Bronze,51,2025-01-01
C9666,Customer C9666,Bronze,28,2025-01-01
C3558,Customer C3558,Bronze,48,2025-01-01
C8849,Customer C8849,Silver,35,2025-01-01
C3047,Customer C3047,Bronze,40,2025-01-01
C3747,Customer C3747,Silver,39,2025-01-01
C1189,Customer C1189,Bronze,60,2025-01-01
C3734,Customer C3734,Bronze,35,2025-01-01
C4005,Customer C4005,Gold,57,2025-01-01
C5658,Customer C5658,Bronze,64,2025-01-01
C2899,Customer C2899,Gold,58,2025-01-01
C8734,Customer C8734,Bronze,64,2025-01-01
C2267,Customer C2267,Gold,56,2025-01-01
C2528,Customer C2528,Bronze,37,2025-01-01
C4890,Customer C4890,Bronze,62,2025-01-01
C9838,Customer C9838,Bronze,18,2025-01-01
C6393,Customer C6393,Silver,69,2025-01-01
C9792,Customer C9792,Bronze,21,2025-01-01
C9433,Customer C9433,Bronze,41,2025-01-01
C8513,Customer C8513,Bronze,53,2025-01-01
C3612,Customer C3612,Bronze,53,2025-01-01
C8041,Customer C8041,Silver,62,2025-01-01
C7235,Customer C7235,Bronze,19,2025-01-01
C6486,Customer C6486,Silver,45,2025-01-01
C8099,Customer C8099,Silver,43,2025-01-01
C1775,Customer C1775,Silver,40,2025-01-01
C9226,Customer C9226,Bronze,32,2025-01-01
C4152,Customer C4152,Silver,53,2025-01-01
C2585,Customer C2585,Gold,44,2025-01-01
C4943,Customer C4943,Silver,23,2025-01-01
C8555,Customer C8555,Bronze,52,2025-01-01
C4073,Customer C4073,Silver,56,2025-01-01
C2021,Customer C2021,Silver,55,2025-01-01
C4843,Customer C4843,Silver,52,2025-01-01
C8989,Customer C8989,Bronze,53,2025-01-01
C7873,Customer C7873,Bronze,27,2025-01-01
C6675,Customer C6675,Silver,47,2025-01-01
C1161,Customer C1161,Bronze,70,2025-01-01
C5297,Customer C5297,Silver,58,2025-01-01
C1995,Customer C1995,Bronze,55,2025-01-01
C8629,Customer C8629,Bronze,46,2025-01-01
C2016,Customer C2016,Bronze,69,2025-01-01
C8869,Customer C8869,Bronze,60,2025-01-01
C8892,Customer C8892,Silver,67,2025-01-01
C7863,Customer C7863,Silver,21,2025-01-01
C8916,Customer C8916,Bronze,22,2025-01-01
C9529,Customer C9529,Silver,21,2025-01-01
C1878,Customer C1878,Silver,53,2025-01-01
C5887,Customer C5887,Bronze,62,2025-01-01
C5859,Customer C5859,Bronze,33,2025-01-01
C7331,Customer C7331,Silver,42,2025-01-01
C9571,Customer C9571,Silver,31,2025-01-01
C9684,Customer C9684,Gold,28,2025-01-01
C8208,Customer C8208,Bronze,46,2025-01-01
C6276,Customer C6276,Silver,51,2025-01-01
C3062,Customer C3062,Bronze,39,2025-01-01
C1064,Customer C1064,Bronze,31,2025-01-01
C9006,Customer C9006,Bronze,73,2025-01-01
C3568,Customer C3568,Bronze,41,2025-01-01
C6463,Customer C6463,Bronze,56,2025-01-01
C3027,Customer C3027,Bronze,43,2025-01-01
C3695,Customer C3695,Silver,60,2025-01-01
C6258,Customer C6258,Silver,53,2025-01-01
C6618,Customer C6618,Bronze,56,2025-01-01
C7736,Customer C7736,Gold,33,2025-01-01
C1391,Customer C1391,Bronze,55,2025-01-01
C6892,Customer C6892,Bronze,49,2025-01-01
C4561,Customer C4561,Silver,23,2025-01-01
C7184,Customer C7184,Bronze,51,2025-01-01
C4099,Customer C4099,Bronze,73,2025-01-01
C7278,Customer C7278,Bronze,25,2025-01-01
C9392,Customer C9392,Bronze,47,2025-01-01
C4104,Customer C4104,Silver,44,2025-01-01
C8215,Customer C8215,Bronze,24,2025-01-01
C3454,Customer C3454,Bronze,44,2025-01-01
C9996,Customer C9996,Bronze,42,2025-01-01
C9154,Customer C9154,Bronze,63,2025-01-01
C6056,Customer C6056,Silver,58,2025-01-01
C9110,Customer C9110,Bronze,32,2025-01-01
C4840,Customer C4840,Bronze,42,2025-01-01
C2028,Customer C2028,Bronze,39,2025-01-01
C8385,Customer C8385,Bronze,35,2025-01-01
C1502,Customer C1502,Bronze,29,2025-01-01
C7910,Customer C7910,Bronze,40,2025-01-01
C7938,Customer C7938,Gold,68,2025-01-01
C5488,Customer C5488,Bronze,62,2025-01-01
C1206,Customer C1206,Silver,56,2025-01-01
C6134,Customer C6134,Bronze,42,2025-01-01
C6977,Customer C6977,Bronze,27,2025-01-01
C8721,Customer C8721,Bronze,47,2025-01-01
C8035,Customer C8035,Gold,27,2025-01-01
C2484,Customer C2484,Bronze,51,2025-01-01
C8858,Customer C8858,Bronze,63,2025-01-01
C1863,Customer C1863,Bronze,30,2025-01-01
C3790,Customer C3790,Bronze,71,2025-01-01
C8408,Customer C8408,Bronze,46,2025-01-01
C9755,Customer C9755,Bronze,55,2025-01-01
C6116,Customer C6116,Bronze,58,2025-01-01
C7019,Customer C7019,Bronze,62,2025-01-01
C2757,Customer C2757,Silver,26,2025-01-01
C8574,Customer C8574,Bronze,30,2025-01-01
C7374,Customer C7374,Bronze,54,2025-01-01
C7892,Customer C7892,Bronze,31,2025-01-01
C2678,Customer C2678,Silver,54,2025-01-01
C4242,Customer C4242,Bronze,26,2025-01-01
C5636,Customer C5636,Bronze,25,2025-01-01
C2059,Customer C2059,Bronze,56,2025-01-01
C4157,Customer C4157,Bronze,71,2025-01-01
C6915,Customer C6915,Silver,20,2025-01-01
C3693,Customer C3693,Silver,72,2025-01-01
C4627,Customer C4627,Silver,73,2025-01-01
C6450,Customer C6450,Bronze,64,2025-01-01
C2663,Customer C2663,Bronze,57,2025-01-01
C6592,Customer C6592,Bronze,50,2025-01-01
C8392,Customer C8392,Bronze,49,2025-01-01
C2306,Customer C2306,Bronze,24,2025-01-01
C7776,Customer C7776,Silver,36,2025-01-01
C6864,Customer C6864,Bronze,51,2025-01-01
C8526,Customer C8526,Bronze,31,2025-01-01
C9901,Customer C9901,Bronze,67,2025-01-01
C6575,Customer C6575,Bronze,64,2025-01-01
C6530,Customer C6530,Bronze,63,2025-01-01
C4748,Customer C4748,Bronze,74,2025-01-01
C1663,Customer C1663,Silver,36,2025-01-01
C2998,Customer C2998,Silver,68,2025-01-01
C8994,Customer C8994,Silver,71,2025-01-01
C2495,Customer C2495,Bronze,43,2025-01-01
C4304,Customer C4304,Bronze,34,2025-01-01
C4763,Customer C4763,Bronze,71,2025-01-01
C6232,Customer C6232,Silver,45,2025-01-01
C2853,Customer C2853,Bronze,36,2025-01-01
C7585,Customer C7585,Silver,44,2025-01-01
C2291,Customer C2291,Bronze,65,2025-01-01
C4581,Customer C4581,Bronze,69,2025-01-01
C8554,Customer C8554,Bronze,74,2025-01-01
C4696,Customer C4696,Silver,68,2025-01-01
C1698,Customer C1698,Silver,24,2025-01-01
C5737,Customer C5737,Silver,46,2025-01-01
C1854,Customer C1854,Silver,72,2025-01-01
C9164,Customer C9164,Silver,60,2025-01-01
C6855,Customer C6855,Bronze,22,2025-01-01
C7528,Customer C7528,Silver,47,2025-01-01
C6249,Customer C6249,Bronze,66,2025-01-01
C6172,Customer C6172,Bronze,60,2025-01-01
C2707,Customer C2707,Silver,73,2025-01-01
C6791,Customer C6791,Bronze,25,2025-01-01
C6535,Customer C6535,Bronze,59,2025-01-01
C5931,Customer C5931,Bronze,29,2025-01-01
C4510,Customer C4510,Bronze,59,2025-01-01
C1202,Customer C1202,Gold,30,2025-01-01
C5218,Customer C5218,Bronze,43,2025-01-01
C9958,Customer C9958,Bronze,35,2025-01-01
C5389,Customer C5389,Bronze,59,2025-01-01
C3327,Customer C3327,Bronze,68,2025-01-01
C9004,Customer C9004,Gold,69,2025-01-01
C3931,Customer C3931,Bronze,66,2025-01-01
C8777,Customer C8777,Bronze,37,2025-01-01
C1197,Customer C1197,Silver,33,2025-01-01
C8125,Customer C8125,Gold,54,2025-01-01
C2930,Customer C2930,Silver,20,2025-01-01
C7287,Customer C7287,Silver,44,2025-01-01
C9800,Customer C9800,Bronze,32,2025-01-01
C3511,Customer C3511,Bronze,62,2025-01-01
C1659,Customer C1659,Silver,39,2025-01-01
C3811,Customer C3811,Bronze,57,2025-01-01
C8098,Customer C8098,Bronze,40,2025-01-01
C7546,Customer C7546,Bronze,66,2025-01-01
C2986,Customer C2986,Bronze,21,2025-01-01
C9338,Customer C9338,Bronze,68,2025-01-01
C2734,Customer C2734,Bronze,74,2025-01-01
C2843,Customer C2843,Silver,58,2025-01-01
C3976,Customer C3976,Bronze,64,2025-01-01
C6759,Customer C6759,Bronze,41,2025-01-01
C7694,Customer C7694,Bronze,38,2025-01-01
C3385,Customer C3385,Silver,58,2025-01-01
C2802,Customer C2802,Bronze,72,2025-01-01
C9155,Customer C9155,Bronze,70,2025-01-01
C9120,Customer C9120,Gold,33,2025-01-01
C7616,Customer C7616,Silver,73,2025-01-01
C6534,Customer C6534,Silver,72,2025-01-01
C5061,Customer C5061,Silver,42,2025-01-01
C1262,Customer C1262,Bronze,43,2025-01-01
C9815,Customer C9815,Silver,66,2025-01-01
C3049,Customer C3049,Bronze,62,2025-01-01
C6423,Customer C6423,Silver,26,2025-01-01
C5548,Customer C5548,Silver,32,2025-01-01
C4108,Customer C4108,Bronze,56,2025-01-01
C8158,Customer C8158,Silver,50,2025-01-01
C8400,Customer C8400,Gold,18,2025-01-01
C4170,Customer C4170,Bronze,22,2025-01-01
C3255,Customer C3255,Silver,73,2025-01-01
C2154,Customer C2154,Bronze,26,2025-01-01
C5499,Customer C5499,Bronze,61,2025-01-01
C7295,Customer C7295,Bronze,23,2025-01-01
C7197,Customer C7197,Bronze,45,2025-01-01
C2648,Customer C2648,Gold,62,2025-01-01
C6539,Customer C6539,Silver,43,2025-01-01
C5199,Customer C5199,Silver,45,2025-01-01
C9445,Customer C9445,Bronze,57,2025-01-01
C3557,Customer C3557,Gold,32,2025-01-01
C1098,Customer C1098,Bronze,23,2025-01-01
C3200,Customer C3200,Silver,44,2025-01-01
C3961,Customer C3961,Bronze,55,2025-01-01
C5973,Customer C5973,Bronze,21,2025-01-01
C5433,Customer C5433,Silver,28,2025-01-01
C3869,Customer C3869,Bronze,38,2025-01-01
C1956,Customer C1956,Bronze,47,2025-01-01
C9352,Customer C9352,Bronze,35,2025-01-01
C6699,Customer C6699,Bronze,52,2025-01-01
C5493,Customer C5493,Bronze,29,2025-01-01
C5911,Customer C5911,Bronze,44,2025-01-01
C4987,Customer C4987,Bronze,70,2025-01-01
C7015,Customer C7015,Silver,47,2025-01-01
C2218,Customer C2218,Bronze,38,2025-01-01
C5496,Customer C5496,Gold,55,2025-01-01
C5735,Customer C5735,Silver,38,2025-01-01
C9050,Customer C9050,Bronze,55,2025-01-01
C4446,Customer C4446,Silver,57,2025-01-01
C2045,Customer C2045,Silver,32,2025-01-01
C7893,Customer C7893,Gold,35,2025-01-01
C4436,Customer C4436,Bronze,46,2025-01-01
C9754,Customer C9754,Silver,65,2025-01-01
C6895,Customer C6895,Silver,55,2025-01-01
C4354,Customer C4354,Silver,38,2025-01-01
C1225,Customer C1225,Bronze,34,2025-01-01
C5893,Customer C5893,Silver,58,2025-01-01
C8022,Customer C8022,Gold,68,2025-01-01
C6600,Customer C6600,Bronze,35,2025-01-01
C8683,Customer C8683,Bronze,72,2025-01-01
C5642,Customer C5642,Silver,54,2025-01-01
C8679,Customer C8679,Silver,55,2025-01-01
C9208,Customer C9208,Silver,29,2025-01-01
C8339,Customer C8339,Bronze,28,2025-01-01
C3205,Customer C3205,Bronze,65,2025-01-01
C2069,Customer C2069,Bronze,69,2025-01-01
C4444,Customer C4444,Bronze,66,2025-01-01
C2060,Customer C2060,Silver,37,2025-01-01
C4420,Customer C4420,Gold,26,2025-01-01
C1301,Customer C1301,Gold,18,2025-01-01
C1606,Customer C1606,Gold,20,2025-01-01
C1699,Customer C1699,Bronze,38,2025-01-01
C6088,Customer C6088,Bronze,40,2025-01-01
C1190,Customer C1190,Silver,26,2025-01-01
C1980,Customer C1980,Gold,71,2025-01-01
C3975,Customer C3975,Bronze,36,2025-01-01
C7102,Customer C7102,Bronze,62,2025-01-01
C4327,Customer C4327,Bronze,72,2025-01-01
C4394,Customer C4394,Silver,63,2025-01-01
C9319,Customer C9319,Bronze,69,2025-01-01
C2816,Customer C2816,Bronze,36,2025-01-01
C6854,Customer C6854,Bronze,40,2025-01-01
C7709,Customer C7709,Bronze,44,2025-01-01
C1569,Customer C1569,Silver,44,2025-01-01
C6442,Customer C6442,Bronze,56,2025-01-01
C2895,Customer C2895,Silver,53,2025-01-01
C3733,Customer C3733,Silver,29,2025-01-01
C4863,Customer C4863,Silver,72,2025-01-01
C8455,Customer C8455,Bronze,44,2025-01-01
C5014,Customer C5014,Gold,63,2025-01-01
C2686,Customer C2686,Bronze,51,2025-01-01
C4009,Customer C4009,Gold,50,2025-01-01
C8806,Customer C8806,Gold,45,2025-01-01
C1154,Customer C1154,Bronze,48,2025-01-01
C2409,Customer C2409,Bronze,49,2025-01-01
C1784,Customer C1784,Bronze,67,2025-01-01
C9096,Customer C9096,Bronze,37,2025-01-01
C8560,Customer C8560,Bronze,57,2025-01-01
C8343,Customer C8343,Bronze,52,2025-01-01
C8206,Customer C8206,Bronze,48,2025-01-01
C6596,Customer C6596,Bronze,48,2025-01-01
C6801,Customer C6801,Bronze,55,2025-01-01
C3806,Customer C3806,Bronze,39,2025-01-01
C1537,Customer C1537,Bronze,62,2025-01-01
C6986,Customer C6986,Bronze,58,2025-01-01
C2841,Customer C2841,Bronze,26,2025-01-01
C9716,Customer C9716,Bronze,69,2025-01-01
C7971,Customer C7971,Silver,26,2025-01-01
C6625,Customer C6625,Bronze,32,2025-01-01
C3950,Customer C3950,Bronze,30,2025-01-01
C8992,Customer C8992,Bronze,39,2025-01-01
C5780,Customer C5780,Silver,33,2025-01-01
C3368,Customer C3368,Silver,49,2025-01-01
C7655,Customer C7655,Silver,19,2025-01-01
C9173,Customer C9173,Silver,43,2025-01-01
C5495,Customer C5495,Bronze,31,2025-01-01
C7002,Customer C7002,Bronze,55,2025-01-01
C7614,Customer C7614,Bronze,51,2025-01-01
C6919,Customer C6919,Gold,25,2025-01-01
C1853,Customer C1853,Silver,53,2025-01-01
C5146,Customer C5146,Silver,38,2025-01-01
C4769,Customer C4769,Bronze,73,2025-01-01
C1574,Customer C1574,Silver,63,2025-01-01
C2148,Customer C2148,Bronze,60,2025-01-01
C7293,Customer C7293,Bronze,73,2025-01-01
C7457,Customer C7457,Bronze,45,2025-01-01
C8509,Customer C8509,Bronze,63,2025-01-01
C5777,Customer C5777,Bronze,61,2025-01-01
C4854,Customer C4854,Silver,65,2025-01-01
C3491,Customer C3491,Bronze,23,2025-01-01
C4124,Customer C4124,Bronze,37,2025-01-01
C6691,Customer C6691,Bronze,48,2025-01-01
C4051,Customer C4051,Bronze,50,2025-01-01
C6222,Customer C6222,Silver,24,2025-01-01
C6315,Customer C6315,Silver,25,2025-01-01
C5869,Customer C5869,Silver,26,2025-01-01
C1876,Customer C1876,Silver,19,2025-01-01
C8027,Customer C8027,Bronze,34,2025-01-01
C5142,Customer C5142,Silver,69,2025-01-01
C7966,Customer C7966,Bronze,62,2025-01-01
C8079,Customer C8079,Bronze,54,2025-01-01
C8987,Customer C8987,Bronze,59,2025-01-01
C7799,Customer C7799,Silver,61,2025-01-01
C5465,Customer C5465,Silver,34,2025-01-01
C1635,Customer C1635,Bronze,70,2025-01-01
C5752,Customer C5752,Silver,55,2025-01-01
C9311,Customer C9311,Gold,52,2025-01-01
C1830,Customer C1830,Bronze,64,2025-01-01
C6177,Customer C6177,Bronze,56,2025-01-01
C9932,Customer C9932,Silver,47,2025-01-01
C9308,Customer C9308,Bronze,23,2025-01-01
C6949,Customer C6949,Silver,21,2025-01-01
C3838,Customer C3838,Bronze,68,2025-01-01
C2150,Customer C2150,Bronze,54,2025-01-01
C2931,Customer C2931,Silver,52,2025-01-01
C2664,Customer C2664,Silver,74,2025-01-01
C2081,Customer C2081,Silver,26,2025-01-01
C1512,Customer C1512,Silver,23,2025-01-01
C8805,Customer C8805,Silver,30,2025-01-01
C6237,Customer C6237,Silver,39,2025-01-01
C1559,Customer C1559,Bronze,45,2025-01-01
C4672,Customer C4672,Bronze,47,2025-01-01
C8404,Customer C8404,Bronze,69,2025-01-01
C4343,Customer C4343,Silver,53,2025-01-01
C5070,Customer C5070,Bronze,19,2025-01-01
C1580,Customer C1580,Bronze,53,2025-01-01
C8004,Customer C8004,Bronze,25,2025-01-01
C9130,Customer C9130,Silver,62,2025-01-01
C4147,Customer C4147,Silver,59,2025-01-01
C5249,Customer C5249,Bronze,67,2025-01-01
C2679,Customer C2679,Silver,26,2025-01-01
C4506,Customer C4506,Bronze,18,2025-01-01
C8253,Customer C8253,Bronze,30,2025-01-01
C3744,Customer C3744,Silver,67,2025-01-01
C3141,Customer C3141,Gold,49,2025-01-01
C7617,Customer C7617,Bronze,51,2025-01-01
C3479,Customer C3479,Bronze,60,2025-01-01
C7484,Customer C7484,Gold,48,2025-01-01
C8421,Customer C8421,Bronze,31,2025-01-01
C5452,Customer C5452,Gold,71,2025-01-01
C6881,Customer C6881,Gold,64,2025-01-01
C7665,Customer C7665,Bronze,31,2025-01-01
C3849,Customer C3849,Bronze,65,2025-01-01
C8390,Customer C8390,Bronze,72,2025-01-01
C7905,Customer C7905,Bronze,46,2025-01-01
C5611,Customer C5611,Bronze,36,2025-01-01
C3839,Customer C3839,Bronze,44,2025-01-01
C9527,Customer C9527,Bronze,26,2025-01-01
C6878,Customer C6878,Gold,54,2025-01-01
C7303,Customer C7303,Silver,54,2025-01-01
C1851,Customer C1851,Silver,60,2025-01-01
C2687,Customer C2687,Bronze,45,2025-01-01
C7833,Customer C7833,Silver,69,2025-01-01
C3427,Customer C3427,Bronze,74,2025-01-01
C5000,Customer C5000,Silver,41,2025-01-01
C6052,Customer C6052,Gold,45,2025-01-01
C3738,Customer C3738,Bronze,53,2025-01-01
C6732,Customer C6732,Silver,69,2025-01-01
C6387,Customer C6387,Silver,35,2025-01-01
C9002,Customer C9002,Gold,42,2025-01-01
C6536,Customer C6536,Silver,52,2025-01-01
C4913,Customer C4913,Bronze,21,2025-01-01
C2066,Customer C2066,Bronze,31,2025-01-01
C8723,Customer C8723,Bronze,56,2025-01-01
C5380,Customer C5380,Silver,43,2025-01-01
C5107,Customer C5107,Bronze,25,2025-01-01
C6726,Customer C6726,Silver,41,2025-01-01
C4373,Customer C4373,Bronze,33,2025-01-01
C9945,Customer C9945,Bronze,37,2025-01-01
C3082,Customer C3082,Bronze,32,2025-01-01
C9967,Customer C9967,Silver,24,2025-01-01
C7748,Customer C7748,Bronze,34,2025-01-01
C1417,Customer C1417,Bronze,39,2025-01-01
C9306,Customer C9306,Bronze,39,2025-01-01
C9808,Customer C9808,Bronze,71,2025-01-01
C4974,Customer C4974,Bronze,29,2025-01-01
C4267,Customer C4267,Silver,35,2025-01-01
C1825,Customer C1825,Bronze,73,2025-01-01
C8668,Customer C8668,Bronze,63,2025-01-01
C6745,Customer C6745,Silver,64,2025-01-01
C1412,Customer C1412,Gold,32,2025-01-01
C8543,Customer C8543,Silver,54,2025-01-01
C8587,Customer C8587,Bronze,33,2025-01-01
C1728,Customer C1728,Silver,22,2025-01-01
C8164,Customer C8164,Gold,19,2025-01-01
C9867,Customer C9867,Silver,69,2025-01-01
C6988,Customer C6988,Bronze,45,2025-01-01
C3504,Customer C3504,Bronze,74,2025-01-01
C3967,Customer C3967,Silver,58,2025-01-01
C3786,Customer C3786,Bronze,71,2025-01-01
C2122,Customer C2122,Bronze,44,2025-01-01
C5079,Customer C5079,Silver,48,2025-01-01
C2571,Customer C2571,Silver,58,2025-01-01
C6073,Customer C6073,Bronze,53,2025-01-01
C6104,Customer C6104,Silver,64,2025-01-01
C3143,Customer C3143,Bronze,60,2025-01-01
C7806,Customer C7806,Bronze,18,2025-01-01
C8357,Customer C8357,Silver,67,2025-01-01
C4440,Customer C4440,Bronze,46,2025-01-01
C4766,Customer C4766,Bronze,18,2025-01-01
C6644,Customer C6644,Gold,25,2025-01-01
C3914,Customer C3914,Bronze,74,2025-01-01
C5968,Customer C5968,Bronze,33,2025-01-01
C6917,Customer C6917,Gold,45,2025-01-01
C9787,Customer C9787,Silver,39,2025-01-01
C2365,Customer C2365,Silver,35,2025-01-01
C5492,Customer C5492,Silver,39,2025-01-01
C8186,Customer C8186,Bronze,58,2025-01-01
C1395,Customer C1395,Silver,29,2025-01-01
C9082,Customer C9082,Bronze,36,2025-01-01
C5171,Customer C5171,Silver,42,2025-01-01
C5360,Customer C5360,Bronze,67,2025-01-01
C3502,Customer C3502,Silver,22,2025-01-01
C1717,Customer C1717,Bronze,51,2025-01-01
C3782,Customer C3782,Bronze,56,2025-01-01
C5946,Customer C5946,Silver,27,2025-01-01
C9335,Customer C9335,Silver,64,2025-01-01
C5980,Customer C5980,Silver,74,2025-01-01
C8266,Customer C8266,Bronze,24,2025-01-01
C8192,Customer C8192,Silver,64,2025-01-01
C6588,Customer C6588,Silver,69,2025-01-01
C8651,Customer C8651,Silver,69,2025-01-01
C4636,Customer C4636,Gold,32,2025-01-01
C2167,Customer C2167,Silver,59,2025-01-01
C2062,Customer C2062,Bronze,41,2025-01-01
C3156,Customer C3156,Silver,43,2025-01-01
C6161,Customer C6161,Silver,63,2025-01-01
C6305,Customer C6305,Silver,43,2025-01-01
C7541,Customer C7541,Silver,27,2025-01-01
C5729,Customer C5729,Bronze,34,2025-01-01
C8330,Customer C8330,Bronze,70,2025-01-01
C6334,Customer C6334,Bronze,31,2025-01-01
C9924,Customer C9924,Gold,19,2025-01-01
C5330,Customer C5330,Silver,65,2025-01-01
C9010,Customer C9010,Bronze,30,2025-01-01
C7801,Customer C7801,Gold,44,2025-01-01
C5846,Customer C5846,Bronze,26,2025-01-01
C7731,Customer C7731,Bronze,24,2025-01-01
C8241,Customer C8241,Silver,65,2025-01-01
C3539,Customer C3539,Bronze,73,2025-01-01
C8056,Customer C8056,Bronze,71,2025-01-01
C2542,Customer C2542,Bronze,26,2025-01-01
C2191,Customer C2191,Bronze,40,2025-01-01
C7313,Customer C7313,Bronze,24,2025-01-01
C3681,Customer C3681,Bronze,65,2025-01-01
C2540,Customer C2540,Bronze,26,2025-01-01
C7172,Customer C7172,Bronze,44,2025-01-01
C6541,Customer C6541,Bronze,41,2025-01-01
C9691,Customer C9691,Silver,46,2025-01-01
C9702,Customer C9702,Silver,34,2025-01-01
C8494,Customer C8494,Bronze,37,2025-01-01
C2324,Customer C2324,Bronze,60,2025-01-01
C4141,Customer C4141,Bronze,57,2025-01-01
C8419,Customer C8419,Bronze,24,2025-01-01
C4486,Customer C4486,Bronze,45,2025-01-01
C2810,Customer C2810,Bronze,36,2025-01-01
C7588,Customer C7588,Silver,37,2025-01-01
C3923,Customer C3923,Bronze,61,2025-01-01
C6301,Customer C6301,Bronze,56,2025-01-01
C5186,Customer C5186,Silver,57,2025-01-01
C9905,Customer C9905,Bronze,24,2025-01-01
C5268,Customer C5268,Bronze,23,2025-01-01
C5748,Customer C5748,Bronze,42,2025-01-01
C5849,Customer C5849,Bronze,58,2025-01-01
C4709,Customer C4709,Silver,30,2025-01-01
C7619,Customer C7619,Bronze,56,2025-01-01
C9647,Customer C9647,Bronze,57,2025-01-01
C4072,Customer C4072,Bronze,39,2025-01-01
C7530,Customer C7530,Bronze,66,2025-01-01
C1504,Customer C1504,Silver,34,2025-01-01
C2214,Customer C2214,Silver,65,2025-01-01
C2531,Customer C2531,Bronze,39,2025-01-01
C8576,Customer C8576,Bronze,51,2025-01-01
C1823,Customer C1823,Bronze,25,2025-01-01
C1928,Customer C1928,Silver,66,2025-01-01
C6029,Customer C6029,Bronze,62,2025-01-01
C1133,Customer C1133,Bronze,35,2025-01-01
C3105,Customer C3105,Bronze,41,2025-01-01
C7316,Customer C7316,Bronze,71,2025-01-01
C2852,Customer C2852,Bronze,59,2025-01-01
C5910,Customer C5910,Bronze,19,2025-01-01
C5175,Customer C5175,Bronze,19,2025-01-01
C6348,Customer C6348,Bronze,44,2025-01-01
C7190,Customer C7190,Bronze,31,2025-01-01
C2256,Customer C2256,Silver,65,2025-01-01
C4376,Customer C4376,Bronze,56,2025-01-01
C6645,Customer C6645,Bronze,70,2025-01-01
C4584,Customer C4584,Silver,70,2025-01-01
C9053,Customer C9053,Bronze,73,2025-01-01
C4330,Customer C4330,Silver,29,2025-01-01
C3703,Customer C3703,Silver,49,2025-01-01
C9662,Customer C9662,Bronze,45,2025-01-01
C8114,Customer C8114,Gold,72,2025-01-01
C2353,Customer C2353,Bronze,45,2025-01-01
C6063,Customer C6063,Bronze,63,2025-01-01
C9549,Customer C9549,Bronze,42,2025-01-01
C8575,Customer C8575,Bronze,21,2025-01-01
C1667,Customer C1667,Silver,43,2025-01-01
C5468,Customer C5468,Silver,53,2025-01-01
C7819,Customer C7819,Silver,67,2025-01-01
C4719,Customer C4719,Gold,20,2025-01-01
C3745,Customer C3745,Silver,18,2025-01-01
C8483,Customer C8483,Silver,34,2025-01-01
C1539,Customer C1539,Bronze,24,2025-01-01
C5964,Customer C5964,Bronze,65,2025-01-01
C5835,Customer C5835,Bronze,22,2025-01-01
C4775,Customer C4775,Silver,36,2025-01-01
C7042,Customer C7042,Bronze,56,2025-01-01
C8102,Customer C8102,Bronze,63,2025-01-01
C8312,Customer C8312,Bronze,51,2025-01-01
C6320,Customer C6320,Bronze,52,2025-01-01
C8891,Customer C8891,Bronze,33,2025-01-01
C3779,Customer C3779,Silver,57,2025-01-01
C1924,Customer C1924,Bronze,67,2025-01-01
C2581,Customer C2581,Silver,64,2025-01-01
C8714,Customer C8714,Bronze,56,2025-01-01
C4324,Customer C4324,Bronze,44,2025-01-01
C6713,Customer C6713,Bronze,58,2025-01-01
C8026,Customer C8026,Bronze,55,2025-01-01
C1255,Customer C1255,Bronze,67,2025-01-01
C5804,Customer C5804,Bronze,67,2025-01-01
C2838,Customer C2838,Bronze,42,2025-01-01
C1009,Customer C1009,Bronze,43,2025-01-01
C3871,Customer C3871,Bronze,73,2025-01-01
C9989,Customer C9989,Silver,31,2025-01-01
C8409,Customer C8409,Silver,31,2025-01-01
C8418,Customer C8418,Bronze,31,2025-01-01
C6124,Customer C6124,Gold,42,2025-01-01
C2015,Customer C2015,Bronze,53,2025-01-01
C3193,Customer C3193,Silver,21,2025-01-01
C9415,Customer C9415,Silver,64,2025-01-01
C8449,Customer C8449,Silver,32,2025-01-01
C5158,Customer C5158,Bronze,49,2025-01-01
C4925,Customer C4925,Bronze,35,2025-01-01
C7970,Customer C7970,Bronze,31,2025-01-01
C5784,Customer C5784,Bronze,18,2025-01-01
C2633,Customer C2633,Bronze,59,2025-01-01
C1384,Customer C1384,Bronze,37,2025-01-01
C1404,Customer C1404,Bronze,27,2025-01-01
C9175,Customer C9175,Bronze,27,2025-01-01
C3000,Customer C3000,Silver,41,2025-01-01
C6989,Customer C6989,Silver,51,2025-01-01
C2460,Customer C2460,Gold,45,2025-01-01
C8190,Customer C8190,Bronze,44,2025-01-01
C8140,Customer C8140,Silver,57,2025-01-01
C5809,Customer C5809,Silver,18,2025-01-01
C5178,Customer C5178,Bronze,50,2025-01-01
C7600,Customer C7600,Gold,24,2025-01-01
C6997,Customer C6997,Bronze,26,2025-01-01
C3048,Customer C3048,Bronze,33,2025-01-01
C1716,Customer C1716,Bronze,22,2025-01-01
C8939,Customer C8939,Bronze,51,2025-01-01
C6565,Customer C6565,Silver,40,2025-01-01
C5544,Customer C5544,Silver,60,2025-01-01
C4419,Customer C4419,Bronze,42,2025-01-01
C8239,Customer C8239,Bronze,74,2025-01-01
C1249,Customer C1249,Bronze,68,2025-01-01
C9865,Customer C9865,Bronze,30,2025-01-01
C1770,Customer C1770,Silver,41,2025-01-01
C5363,Customer C5363,Bronze,28,2025-01-01
C2077,Customer C2077,Bronze,69,2025-01-01
C9427,Customer C9427,Silver,68,2025-01-01
C9580,Customer C9580,Bronze,34,2025-01-01
C8901,Customer C8901,Silver,54,2025-01-01
C5858,Customer C5858,Silver,30,2025-01-01
C7544,Customer C7544,Silver,44,2025-01-01
C5719,Customer C5719,Bronze,37,2025-01-01
C3814,Customer C3814,Bronze,50,2025-01-01
C2252,Customer C2252,Bronze,49,2025-01-01
C7996,Customer C7996,Silver,25,2025-01-01
C5673,Customer C5673,Silver,73,2025-01-01
C5530,Customer C5530,Silver,46,2025-01-01
C7881,Customer C7881,Gold,57,2025-01-01
C7241,Customer C7241,Silver,36,2025-01-01
C9017,Customer C9017,Bronze,23,2025-01-01
C7941,Customer C7941,Bronze,61,2025-01-01
C8002,Customer C8002,Silver,56,2025-01-01
C2331,Customer C2331,Bronze,65,2025-01-01
C5261,Customer C5261,Bronze,58,2025-01-01
C8648,Customer C8648,Bronze,38,2025-01-01
C6115,Customer C6115,Silver,74,2025-01-01
C5637,Customer C5637,Bronze,39,2025-01-01
C5854,Customer C5854,Silver,59,2025-01-01
C4177,Customer C4177,Silver,27,2025-01-01
C8730,Customer C8730,Bronze,27,2025-01-01
C3180,Customer C3180,Bronze,69,2025-01-01
C5892,Customer C5892,Bronze,46,2025-01-01
C8043,Customer C8043,Silver,33,2025-01-01
C1137,Customer C1137,Silver,18,2025-01-01
C7327,Customer C7327,Silver,34,2025-01-01
C6449,Customer C6449,Bronze,43,2025-01-01
C3832,Customer C3832,Bronze,70,2025-01-01
C4579,Customer C4579,Silver,63,2025-01-01
C6971,Customer C6971,Bronze,36,2025-01-01
C5164,Customer C5164,Bronze,70,2025-01-01
C8941,Customer C8941,Bronze,38,2025-01-01
C6569,Customer C6569,Bronze,34,2025-01-01
C5300,Customer C5300,Bronze,63,2025-01-01
C7269,Customer C7269,Bronze,57,2025-01-01
C4818,Customer C4818,Bronze,38,2025-01-01
C2906,Customer C2906,Bronze,70,2025-01-01
C7254,Customer C7254,Silver,58,2025-01-01
C8830,Customer C8830,Bronze,62,2025-01-01
C8350,Customer C8350,Silver,66,2025-01-01
C7238,Customer C7238,Bronze,36,2025-01-01
C7031,Customer C7031,Silver,34,2025-01-01
C8687,Customer C8687,Silver,18,2025-01-01
C9472,Customer C9472,Silver,54,2025-01-01
C2887,Customer C2887,Bronze,74,2025-01-01
C4266,Customer C4266,Bronze,23,2025-01-01
C1666,Customer C1666,Silver,43,2025-01-01
C5188,Customer C5188,Bronze,19,2025-01-01
C1671,Customer C1671,Bronze,49,2025-01-01
C7777,Customer C7777,Silver,74,2025-01-01
C8570,Customer C8570,Silver,65,2025-01-01
C8956,Customer C8956,Silver,71,2025-01-01
C6585,Customer C6585,Bronze,22,2025-01-01
C4900,Customer C4900,Silver,54,2025-01-01
C7677,Customer C7677,Bronze,48,2025-01-01
C7981,Customer C7981,Bronze,29,2025-01-01
C7376,Customer C7376,Silver,52,2025-01-01
C1523,Customer C1523,Bronze,47,2025-01-01
C3393,Customer C3393,Bronze,65,2025-01-01
C3593,Customer C3593,Silver,23,2025-01-01
C8240,Customer C8240,Bronze,32,2025-01-01
C7937,Customer C7937,Bronze,32,2025-01-01
C6240,Customer C6240,Bronze,33,2025-01-01
C7493,Customer C7493,Bronze,37,2025-01-01
C3878,Customer C3878,Bronze,30,2025-01-01
C5143,Customer C5143,Silver,61,2025-01-01
C4644,Customer C4644,Silver,59,2025-01-01
C5432,Customer C5432,Bronze,63,2025-01-01
C2276,Customer C2276,Silver,48,2025-01-01
C6811,Customer C6811,Bronze,51,2025-01-01
C1302,Customer C1302,Bronze,46,2025-01-01
C1638,Customer C1638,Silver,20,2025-01-01
C1055,Customer C1055,Bronze,26,2025-01-01
C9717,Customer C9717,Gold,28,2025-01-01
C9150,Customer C9150,Bronze,28,2025-01-01
C1364,Customer C1364,Bronze,39,2025-01-01
C7809,Customer C7809,Bronze,59,2025-01-01
C5621,Customer C5621,Bronze,63,2025-01-01
C6126,Customer C6126,Silver,26,2025-01-01
C6122,Customer C6122,Bronze,37,2025-01-01
C2646,Customer C2646,Gold,38,2025-01-01
C1918,Customer C1918,Bronze,27,2025-01-01
C3797,Customer C3797,Bronze,39,2025-01-01
C7506,Customer C7506,Bronze,46,2025-01-01
C6870,Customer C6870,Silver,26,2025-01-01
C4345,Customer C4345,Bronze,57,2025-01-01
C8673,Customer C8673,Silver,28,2025-01-01
C7882,Customer C7882,Bronze,18,2025-01-01
C4086,Customer C4086,Silver,70,2025-01-01
C9152,Customer C9152,Silver,59,2025-01-01
C6750,Customer C6750,Bronze,18,2025-01-01
C2976,Customer C2976,Bronze,71,2025-01-01
C2296,Customer C2296,Gold,56,2025-01-01
C7229,Customer C7229,Silver,63,2025-01-01
C8641,Customer C8641,Bronze,22,2025-01-01
C1125,Customer C1125,Bronze,66,2025-01-01
C5632,Customer C5632,Bronze,39,2025-01-01
C7288,Customer C7288,Bronze,43,2025-01-01
C4596,Customer C4596,Silver,70,2025-01-01
C7168,Customer C7168,Silver,23,2025-01-01
C8561,Customer C8561,Bronze,49,2025-01-01
C9258,Customer C9258,Bronze,65,2025-01-01
C1232,Customer C1232,Bronze,28,2025-01-01
C7371,Customer C7371,Bronze,27,2025-01-01
C5206,Customer C5206,Bronze,64,2025-01-01
C8943,Customer C8943,Bronze,56,2025-01-01
C7891,Customer C7891,Bronze,72,2025-01-01
C7738,Customer C7738,Bronze,51,2025-01-01
C3472,Customer C3472,Bronze,48,2025-01-01
C3739,Customer C3739,Bronze,29,2025-01-01
C6401,Customer C6401,Bronze,68,2025-01-01
C2761,Customer C2761,Bronze,61,2025-01-01
C4812,Customer C4812,Bronze,33,2025-01-01
C2733,Customer C2733,Bronze,55,2025-01-01
C2605,Customer C2605,Bronze,20,2025-01-01
C6622,Customer C6622,Silver,19,2025-01-01
C7767,Customer C7767,Gold,69,2025-01-01
C7986,Customer C7986,Silver,22,2025-01-01
C4517,Customer C4517,Bronze,28,2025-01-01
C4735,Customer C4735,Silver,42,2025-01-01
C9434,Customer C9434,Silver,52,2025-01-01
C3590,Customer C3590,Bronze,52,2025-01-01
C2063,Customer C2063,Bronze,39,2025-01-01
C5324,Customer C5324,Silver,54,2025-01-01
C6342,Customer C6342,Bronze,39,2025-01-01
C1005,Customer C1005,Bronze,72,2025-01-01
C8489,Customer C8489,Silver,28,2025-01-01
C9659,Customer C9659,Silver,49,2025-01-01
C9195,Customer C9195,Bronze,52,2025-01-01
C6966,Customer C6966,Bronze,48,2025-01-01
C9837,Customer C9837,Bronze,62,2025-01-01
C1117,Customer C1117,Silver,70,2025-01-01
C3551,Customer C3551,Bronze,25,2025-01-01
C6560,Customer C6560,Bronze,37,2025-01-01
C5289,Customer C5289,Silver,59,2025-01-01
C1846,Customer C1846,Bronze,51,2025-01-01
C7469,Customer C7469,Silver,21,2025-01-01
C9915,Customer C9915,Bronze,35,2025-01-01
C1224,Customer C1224,Bronze,68,2025-01-01
C5208,Customer C5208,Silver,21,2025-01-01
C7283,Customer C7283,Bronze,37,2025-01-01
C2828,Customer C2828,Bronze,33,2025-01-01
C2917,Customer C2917,Silver,43,2025-01-01
C7988,Customer C7988,Gold,42,2025-01-01
C3026,Customer C3026,Bronze,21,2025-01-01
C4744,Customer C4744,Bronze,58,2025-01-01
C1260,Customer C1260,Bronze,62,2025-01-01
C7038,Customer C7038,Silver,58,2025-01-01
C3060,Customer C3060,Gold,70,2025-01-01
C6287,Customer C6287,Bronze,36,2025-01-01
C2619,Customer C2619,Gold,31,2025-01-01
C9512,Customer C9512,Silver,38,2025-01-01
C2342,Customer C2342,Silver,32,2025-01-01
C3824,Customer C3824,Bronze,20,2025-01-01
C2994,Customer C2994,Bronze,54,2025-01-01
C4490,Customer C4490,Bronze,70,2025-01-01
C8984,Customer C8984,Bronze,67,2025-01-01
C2604,Customer C2604,Bronze,63,2025-01-01
C1235,Customer C1235,Bronze,33,2025-01-01
C2908,Customer C2908,Bronze,31,2025-01-01
C9567,Customer C9567,Silver,26,2025-01-01
C4530,Customer C4530,Silver,64,2025-01-01
C6256,Customer C6256,Bronze,24,2025-01-01
C3635,Customer C3635,Gold,31,2025-01-01
C9162,Customer C9162,Bronze,23,2025-01-01
C3560,Customer C3560,Bronze,38,2025-01-01
C6415,Customer C6415,Bronze,32,2025-01-01
C4391,Customer C4391,Silver,69,2025-01-01
C6951,Customer C6951,Bronze,25,2025-01-01
C6468,Customer C6468,Bronze,51,2025-01-01
C9007,Customer C9007,Silver,57,2025-01-01
C7413,Customer C7413,Bronze,18,2025-01-01
C5820,Customer C5820,Silver,49,2025-01-01
C3898,Customer C3898,Gold,66,2025-01-01
C8546,Customer C8546,Gold,68,2025-01-01
C1077,Customer C1077,Bronze,22,2025-01-01
C5227,Customer C5227,Bronze,39,2025-01-01
C1600,Customer C1600,Bronze,37,2025-01-01
C2065,Customer C2065,Bronze,33,2025-01-01
C3136,Customer C3136,Bronze,24,2025-01-01
C7943,Customer C7943,Gold,24,2025-01-01
C8804,Customer C8804,Gold,67,2025-01-01
C7565,Customer C7565,Bronze,67,2025-01-01
C6984,Customer C6984,Bronze,19,2025-01-01
C6142,Customer C6142,Bronze,64,2025-01-01
C5670,Customer C5670,Bronze,31,2025-01-01
C3190,Customer C3190,Silver,48,2025-01-01
C3712,Customer C3712,Silver,67,2025-01-01
C3192,Customer C3192,Silver,58,2025-01-01
C2248,Customer C2248,Silver,31,2025-01-01
C5033,Customer C5033,Bronze,22,2025-01-01
C2997,Customer C2997,Silver,28,2025-01-01
C4687,Customer C4687,Bronze,57,2025-01-01
C5018,Customer C5018,Bronze,22,2025-01-01
C2970,Customer C2970,Bronze,46,2025-01-01
C9389,Customer C9389,Bronze,28,2025-01-01
C6765,Customer C6765,Bronze,22,2025-01-01
C2202,Customer C2202,Bronze,66,2025-01-01
C9135,Customer C9135,Gold,71,2025-01-01
C6567,Customer C6567,Bronze,49,2025-01-01
C8667,Customer C8667,Bronze,53,2025-01-01
C6742,Customer C6742,Bronze,32,2025-01-01
C6788,Customer C6788,Silver,36,2025-01-01
C6408,Customer C6408,Bronze,39,2025-01-01
C9669,Customer C9669,Gold,51,2025-01-01
C1922,Customer C1922,Silver,73,2025-01-01
C1419,Customer C1419,Bronze,34,2025-01-01
C3204,Customer C3204,Silver,29,2025-01-01
C2120,Customer C2120,Bronze,42,2025-01-01
C1950,Customer C1950,Bronze,73,2025-01-01
C3336,Customer C3336,Silver,34,2025-01-01
C6373,Customer C6373,Bronze,27,2025-01-01
C3243,Customer C3243,Bronze,45,2025-01-01
C3645,Customer C3645,Bronze,74,2025-01-01
C5612,Customer C5612,Bronze,35,2025-01-01
C2865,Customer C2865,Gold,68,2025-01-01
C7028,Customer C7028,Bronze,35,2025-01-01
C8326,Customer C8326,Silver,62,2025-01-01
C7359,Customer C7359,Bronze,49,2025-01-01
C8863,Customer C8863,Silver,31,2025-01-01
C4228,Customer C4228,Bronze,73,2025-01-01
C3371,Customer C3371,Bronze,33,2025-01-01
C3891,Customer C3891,Silver,67,2025-01-01
C4756,Customer C4756,Bronze,35,2025-01-01
C5225,Customer C5225,Bronze,33,2025-01-01
C3674,Customer C3674,Silver,24,2025-01-01
C7898,Customer C7898,Bronze,29,2025-01-01
C1793,Customer C1793,Gold,51,2025-01-01
C3116,Customer C3116,Bronze,27,2025-01-01
C6779,Customer C6779,Bronze,22,2025-01-01
C1814,Customer C1814,Silver,20,2025-01-01
C1345,Customer C1345,Silver,36,2025-01-01
C3443,Customer C3443,Bronze,61,2025-01-01
C8783,Customer C8783,Bronze,52,2025-01-01
C1984,Customer C1984,Bronze,23,2025-01-01
C8790,Customer C8790,Silver,31,2025-01-01
C1827,Customer C1827,Silver,21,2025-01-01
C4531,Customer C4531,Bronze,62,2025-01-01
C5451,Customer C5451,Bronze,35,2025-01-01
C4876,Customer C4876,Silver,46,2025-01-01
C6959,Customer C6959,Bronze,52,2025-01-01
C1126,Customer C1126,Bronze,69,2025-01-01
C9795,Customer C9795,Bronze,55,2025-01-01
C7024,Customer C7024,Silver,33,2025-01-01
C6109,Customer C6109,Silver,37,2025-01-01
C4368,Customer C4368,Bronze,52,2025-01-01
C4797,Customer C4797,Bronze,61,2025-01-01
C2792,Customer C2792,Silver,68,2025-01-01
C4476,Customer C4476,Gold,36,2025-01-01
C4417,Customer C4417,Bronze,73,2025-01-01
C2645,Customer C2645,Bronze,21,2025-01-01
C4030,Customer C4030,Bronze,50,2025-01-01
C3872,Customer C3872,Bronze,19,2025-01-01
C2854,Customer C2854,Silver,30,2025-01-01
C5021,Customer C5021,Bronze,62,2025-01-01
C5662,Customer C5662,Bronze,47,2025-01-01
C7514,Customer C7514,Bronze,51,2025-01-01
C6031,Customer C6031,Bronze,47,2025-01-01
C3708,Customer C3708,Bronze,68,2025-01-01
C8112,Customer C8112,Bronze,71,2025-01-01
C9393,Customer C9393,Bronze,41,2025-01-01
C4507,Customer C4507,Silver,65,2025-01-01
C7456,Customer C7456,Bronze,61,2025-01-01
C5212,Customer C5212,Bronze,50,2025-01-01
C8970,Customer C8970,Gold,58,2025-01-01
C9766,Customer C9766,Silver,66,2025-01-01
C1536,Customer C1536,Silver,27,2025-01-01
C2625,Customer C2625,Bronze,35,2025-01-01
C8973,Customer C8973,Bronze,36,2025-01-01
C9577,Customer C9577,Bronze,24,2025-01-01
C9070,Customer C9070,Bronze,74,2025-01-01
C9609,Customer C9609,Bronze,36,2025-01-01
C7490,Customer C7490,Gold,41,2025-01-01
C4600,Customer C4600,Bronze,32,2025-01-01
C7783,Customer C7783,Bronze,58,2025-01-01
C5971,Customer C5971,Bronze,59,2025-01-01
C2205,Customer C2205,Bronze,40,2025-01-01
C2990,Customer C2990,Silver,69,2025-01-01
C6299,Customer C6299,Bronze,69,2025-01-01
C4572,Customer C4572,Silver,21,2025-01-01
C6975,Customer C6975,Gold,55,2025-01-01
C7320,Customer C7320,Bronze,21,2025-01-01
C5757,Customer C5757,Bronze,22,2025-01-01
C3713,Customer C3713,Gold,58,2025-01-01
C1966,Customer C1966,Silver,61,2025-01-01
C5944,Customer C5944,Bronze,40,2025-01-01
C4432,Customer C4432,Gold,57,2025-01-01
C1688,Customer C1688,Bronze,70,2025-01-01
C5243,Customer C5243,Gold,54,2025-01-01
C4701,Customer C4701,Bronze,28,2025-01-01
C9533,Customer C9533,Bronze,72,2025-01-01
C6182,Customer C6182,Silver,28,2025-01-01
C7704,Customer C7704,Bronze,30,2025-01-01
C5422,Customer C5422,Bronze,31,2025-01-01
C2759,Customer C2759,Bronze,25,2025-01-01
C3482,Customer C3482,Gold,42,2025-01-01
C9058,Customer C9058,Silver,35,2025-01-01
C1951,Customer C1951,Silver,68,2025-01-01
C9914,Customer C9914,Bronze,61,2025-01-01
C3079,Customer C3079,Silver,61,2025-01-01
C3717,Customer C3717,Bronze,35,2025-01-01
C5524,Customer C5524,Bronze,27,2025-01-01
C9477,Customer C9477,Silver,24,2025-01-01
C8311,Customer C8311,Bronze,67,2025-01-01
C3065,Customer C3065,Bronze,61,2025-01-01
C1768,Customer C1768,Bronze,31,2025-01-01
C6490,Customer C6490,Bronze,32,2025-01-01
C7645,Customer C7645,Silver,33,2025-01-01
C6083,Customer C6083,Bronze,19,2025-01-01
C6797,Customer C6797,Silver,47,2025-01-01
C5926,Customer C5926,Bronze,47,2025-01-01
C7016,Customer C7016,Bronze,35,2025-01-01
C4335,Customer C4335,Bronze,48,2025-01-01
C9038,Customer C9038,Silver,61,2025-01-01
C5873,Customer C5873,Silver,65,2025-01-01
C2481,Customer C2481,Gold,30,2025-01-01
C7305,Customer C7305,Silver,37,2025-01-01
C4451,Customer C4451,Bronze,66,2025-01-01
C1054,Customer C1054,Silver,67,2025-01-01
C8643,Customer C8643,Gold,52,2025-01-01
C4462,Customer C4462,Silver,40,2025-01-01
C1832,Customer C1832,Bronze,59,2025-01-01
C9519,Customer C9519,Silver,55,2025-01-01
C8221,Customer C8221,Silver,52,2025-01-01
C4310,Customer C4310,Bronze,68,2025-01-01
C4300,Customer C4300,Silver,53,2025-01-01
C7722,Customer C7722,Gold,37,2025-01-01
C8218,Customer C8218,Bronze,72,2025-01-01
C8776,Customer C8776,Silver,20,2025-01-01
C4675,Customer C4675,Bronze,25,2025-01-01
C4054,Customer C4054,Bronze,57,2025-01-01
C6207,Customer C6207,Bronze,49,2025-01-01
C3538,Customer C3538,Bronze,46,2025-01-01
C5547,Customer C5547,Silver,24,2025-01-01
C6619,Customer C6619,Bronze,19,2025-01-01
C9356,Customer C9356,Bronze,38,2025-01-01
C7612,Customer C7612,Bronze,23,2025-01-01
C6005,Customer C6005,Bronze,45,2025-01-01
C1822,Customer C1822,Bronze,65,2025-01-01
C1943,Customer C1943,Silver,59,2025-01-01
C5425,Customer C5425,Silver,49,2025-01-01
C9966,Customer C9966,Silver,62,2025-01-01
C3198,Customer C3198,Bronze,59,2025-01-01
C5242,Customer C5242,Silver,70,2025-01-01
C4695,Customer C4695,Bronze,63,2025-01-01
C4452,Customer C4452,Bronze,26,2025-01-01
C2308,Customer C2308,Bronze,28,2025-01-01
C5177,Customer C5177,Bronze,40,2025-01-01
C9705,Customer C9705,Bronze,67,2025-01-01
C7852,Customer C7852,Silver,28,2025-01-01
C7035,Customer C7035,Bronze,66,2025-01-01
C4594,Customer C4594,Silver,19,2025-01-01
C5841,Customer C5841,Bronze,20,2025-01-01
C5566,Customer C5566,Silver,28,2025-01-01
C2555,Customer C2555,Bronze,67,2025-01-01
C1804,Customer C1804,Bronze,52,2025-01-01
C2279,Customer C2279,Bronze,32,2025-01-01
C8083,Customer C8083,Bronze,60,2025-01-01
C2387,Customer C2387,Bronze,28,2025-01-01
C3106,Customer C3106,Bronze,45,2025-01-01
C5223,Customer C5223,Silver,45,2025-01-01
C5831,Customer C5831,Silver,49,2025-01-01
C3768,Customer C3768,Silver,42,2025-01-01
C4186,Customer C4186,Bronze,37,2025-01-01
C3573,Customer C3573,Bronze,45,2025-01-01
C3599,Customer C3599,Gold,42,2025-01-01
C9428,Customer C9428,Silver,28,2025-01-01
C2304,Customer C2304,Bronze,36,2025-01-01
C8368,Customer C8368,Bronze,45,2025-01-01
C6877,Customer C6877,Bronze,18,2025-01-01
C2301,Customer C2301,Bronze,22,2025-01-01
C3541,Customer C3541,Silver,27,2025-01-01
C3051,Customer C3051,Bronze,59,2025-01-01
C9633,Customer C9633,Bronze,63,2025-01-01
C1074,Customer C1074,Bronze,51,2025-01-01
C6475,Customer C6475,Bronze,53,2025-01-01
C9232,Customer C9232,Silver,19,2025-01-01
C8184,Customer C8184,Silver,35,2025-01-01
C6796,Customer C6796,Bronze,30,2025-01-01
C2622,Customer C2622,Bronze,22,2025-01-01
C9041,Customer C9041,Bronze,37,2025-01-01
C1341,Customer C1341,Bronze,19,2025-01-01
C3074,Customer C3074,Bronze,28,2025-01-01
C5263,Customer C5263,Bronze,49,2025-01-01
C9801,Customer C9801,Silver,49,2025-01-01
C7136,Customer C7136,Bronze,67,2025-01-01
C9646,Customer C9646,Silver,55,2025-01-01
C3969,Customer C3969,Bronze,72,2025-01-01
C4028,Customer C4028,Gold,45,2025-01-01
C4067,Customer C4067,Bronze,39,2025-01-01
C6941,Customer C6941,Silver,72,2025-01-01
C2386,Customer C2386,Bronze,34,2025-01-01
C3866,Customer C3866,Silver,39,2025-01-01
C5788,Customer C5788,Bronze,60,2025-01-01
C5124,Customer C5124,Silver,36,2025-01-01
C9340,Customer C9340,Silver,34,2025-01-01
C4850,Customer C4850,Bronze,41,2025-01-01
C9378,Customer C9378,Bronze,53,2025-01-01
C2333,Customer C2333,Silver,49,2025-01-01
C5150,Customer C5150,Bronze,73,2025-01-01
C7766,Customer C7766,Bronze,63,2025-01-01
C3711,Customer C3711,Bronze,69,2025-01-01
C5853,Customer C5853,Bronze,53,2025-01-01
C7212,Customer C7212,Gold,45,2025-01-01
C8479,Customer C8479,Bronze,31,2025-01-01
C8715,Customer C8715,Bronze,53,2025-01-01
C9942,Customer C9942,Silver,23,2025-01-01
C2762,Customer C2762,Silver,26,2025-01-01
C8101,Customer C8101,Bronze,38,2025-01-01
C8674,Customer C8674,Bronze,29,2025-01-01
C7122,Customer C7122,Gold,47,2025-01-01
C1481,Customer C1481,Silver,48,2025-01-01
C1153,Customer C1153,Bronze,57,2025-01-01
C8617,Customer C8617,Bronze,73,2025-01-01
C2524,Customer C2524,Bronze,21,2025-01-01
C3120,Customer C3120,Bronze,48,2025-01-01
C3343,Customer C3343,Bronze,44,2025-01-01
C6136,Customer C6136,Silver,74,2025-01-01
C6760,Customer C6760,Bronze,42,2025-01-01
C1060,Customer C1060,Bronze,23,2025-01-01
C2639,Customer C2639,Silver,22,2025-01-01
C7185,Customer C7185,Silver,68,2025-01-01
C5203,Customer C5203,Bronze,44,2025-01-01
C9363,Customer C9363,Bronze,25,2025-01-01
C4549,Customer C4549,Bronze,26,2025-01-01
C5197,Customer C5197,Silver,32,2025-01-01
C8009,Customer C8009,Silver,53,2025-01-01
C7667,Customer C7667,Bronze,74,2025-01-01
C3322,Customer C3322,Bronze,58,2025-01-01
C5090,Customer C5090,Bronze,24,2025-01-01
C7960,Customer C7960,Silver,49,2025-01-01
C4004,Customer C4004,Bronze,25,2025-01-01
C1329,Customer C1329,Bronze,64,2025-01-01
C4640,Customer C4640,Bronze,68,2025-01-01
C8982,Customer C8982,Bronze,32,2025-01-01
C9407,Customer C9407,Bronze,36,2025-01-01
C1338,Customer C1338,Silver,56,2025-01-01
C2750,Customer C2750,Bronze,23,2025-01-01
C6604,Customer C6604,Bronze,36,2025-01-01
C3421,Customer C3421,Silver,74,2025-01-01
C6319,Customer C6319,Silver,34,2025-01-01
C7609,Customer C7609,Bronze,59,2025-01-01
C4993,Customer C4993,Bronze,36,2025-01-01
C9044,Customer C9044,Silver,48,2025-01-01
C9238,Customer C9238,Bronze,28,2025-01-01
C5806,Customer C5806,Bronze,32,2025-01-01
C9592,Customer C9592,Silver,27,2025-01-01
C6913,Customer C6913,Silver,60,2025-01-01
C8124,Customer C8124,Gold,40,2025-01-01
C1390,Customer C1390,Gold,20,2025-01-01
C5430,Customer C5430,Silver,20,2025-01-01
C9820,Customer C9820,Bronze,35,2025-01-01
C8686,Customer C8686,Bronze,42,2025-01-01
C5232,Customer C5232,Bronze,60,2025-01-01
C2521,Customer C2521,Bronze,37,2025-01-01
C2500,Customer C2500,Bronze,46,2025-01-01
C7737,Customer C7737,Bronze,39,2025-01-01
C4294,Customer C4294,Bronze,67,2025-01-01
C6085,Customer C6085,Bronze,74,2025-01-01
C3419,Customer C3419,Bronze,32,2025-01-01
C4042,Customer C4042,Bronze,56,2025-01-01
C5497,Customer C5497,Bronze,27,2025-01-01
C2466,Customer C2466,Silver,38,2025-01-01
C1614,Customer C1614,Bronze,72,2025-01-01
C6392,Customer C6392,Bronze,69,2025-01-01
C8693,Customer C8693,Silver,46,2025-01-01
C4223,Customer C4223,Bronze,49,2025-01-01
C8138,Customer C8138,Bronze,27,2025-01-01
C3667,Customer C3667,Bronze,30,2025-01-01
C8980,Customer C8980,Bronze,64,2025-01-01
C1130,Customer C1130,Gold,40,2025-01-01
C3983,Customer C3983,Bronze,67,2025-01-01
C5278,Customer C5278,Silver,40,2025-01-01
C8126,Customer C8126,Bronze,48,2025-01-01
C9230,Customer C9230,Bronze,21,2025-01-01
C8694,Customer C8694,Bronze,69,2025-01-01
C7640,Customer C7640,Bronze,66,2025-01-01
C1920,Customer C1920,Bronze,20,2025-01-01
C8564,Customer C8564,Bronze,38,2025-01-01
C9502,Customer C9502,Bronze,70,2025-01-01
C9930,Customer C9930,Silver,19,2025-01-01
C4241,Customer C4241,Bronze,21,2025-01-01
C1545,Customer C1545,Silver,18,2025-01-01
C5346,Customer C5346,Silver,32,2025-01-01
C4810,Customer C4810,Bronze,74,2025-01-01
C3032,Customer C3032,Bronze,50,2025-01-01
C9436,Customer C9436,Bronze,23,2025-01-01
C1271,Customer C1271,Silver,24,2025-01-01
C4511,Customer C4511,Bronze,36,2025-01-01
C2771,Customer C2771,Silver,61,2025-01-01
C5361,Customer C5361,Bronze,18,2025-01-01
C8069,Customer C8069,Silver,56,2025-01-01
C9190,Customer C9190,Bronze,36,2025-01-01
C4430,Customer C4430,Silver,62,2025-01-01
C5435,Customer C5435,Bronze,43,2025-01-01
C4760,Customer C4760,Bronze,61,2025-01-01
C3050,Customer C3050,Bronze,29,2025-01-01
C2165,Customer C2165,Bronze,39,2025-01-01
C3033,Customer C3033,Gold,30,2025-01-01
C7467,Customer C7467,Bronze,45,2025-01-01
C1145,Customer C1145,Bronze,31,2025-01-01
C5388,Customer C5388,Bronze,39,2025-01-01
C8832,Customer C8832,Bronze,47,2025-01-01
C9623,Customer C9623,Bronze,61,2025-01-01
C3632,Customer C3632,Bronze,61,2025-01-01
C5494,Customer C5494,Gold,44,2025-01-01
C9056,Customer C9056,Bronze,55,2025-01-01
C8511,Customer C8511,Bronze,59,2025-01-01
C5805,Customer C5805,Silver,69,2025-01-01
C1806,Customer C1806,Silver,73,2025-01-01
C9202,Customer C9202,Silver,51,2025-01-01
C2868,Customer C2868,Bronze,56,2025-01-01
C8878,Customer C8878,Bronze,58,2025-01-01
C6690,Customer C6690,Silver,74,2025-01-01
C8827,Customer C8827,Bronze,61,2025-01-01
C6429,Customer C6429,Bronze,54,2025-01-01
C4564,Customer C4564,Silver,18,2025-01-01
C2389,Customer C2389,Gold,71,2025-01-01
C8274,Customer C8274,Bronze,32,2025-01-01
C1824,Customer C1824,Bronze,49,2025-01-01
C3265,Customer C3265,Bronze,25,2025-01-01
C1936,Customer C1936,Gold,50,2025-01-01
C7402,Customer C7402,Silver,35,2025-01-01
C4845,Customer C4845,Bronze,62,2025-01-01
C2796,Customer C2796,Bronze,46,2025-01-01
C9245,Customer C9245,Bronze,49,2025-01-01
C8214,Customer C8214,Silver,50,2025-01-01
C1726,Customer C1726,Silver,22,2025-01-01
C3736,Customer C3736,Silver,35,2025-01-01
C2913,Customer C2913,Gold,65,2025-01-01
C8657,Customer C8657,Bronze,27,2025-01-01
C3466,Customer C3466,Bronze,53,2025-01-01
C9194,Customer C9194,Bronze,50,2025-01-01
C8906,Customer C8906,Bronze,40,2025-01-01
C5876,Customer C5876,Bronze,57,2025-01-01
C8287,Customer C8287,Bronze,22,2025-01-01
C1892,Customer C1892,Silver,51,2025-01-01
C5675,Customer C5675,Silver,41,2025-01-01
C2933,Customer C2933,Bronze,34,2025-01-01
C2290,Customer C2290,Bronze,24,2025-01-01
C2640,Customer C2640,Silver,34,2025-01-01
C8490,Customer C8490,Silver,45,2025-01-01
C6016,Customer C6016,Bronze,55,2025-01-01
C1954,Customer C1954,Bronze,39,2025-01-01
C8291,Customer C8291,Bronze,32,2025-01-01
C1974,Customer C1974,Bronze,54,2025-01-01
C5133,Customer C5133,Bronze,32,2025-01-01
C6370,Customer C6370,Silver,67,2025-01-01
C4972,Customer C4972,Silver,67,2025-01-01
C6295,Customer C6295,Bronze,42,2025-01-01
C9228,Customer C9228,Silver,70,2025-01-01
C4020,Customer C4020,Gold,38,2025-01-01
C9987,Customer C9987,Bronze,72,2025-01-01
C5036,Customer C5036,Bronze,55,2025-01-01
C6068,Customer C6068,Gold,19,2025-01-01
C6233,Customer C6233,Bronze,44,2025-01-01
C1317,Customer C1317,Gold,66,2025-01-01
C3396,Customer C3396,Gold,49,2025-01-01
C3162,Customer C3162,Silver,38,2025-01-01
C2591,Customer C2591,Silver,21,2025-01-01
C7183,Customer C7183,Silver,61,2025-01-01
C4930,Customer C4930,Silver,36,2025-01-01
C2312,Customer C2312,Bronze,19,2025-01-01
C5311,Customer C5311,Bronze,43,2025-01-01
C8314,Customer C8314,Bronze,51,2025-01-01
C3383,Customer C3383,Silver,31,2025-01-01
C4239,Customer C4239,Bronze,32,2025-01-01
C3139,Customer C3139,Bronze,37,2025-01-01
C2704,Customer C2704,Bronze,51,2025-01-01
C7924,Customer C7924,Silver,53,2025-01-01
C1362,Customer C1362,Gold,36,2025-01-01
C3604,Customer C3604,Gold,26,2025-01-01
C5286,Customer C5286,Bronze,24,2025-01-01
C4738,Customer C4738,Silver,47,2025-01-01
C3469,Customer C3469,Silver,30,2025-01-01
C5795,Customer C5795,Bronze,44,2025-01-01
C1556,Customer C1556,Bronze,61,2025-01-01
C3808,Customer C3808,Bronze,52,2025-01-01
C6150,Customer C6150,Gold,30,2025-01-01
C3719,Customer C3719,Bronze,32,2025-01-01
C4741,Customer C4741,Bronze,63,2025-01-01
C4998,Customer C4998,Silver,73,2025-01-01
C3403,Customer C3403,Bronze,26,2025-01-01
C9780,Customer C9780,Bronze,62,2025-01-01
C1294,Customer C1294,Silver,40,2025-01-01
C6343,Customer C6343,Bronze,71,2025-01-01
C2136,Customer C2136,Silver,53,2025-01-01
C3064,Customer C3064,Bronze,70,2025-01-01
C5543,Customer C5543,Silver,57,2025-01-01
C2007,Customer C2007,Silver,20,2025-01-01
C6445,Customer C6445,Bronze,51,2025-01-01
C6352,Customer C6352,Bronze,36,2025-01-01
C2435,Customer C2435,Silver,45,2025-01-01
C1571,Customer C1571,Silver,40,2025-01-01
C3382,Customer C3382,Silver,57,2025-01-01
C6084,Customer C6084,Silver,66,2025-01-01
C1277,Customer C1277,Bronze,62,2025-01-01
C8059,Customer C8059,Bronze,24,2025-01-01
C2265,Customer C2265,Gold,58,2025-01-01
C8491,Customer C8491,Bronze,29,2025-01-01
C2040,Customer C2040,Bronze,31,2025-01-01
C9073,Customer C9073,Bronze,63,2025-01-01
C3752,Customer C3752,Bronze,32,2025-01-01
C9213,Customer C9213,Bronze,20,2025-01-01
C5569,Customer C5569,Gold,32,2025-01-01
C7353,Customer C7353,Bronze,68,2025-01-01
C3353,Customer C3353,Bronze,41,2025-01-01
C8437,Customer C8437,Gold,69,2025-01-01
C5799,Customer C5799,Gold,63,2025-01-01
C1686,Customer C1686,Bronze,25,2025-01-01
C9476,Customer C9476,Bronze,22,2025-01-01
C5811,Customer C5811,Silver,68,2025-01-01
C9954,Customer C9954,Silver,21,2025-01-01
C6346,Customer C6346,Silver,31,2025-01-01
C6043,Customer C6043,Silver,33,2025-01-01
C3428,Customer C3428,Silver,37,2025-01-01
C9220,Customer C9220,Bronze,41,2025-01-01
C8813,Customer C8813,Silver,23,2025-01-01
C4356,Customer C4356,Bronze,72,2025-01-01
C9707,Customer C9707,Silver,74,2025-01-01
C7540,Customer C7540,Silver,48,2025-01-01
C4342,Customer C4342,Bronze,52,2025-01-01
C3844,Customer C3844,Bronze,32,2025-01-01
C2098,Customer C2098,Bronze,46,2025-01-01
C2823,Customer C2823,Silver,20,2025-01-01
C4155,Customer C4155,Bronze,28,2025-01-01
C4093,Customer C4093,Silver,20,2025-01-01
C6658,Customer C6658,Bronze,45,2025-01-01
C3896,Customer C3896,Silver,67,2025-01-01
C1988,Customer C1988,Silver,50,2025-01-01
C5116,Customer C5116,Bronze,65,2025-01-01
C7446,Customer C7446,Gold,33,2025-01-01
C5179,Customer C5179,Bronze,27,2025-01-01
C2682,Customer C2682,Bronze,50,2025-01-01
C8424,Customer C8424,Bronze,20,2025-01-01
C1933,Customer C1933,Gold,22,2025-01-01
C4598,Customer C4598,Bronze,29,2025-01-01
C2980,Customer C2980,Silver,74,2025-01-01
C4056,Customer C4056,Silver,61,2025-01-01
C9984,Customer C9984,Bronze,30,2025-01-01
C1791,Customer C1791,Silver,41,2025-01-01
C7635,Customer C7635,Bronze,61,2025-01-01
C2607,Customer C2607,Bronze,49,2025-01-01
C6179,Customer C6179,Gold,33,2025-01-01
C7573,Customer C7573,Gold,49,2025-01-01
C6776,Customer C6776,Bronze,62,2025-01-01
C4676,Customer C4676,Bronze,54,2025-01-01
C4380,Customer C4380,Silver,73,2025-01-01
C9711,Customer C9711,Bronze,53,2025-01-01
C9782,Customer C9782,Silver,38,2025-01-01
C2050,Customer C2050,Bronze,64,2025-01-01
C4633,Customer C4633,Bronze,29,2025-01-01
C7342,Customer C7342,Silver,68,2025-01-01
C1959,Customer C1959,Bronze,38,2025-01-01
C7059,Customer C7059,Gold,68,2025-01-01
C9884,Customer C9884,Gold,38,2025-01-01
C5473,Customer C5473,Bronze,70,2025-01-01
C3946,Customer C3946,Gold,23,2025-01-01
C8725,Customer C8725,Gold,26,2025-01-01
C1526,Customer C1526,Bronze,18,2025-01-01
C4224,Customer C4224,Silver,29,2025-01-01
C2875,Customer C2875,Bronze,31,2025-01-01
C2763,Customer C2763,Bronze,23,2025-01-01
C9712,Customer C9712,Silver,18,2025-01-01
C7644,Customer C7644,Bronze,39,2025-01-01
C1116,Customer C1116,Gold,51,2025-01-01
C1583,Customer C1583,Bronze,73,2025-01-01
C9586,Customer C9586,Silver,28,2025-01-01
C4788,Customer C4788,Bronze,20,2025-01-01
C5167,Customer C5167,Bronze,59,2025-01-01
C9465,Customer C9465,Silver,23,2025-01-01
C9357,Customer C9357,Bronze,23,2025-01-01
C7154,Customer C7154,Bronze,37,2025-01-01
C6420,Customer C6420,Bronze,38,2025-01-01
C9920,Customer C9920,Bronze,19,2025-01-01
C3043,Customer C3043,Silver,43,2025-01-01
C4496,Customer C4496,Bronze,48,2025-01-01
C1778,Customer C1778,Bronze,43,2025-01-01
C1213,Customer C1213,Bronze,73,2025-01-01
C4762,Customer C4762,Bronze,49,2025-01-01
C4117,Customer C4117,Bronze,27,2025-01-01
C9783,Customer C9783,Bronze,40,2025-01-01
C3720,Customer C3720,Bronze,23,2025-01-01
C7047,Customer C7047,Silver,40,2025-01-01
C9032,Customer C9032,Silver,45,2025-01-01
C1001,Customer C1001,Bronze,66,2025-01-01
C7368,Customer C7368,Bronze,47,2025-01-01
C2949,Customer C2949,Bronze,31,2025-01-01
C7732,Customer C7732,Bronze,54,2025-01-01
C8833,Customer C8833,Bronze,72,2025-01-01
C1917,Customer C1917,Bronze,49,2025-01-01
C4174,Customer C4174,Bronze,66,2025-01-01
C8014,Customer C8014,Bronze,51,2025-01-01
C1089,Customer C1089,Bronze,58,2025-01-01
C2709,Customer C2709,Bronze,61,2025-01-01
C4041,Customer C4041,Bronze,68,2025-01-01
C1105,Customer C1105,Bronze,39,2025-01-01
C9619,Customer C9619,Bronze,48,2025-01-01
C9508,Customer C9508,Bronze,24,2025-01-01
C7082,Customer C7082,Bronze,58,2025-01-01
C1634,Customer C1634,Bronze,38,2025-01-01
C2925,Customer C2925,Bronze,33,2025-01-01
C3056,Customer C3056,Bronze,37,2025-01-01
C7917,Customer C7917,Bronze,60,2025-01-01
C4144,Customer C4144,Bronze,61,2025-01-01
C1552,Customer C1552,Silver,64,2025-01-01
C9907,Customer C9907,Bronze,67,2025-01-01
C6383,Customer C6383,Bronze,36,2025-01-01
C4911,Customer C4911,Silver,65,2025-01-01
C4389,Customer C4389,Bronze,49,2025-01-01
C9442,Customer C9442,Bronze,32,2025-01-01
C3430,Customer C3430,Silver,22,2025-01-01
C1207,Customer C1207,Bronze,32,2025-01-01
C1899,Customer C1899,Bronze,46,2025-01-01
C1021,Customer C1021,Bronze,67,2025-01-01
C9601,Customer C9601,Bronze,62,2025-01-01
C1894,Customer C1894,Bronze,21,2025-01-01
C8294,Customer C8294,Bronze,53,2025-01-01
C5904,Customer C5904,Gold,65,2025-01-01
C8867,Customer C8867,Gold,40,2025-01-01
C5109,Customer C5109,Bronze,32,2025-01-01
C8179,Customer C8179,Silver,63,2025-01-01
C2560,Customer C2560,Bronze,61,2025-01-01
C2266,Customer C2266,Silver,20,2025-01-01
C4638,Customer C4638,Bronze,49,2025-01-01
C9941,Customer C9941,Bronze,27,2025-01-01
C4427,Customer C4427,Bronze,57,2025-01-01
C2927,Customer C2927,Bronze,55,2025-01-01
C3356,Customer C3356,Bronze,39,2025-01-01
C5790,Customer C5790,Silver,31,2025-01-01
C1306,Customer C1306,Silver,34,2025-01-01
C8979,Customer C8979,Bronze,38,2025-01-01
C4665,Customer C4665,Bronze,68,2025-01-01
C8057,Customer C8057,Bronze,65,2025-01-01
C1661,Customer C1661,Silver,32,2025-01-01
C5644,Customer C5644,Gold,32,2025-01-01
C9503,Customer C9503,Gold,18,2025-01-01
C3920,Customer C3920,Silver,41,2025-01-01
C9946,Customer C9946,Bronze,72,2025-01-01
C7236,Customer C7236,Bronze,72,2025-01-01
C7078,Customer C7078,Bronze,29,2025-01-01
C1352,Customer C1352,Gold,27,2025-01-01
C8005,Customer C8005,Bronze,63,2025-01-01
C1158,Customer C1158,Bronze,59,2025-01-01
C3071,Customer C3071,Silver,59,2025-01-01
C9595,Customer C9595,Bronze,69,2025-01-01
C4453,Customer C4453,Bronze,48,2025-01-01
C7675,Customer C7675,Silver,28,2025-01-01
C1955,Customer C1955,Bronze,71,2025-01-01
C2712,Customer C2712,Bronze,33,2025-01-01
C5703,Customer C5703,Silver,26,2025-01-01
C7563,Customer C7563,Silver,64,2025-01-01
C6631,Customer C6631,Gold,31,2025-01-01
C2394,Customer C2394,Bronze,36,2025-01-01
C5732,Customer C5732,Bronze,48,2025-01-01
C4714,Customer C4714,Silver,26,2025-01-01
C1529,Customer C1529,Bronze,53,2025-01-01
C3958,Customer C3958,Bronze,70,2025-01-01
C8904,Customer C8904,Silver,56,2025-01-01
C4591,Customer C4591,Bronze,71,2025-01-01
C7895,Customer C7895,Bronze,43,2025-01-01
C1525,Customer C1525,Bronze,25,2025-01-01
C7477,Customer C7477,Bronze,41,2025-01-01
C1374,Customer C1374,Bronze,25,2025-01-01
C5648,Customer C5648,Bronze,36,2025-01-01
C3365,Customer C3365,Silver,64,2025-01-01
C2525,Customer C2525,Gold,65,2025-01-01
C1013,Customer C1013,Bronze,47,2025-01-01
C5599,Customer C5599,Bronze,39,2025-01-01
C3278,Customer C3278,Bronze,72,2025-01-01
C9321,Customer C9321,Bronze,26,2025-01-01
C4814,Customer C4814,Silver,61,2025-01-01
C4216,Customer C4216,Silver,65,2025-01-01
C9219,Customer C9219,Silver,21,2025-01-01
C3113,Customer C3113,Bronze,54,2025-01-01
C5356,Customer C5356,Bronze,25,2025-01-01
C6543,Customer C6543,Bronze,18,2025-01-01
C8062,Customer C8062,Bronze,45,2025-01-01
C7430,Customer C7430,Silver,23,2025-01-01
C4466,Customer C4466,Gold,64,2025-01-01
C4081,Customer C4081,Bronze,53,2025-01-01
C1629,Customer C1629,Silver,70,2025-01-01
C1269,Customer C1269,Bronze,28,2025-01-01
C6724,Customer C6724,Bronze,22,2025-01-01
C6897,Customer C6897,Bronze,67,2025-01-01
C7276,Customer C7276,Bronze,41,2025-01-01
C8115,Customer C8115,Bronze,64,2025-01-01
C7656,Customer C7656,Silver,35,2025-01-01
C1575,Customer C1575,Silver,37,2025-01-01
C8029,Customer C8029,Bronze,45,2025-01-01
C7099,Customer C7099,Bronze,30,2025-01-01
C4192,Customer C4192,Silver,22,2025-01-01
C7052,Customer C7052,Silver,18,2025-01-01
C7116,Customer C7116,Bronze,39,2025-01-01
C4568,Customer C4568,Gold,35,2025-01-01
C3203,Customer C3203,Bronze,63,2025-01-01
C2390,Customer C2390,Silver,22,2025-01-01
C2742,Customer C2742,Bronze,48,2025-01-01
C1619,Customer C1619,Silver,23,2025-01-01
C2274,Customer C2274,Bronze,44,2025-01-01
C2939,Customer C2939,Bronze,73,2025-01-01
C4953,Customer C4953,Bronze,42,2025-01-01
C1968,Customer C1968,Bronze,46,2025-01-01
C1281,Customer C1281,Silver,45,2025-01-01
C7262,Customer C7262,Silver,33,2025-01-01
C2058,Customer C2058,Gold,71,2025-01-01
C5293,Customer C5293,Bronze,70,2025-01-01
C6178,Customer C6178,Silver,29,2025-01-01
C7980,Customer C7980,Silver,37,2025-01-01
C2229,Customer C2229,Bronze,35,2025-01-01
C5585,Customer C5585,Bronze,51,2025-01-01
C9467,Customer C9467,Silver,72,2025-01-01
C3740,Customer C3740,Gold,70,2025-01-01
C3289,Customer C3289,Silver,40,2025-01-01
C2239,Customer C2239,Bronze,62,2025-01-01
C8473,Customer C8473,Bronze,44,2025-01-01
C8351,Customer C8351,Bronze,66,2025-01-01
C7638,Customer C7638,Silver,34,2025-01-01
C7570,Customer C7570,Silver,65,2025-01-01
C4249,Customer C4249,Bronze,38,2025-01-01
C8595,Customer C8595,Silver,67,2025-01-01
C7294,Customer C7294,Bronze,57,2025-01-01
C7527,Customer C7527,Gold,48,2025-01-01
C6757,Customer C6757,Bronze,20,2025-01-01
C1891,Customer C1891,Bronze,67,2025-01-01
C5470,Customer C5470,Bronze,43,2025-01-01
C8175,Customer C8175,Bronze,40,2025-01-01
C9320,Customer C9320,Bronze,23,2025-01-01
C7812,Customer C7812,Bronze,45,2025-01-01
C2198,Customer C2198,Bronze,72,2025-01-01
C6238,Customer C6238,Bronze,62,2025-01-01
C7089,Customer C7089,Bronze,25,2025-01-01
C7257,Customer C7257,Silver,36,2025-01-01
C8705,Customer C8705,Bronze,55,2025-01-01
C1986,Customer C1986,Gold,46,2025-01-01
C5440,Customer C5440,Silver,40,2025-01-01
C5909,Customer C5909,Bronze,64,2025-01-01
C9125,Customer C9125,Bronze,49,2025-01-01
C4291,Customer C4291,Bronze,27,2025-01-01
C1703,Customer C1703,Silver,66,2025-01-01
C9133,Customer C9133,Gold,18,2025-01-01
C6704,Customer C6704,Bronze,56,2025-01-01
C8848,Customer C8848,Bronze,46,2025-01-01
C4828,Customer C4828,Silver,20,2025-01-01
C4230,Customer C4230,Bronze,68,2025-01-01
C1488,Customer C1488,Bronze,64,2025-01-01
C4173,Customer C4173,Bronze,54,2025-01-01
C2667,Customer C2667,Silver,48,2025-01-01
C5114,Customer C5114,Bronze,28,2025-01-01
C4553,Customer C4553,Bronze,39,2025-01-01
C8761,Customer C8761,Gold,35,2025-01-01
C2000,Customer C2000,Silver,52,2025-01-01
C2388,Customer C2388,Silver,23,2025-01-01
C4712,Customer C4712,Bronze,20,2025-01-01
C2367,Customer C2367,Bronze,22,2025-01-01
C9189,Customer C9189,Gold,26,2025-01-01
C1454,Customer C1454,Bronze,45,2025-01-01
C3772,Customer C3772,Bronze,36,2025-01-01
C4726,Customer C4726,Bronze,45,2025-01-01
C8232,Customer C8232,Bronze,44,2025-01-01
C3875,Customer C3875,Bronze,30,2025-01-01
C2440,Customer C2440,Silver,55,2025-01-01
C9927,Customer C9927,Gold,60,2025-01-01
C8010,Customer C8010,Gold,70,2025-01-01
C8117,Customer C8117,Bronze,38,2025-01-01
C3989,Customer C3989,Bronze,44,2025-01-01
C7228,Customer C7228,Bronze,63,2025-01-01
C7471,Customer C7471,Silver,23,2025-01-01
C3863,Customer C3863,Bronze,55,2025-01-01
C2177,Customer C2177,Silver,66,2025-01-01
C6252,Customer C6252,Bronze,58,2025-01-01
C5399,Customer C5399,Gold,70,2025-01-01
C9234,Customer C9234,Gold,34,2025-01-01
C9212,Customer C9212,Bronze,73,2025-01-01
C1406,Customer C1406,Bronze,56,2025-01-01
C5431,Customer C5431,Gold,24,2025-01-01
C6243,Customer C6243,Bronze,47,2025-01-01
C7542,Customer C7542,Bronze,38,2025-01-01
C7936,Customer C7936,Bronze,18,2025-01-01
C9906,Customer C9906,Bronze,42,2025-01-01
C1140,Customer C1140,Bronze,49,2025-01-01
C5882,Customer C5882,Bronze,74,2025-01-01
C7012,Customer C7012,Bronze,25,2025-01-01
C1963,Customer C1963,Bronze,22,2025-01-01
C8151,Customer C8151,Gold,47,2025-01-01
C9564,Customer C9564,Silver,68,2025-01-01
C7894,Customer C7894,Silver,25,2025-01-01
C7787,Customer C7787,Silver,66,2025-01-01
C3137,Customer C3137,Bronze,36,2025-01-01
C5445,Customer C5445,Bronze,61,2025-01-01
C2286,Customer C2286,Gold,72,2025-01-01
C8052,Customer C8052,Bronze,47,2025-01-01
C4654,Customer C4654,Bronze,32,2025-01-01
C3359,Customer C3359,Silver,53,2025-01-01
C9105,Customer C9105,Bronze,72,2025-01-01
C9636,Customer C9636,Bronze,61,2025-01-01
C7441,Customer C7441,Gold,44,2025-01-01
C6047,Customer C6047,Silver,30,2025-01-01
C9227,Customer C9227,Bronze,31,2025-01-01
C6203,Customer C6203,Gold,54,2025-01-01
C2798,Customer C2798,Silver,71,2025-01-01
C6291,Customer C6291,Silver,65,2025-01-01
C6495,Customer C6495,Bronze,47,2025-01-01
C7284,Customer C7284,Bronze,56,2025-01-01
C8285,Customer C8285,Silver,64,2025-01-01
C2300,Customer C2300,Silver,30,2025-01-01
C7869,Customer C7869,Silver,33,2025-01-01
C4097,Customer C4097,Bronze,61,2025-01-01
C5616,Customer C5616,Bronze,24,2025-01-01
C6752,Customer C6752,Silver,65,2025-01-01
C2072,Customer C2072,Bronze,72,2025-01-01
C4225,Customer C4225,Bronze,44,2025-01-01
C2316,Customer C2316,Bronze,62,2025-01-01
C7807,Customer C7807,Silver,72,2025-01-01
C7674,Customer C7674,Silver,52,2025-01-01
C4683,Customer C4683,Bronze,32,2025-01-01
C8227,Customer C8227,Bronze,45,2025-01-01
C4273,Customer C4273,Silver,52,2025-01-01
C8000,Customer C8000,Bronze,24,2025-01-01
C6010,Customer C6010,Bronze,67,2025-01-01
C4040,Customer C4040,Gold,63,2025-01-01
C1482,Customer C1482,Bronze,67,2025-01-01
C4179,Customer C4179,Gold,68,2025-01-01
C2249,Customer C2249,Bronze,63,2025-01-01
C9853,Customer C9853,Bronze,49,2025-01-01
C3852,Customer C3852,Gold,55,2025-01-01
C1987,Customer C1987,Bronze,57,2025-01-01
C8622,Customer C8622,Bronze,49,2025-01-01
C8327,Customer C8327,Gold,43,2025-01-01
C9841,Customer C9841,Bronze,56,2025-01-01
C2100,Customer C2100,Bronze,37,2025-01-01
C7652,Customer C7652,Bronze,35,2025-01-01
C9632,Customer C9632,Silver,67,2025-01-01
C2343,Customer C2343,Bronze,32,2025-01-01
C5358,Customer C5358,Bronze,69,2025-01-01
C7602,Customer C7602,Bronze,68,2025-01-01
C3349,Customer C3349,Gold,39,2025-01-01
C2241,Customer C2241,Gold,70,2025-01-01
C2125,Customer C2125,Silver,38,2025-01-01
C7764,Customer C7764,Silver,19,2025-01-01
C6101,Customer C6101,Silver,57,2025-01-01
C8843,Customer C8843,Bronze,70,2025-01-01
C1072,Customer C1072,Silver,60,2025-01-01
C6472,Customer C6472,Bronze,35,2025-01-01
C6189,Customer C6189,Bronze,40,2025-01-01
C1707,Customer C1707,Silver,30,2025-01-01
C2804,Customer C2804,Bronze,58,2025-01-01
C4713,Customer C4713,Silver,26,2025-01-01
C3475,Customer C3475,Bronze,66,2025-01-01
C5255,Customer C5255,Silver,24,2025-01-01
C8397,Customer C8397,Bronze,58,2025-01-01
C2735,Customer C2735,Silver,71,2025-01-01
C8426,Customer C8426,Silver,18,2025-01-01
C3817,Customer C3817,Bronze,19,2025-01-01
C4874,Customer C4874,Bronze,21,2025-01-01
C5211,Customer C5211,Bronze,31,2025-01-01
C3665,Customer C3665,Bronze,49,2025-01-01
C3493,Customer C3493,Silver,53,2025-01-01
C7813,Customer C7813,Gold,19,2025-01-01
C1632,Customer C1632,Bronze,57,2025-01-01
C4083,Customer C4083,Silver,67,2025-01-01
C8123,Customer C8123,Silver,68,2025-01-01
C1236,Customer C1236,Bronze,31,2025-01-01
C8446,Customer C8446,Silver,37,2025-01-01
C5443,Customer C5443,Silver,42,2025-01-01
C7770,Customer C7770,Bronze,59,2025-01-01
C9555,Customer C9555,Bronze,66,2025-01-01
C1285,Customer C1285,Bronze,25,2025-01-01
C1148,Customer C1148,Gold,45,2025-01-01
C5037,Customer C5037,Gold,63,2025-01-01
C7549,Customer C7549,Silver,38,2025-01-01
C8121,Customer C8121,Bronze,40,2025-01-01
C5895,Customer C5895,Bronze,49,2025-01-01
C2012,Customer C2012,Bronze,48,2025-01-01
C3785,Customer C3785,Silver,54,2025-01-01
C4725,Customer C4725,Gold,33,2025-01-01
C5576,Customer C5576,Gold,57,2025-01-01
C6782,Customer C6782,Silver,59,2025-01-01
C3408,Customer C3408,Bronze,44,2025-01-01
C1340,Customer C1340,Bronze,57,2025-01-01
C3496,Customer C3496,Bronze,58,2025-01-01
C6962,Customer C6962,Silver,35,2025-01-01
C2689,Customer C2689,Silver,52,2025-01-01
C5406,Customer C5406,Bronze,66,2025-01-01
C2442,Customer C2442,Bronze,32,2025-01-01
C9597,Customer C9597,Bronze,70,2025-01-01
C5437,Customer C5437,Bronze,44,2025-01-01
C6435,Customer C6435,Bronze,34,2025-01-01
C9435,Customer C9435,Bronze,57,2025-01-01
C1560,Customer C1560,Silver,19,2025-01-01
C9785,Customer C9785,Bronze,66,2025-01-01
C6548,Customer C6548,Bronze,67,2025-01-01
C2826,Customer C2826,Bronze,48,2025-01-01
C9325,Customer C9325,Bronze,54,2025-01-01
C4138,Customer C4138,Bronze,58,2025-01-01
C9264,Customer C9264,Bronze,58,2025-01-01
C8842,Customer C8842,Bronze,51,2025-01-01
C7721,Customer C7721,Bronze,51,2025-01-01
C8373,Customer C8373,Bronze,72,2025-01-01
C6907,Customer C6907,Silver,20,2025-01-01
C7097,Customer C7097,Bronze,34,2025-01-01
C6656,Customer C6656,Bronze,31,2025-01-01
C5259,Customer C5259,Bronze,31,2025-01-01
C9286,Customer C9286,Bronze,63,2025-01-01
C6901,Customer C6901,Gold,55,2025-01-01
C5917,Customer C5917,Silver,52,2025-01-01
C9429,Customer C9429,Gold,18,2025-01-01
C3530,Customer C3530,Gold,65,2025-01-01
C2960,Customer C2960,Silver,46,2025-01-01
C8045,Customer C8045,Bronze,21,2025-01-01
C2048,Customer C2048,Bronze,50,2025-01-01
C6772,Customer C6772,Gold,34,2025-01-01
C3964,Customer C3964,Bronze,67,2025-01-01
C8137,Customer C8137,Silver,43,2025-01-01
C8340,Customer C8340,Bronze,25,2025-01-01
C9734,Customer C9734,Bronze,35,2025-01-01
C1845,Customer C1845,Silver,48,2025-01-01
C4036,Customer C4036,Bronze,33,2025-01-01
C6947,Customer C6947,Bronze,27,2025-01-01
C3494,Customer C3494,Bronze,57,2025-01-01
C2884,Customer C2884,Silver,29,2025-01-01
C5349,Customer C5349,Bronze,39,2025-01-01
C7610,Customer C7610,Bronze,33,2025-01-01
C8154,Customer C8154,Bronze,29,2025-01-01
C7488,Customer C7488,Bronze,28,2025-01-01
C7525,Customer C7525,Bronze,37,2025-01-01
C1689,Customer C1689,Silver,68,2025-01-01
C9648,Customer C9648,Silver,44,2025-01-01
C6078,Customer C6078,Bronze,20,2025-01-01
C6448,Customer C6448,Bronze,29,2025-01-01
C2179,Customer C2179,Bronze,47,2025-01-01
C7406,Customer C7406,Silver,26,2025-01-01
C9591,Customer C9591,Gold,70,2025-01-01
C7907,Customer C7907,Gold,71,2025-01-01
C2638,Customer C2638,Bronze,54,2025-01-01
C6671,Customer C6671,Bronze,18,2025-01-01
C7928,Customer C7928,Silver,59,2025-01-01
C2403,Customer C2403,Bronze,21,2025-01-01
C4292,Customer C4292,Silver,32,2025-01-01
C5517,Customer C5517,Bronze,68,2025-01-01
C4302,Customer C4302,Bronze,44,2025-01-01
C8857,Customer C8857,Bronze,25,2025-01-01
C8870,Customer C8870,Bronze,40,2025-01-01
C6693,Customer C6693,Bronze,32,2025-01-01
C1767,Customer C1767,Bronze,44,2025-01-01
C3044,Customer C3044,Bronze,48,2025-01-01
C2549,Customer C2549,Bronze,56,2025-01-01
C7140,Customer C7140,Bronze,64,2025-01-01
C4716,Customer C4716,Silver,25,2025-01-01
C5481,Customer C5481,Bronze,47,2025-01-01
C8898,Customer C8898,Bronze,72,2025-01-01
C3293,Customer C3293,Gold,35,2025-01-01
C5837,Customer C5837,Bronze,21,2025-01-01
C8758,Customer C8758,Bronze,64,2025-01-01
C7793,Customer C7793,Bronze,60,2025-01-01
C8638,Customer C8638,Silver,39,2025-01-01
C8993,Customer C8993,Bronze,20,2025-01-01
C7007,Customer C7007,Bronze,32,2025-01-01
C6542,Customer C6542,Bronze,52,2025-01-01
C7356,Customer C7356,Bronze,64,2025-01-01
C8380,Customer C8380,Silver,55,2025-01-01
C5592,Customer C5592,Silver,65,2025-01-01
C5798,Customer C5798,Bronze,18,2025-01-01
C7036,Customer C7036,Bronze,70,2025-01-01
C3355,Customer C3355,Silver,66,2025-01-01
C6887,Customer C6887,Bronze,43,2025-01-01
C8961,Customer C8961,Silver,25,2025-01-01
C6827,Customer C6827,Bronze,67,2025-01-01
C9737,Customer C9737,Bronze,33,2025-01-01
C1593,Customer C1593,Silver,55,2025-01-01
C5839,Customer C5839,Silver,27,2025-01-01
C8394,Customer C8394,Silver,59,2025-01-01
C4493,Customer C4493,Bronze,54,2025-01-01
C7164,Customer C7164,Silver,43,2025-01-01
C3672,Customer C3672,Bronze,45,2025-01-01
C5200,Customer C5200,Bronze,29,2025-01-01
C1016,Customer C1016,Gold,37,2025-01-01
C4191,Customer C4191,Silver,66,2025-01-01
C1392,Customer C1392,Bronze,31,2025-01-01
C9616,Customer C9616,Silver,63,2025-01-01
C7272,Customer C7272,Bronze,52,2025-01-01
C4631,Customer C4631,Bronze,46,2025-01-01
C8177,Customer C8177,Bronze,29,2025-01-01
C9123,Customer C9123,Bronze,35,2025-01-01
C3279,Customer C3279,Silver,61,2025-01-01
C9980,Customer C9980,Bronze,19,2025-01-01
C8451,Customer C8451,Silver,19,2025-01-01
C3247,Customer C3247,Bronze,34,2025-01-01
C8088,Customer C8088,Silver,27,2025-01-01
C1078,Customer C1078,Bronze,35,2025-01-01
C9080,Customer C9080,Silver,39,2025-01-01
C4926,Customer C4926,Gold,36,2025-01-01
C7230,Customer C7230,Silver,70,2025-01-01
C5940,Customer C5940,Bronze,18,2025-01-01
C4271,Customer C4271,Gold,41,2025-01-01
C4456,Customer C4456,Bronze,53,2025-01-01
C8788,Customer C8788,Silver,42,2025-01-01
C9599,Customer C9599,Silver,53,2025-01-01
C8650,Customer C8650,Bronze,48,2025-01-01
C2668,Customer C2668,Bronze,48,2025-01-01
C1147,Customer C1147,Bronze,19,2025-01-01
C1365,Customer C1365,Bronze,36,2025-01-01
C5531,Customer C5531,Silver,70,2025-01-01
C6330,Customer C6330,Bronze,29,2025-01-01
C6510,Customer C6510,Bronze,27,2025-01-01
C9964,Customer C9964,Bronze,48,2025-01-01
C6439,Customer C6439,Bronze,62,2025-01-01
C7511,Customer C7511,Bronze,39,2025-01-01
C8504,Customer C8504,Silver,40,2025-01-01
C2246,Customer C2246,Bronze,69,2025-01-01
C4839,Customer C4839,Silver,40,2025-01-01
C9551,Customer C9551,Bronze,32,2025-01-01
C3376,Customer C3376,Bronze,43,2025-01-01
C2827,Customer C2827,Silver,20,2025-01-01
C7979,Customer C7979,Bronze,40,2025-01-01
C9569,Customer C9569,Bronze,37,2025-01-01
C5285,Customer C5285,Bronze,62,2025-01-01
C9561,Customer C9561,Bronze,57,2025-01-01
C3196,Customer C3196,Bronze,74,2025-01-01
C9843,Customer C9843,Bronze,73,2025-01-01
C6978,Customer C6978,Bronze,25,2025-01-01
C6607,Customer C6607,Bronze,35,2025-01-01
C1780,Customer C1780,Bronze,58,2025-01-01
C4983,Customer C4983,Bronze,23,2025-01-01
C9714,Customer C9714,Bronze,44,2025-01-01
C1521,Customer C1521,Gold,53,2025-01-01
C6784,Customer C6784,Silver,54,2025-01-01
C5583,Customer C5583,Bronze,22,2025-01-01
C6946,Customer C6946,Gold,56,2025-01-01
C7267,Customer C7267,Gold,24,2025-01-01
C8128,Customer C8128,Silver,58,2025-01-01
C3461,Customer C3461,Bronze,37,2025-01-01
C1685,Customer C1685,Silver,27,2025-01-01
C3160,Customer C3160,Bronze,43,2025-01-01
C8031,Customer C8031,Bronze,21,2025-01-01
C6341,Customer C6341,Silver,55,2025-01-01
C5875,Customer C5875,Gold,41,2025-01-01
C8697,Customer C8697,Bronze,31,2025-01-01
C8165,Customer C8165,Bronze,58,2025-01-01
C8527,Customer C8527,Silver,18,2025-01-01
C7381,Customer C7381,Silver,34,2025-01-01
C1646,Customer C1646,Silver,62,2025-01-01
C9789,Customer C9789,Silver,41,2025-01-01
C8003,Customer C8003,Bronze,44,2025-01-01
C4537,Customer C4537,Gold,24,2025-01-01
C5558,Customer C5558,Bronze,26,2025-01-01
C7579,Customer C7579,Bronze,60,2025-01-01
C9474,Customer C9474,Bronze,52,2025-01-01
C5082,Customer C5082,Bronze,29,2025-01-01
C5183,Customer C5183,Bronze,38,2025-01-01
C9652,Customer C9652,Silver,20,2025-01-01
C4754,Customer C4754,Bronze,32,2025-01-01
C2724,Customer C2724,Bronze,38,2025-01-01
C2376,Customer C2376,Silver,27,2025-01-01
C9706,Customer C9706,Bronze,50,2025-01-01
C9894,Customer C9894,Bronze,63,2025-01-01
C2653,Customer C2653,Bronze,69,2025-01-01
C3066,Customer C3066,Gold,23,2025-01-01
C1022,Customer C1022,Bronze,19,2025-01-01
C3460,Customer C3460,Bronze,46,2025-01-01
C6926,Customer C6926,Bronze,72,2025-01-01
C7251,Customer C7251,Bronze,57,2025-01-01
C8295,Customer C8295,Bronze,50,2025-01-01
C7279,Customer C7279,Bronze,21,2025-01-01
C9553,Customer C9553,Bronze,21,2025-01-01
C4727,Customer C4727,Bronze,54,2025-01-01
C6995,Customer C6995,Bronze,37,2025-01-01
C1448,Customer C1448,Bronze,58,2025-01-01
C9033,Customer C9033,Bronze,40,2025-01-01
C3520,Customer C3520,Silver,62,2025-01-01
C2428,Customer C2428,Bronze,35,2025-01-01
C4967,Customer C4967,Bronze,66,2025-01-01
C7445,Customer C7445,Silver,42,2025-01-01
C3159,Customer C3159,Bronze,18,2025-01-01
C3547,Customer C3547,Bronze,32,2025-01-01
C3979,Customer C3979,Bronze,51,2025-01-01
C3649,Customer C3649,Bronze,65,2025-01-01
C9505,Customer C9505,Bronze,37,2025-01-01
C2037,Customer C2037,Bronze,71,2025-01-01
C4489,Customer C4489,Silver,54,2025-01-01
C8604,Customer C8604,Bronze,44,2025-01-01
C8544,Customer C8544,Bronze,39,2025-01-01
C3634,Customer C3634,Bronze,68,2025-01-01
C2778,Customer C2778,Bronze,22,2025-01-01
C8902,Customer C8902,Bronze,51,2025-01-01
C6110,Customer C6110,Gold,56,2025-01-01
C8378,Customer C8378,Silver,20,2025-01-01
C2124,Customer C2124,Gold,34,2025-01-01
C1697,Customer C1697,Silver,41,2025-01-01
C3179,Customer C3179,Bronze,41,2025-01-01
C6251,Customer C6251,Bronze,20,2025-01-01
C2929,Customer C2929,Bronze,62,2025-01-01
C2013,Customer C2013,Bronze,24,2025-01-01
C1226,Customer C1226,Gold,42,2025-01-01
C8321,Customer C8321,Bronze,73,2025-01-01
C8909,Customer C8909,Silver,20,2025-01-01
C3023,Customer C3023,Bronze,32,2025-01-01
C5966,Customer C5966,Silver,46,2025-01-01
C6891,Customer C6891,Gold,67,2025-01-01
C2080,Customer C2080,Silver,46,2025-01-01
C6036,Customer C6036,Silver,27,2025-01-01
C3563,Customer C3563,Bronze,49,2025-01-01
C4586,Customer C4586,Silver,40,2025-01-01
C7841,Customer C7841,Gold,56,2025-01-01
C7643,Customer C7643,Silver,26,2025-01-01
C4959,Customer C4959,Silver,54,2025-01-01
C4390,Customer C4390,Silver,69,2025-01-01
C7354,Customer C7354,Silver,57,2025-01-01
C1541,Customer C1541,Bronze,31,2025-01-01
C6433,Customer C6433,Silver,21,2025-01-01
C6093,Customer C6093,Bronze,37,2025-01-01
C1867,Customer C1867,Bronze,45,2025-01-01
C6469,Customer C6469,Bronze,31,2025-01-01
C7256,Customer C7256,Bronze,61,2025-01-01
C2169,Customer C2169,Bronze,51,2025-01-01
C2651,Customer C2651,Bronze,30,2025-01-01
C3810,Customer C3810,Bronze,48,2025-01-01
C9667,Customer C9667,Bronze,50,2025-01-01
C2019,Customer C2019,Bronze,69,2025-01-01
C3010,Customer C3010,Gold,45,2025-01-01
C9590,Customer C9590,Silver,42,2025-01-01
C3171,Customer C3171,Gold,49,2025-01-01
C9266,Customer C9266,Silver,26,2025-01-01
C4471,Customer C4471,Bronze,45,2025-01-01
C6624,Customer C6624,Silver,48,2025-01-01
C9329,Customer C9329,Silver,34,2025-01-01
C3097,Customer C3097,Bronze,70,2025-01-01
C7397,Customer C7397,Bronze,40,2025-01-01
C3757,Customer C3757,Silver,30,2025-01-01
C4920,Customer C4920,Bronze,72,2025-01-01
C9186,Customer C9186,Silver,27,2025-01-01
C2900,Customer C2900,Bronze,33,2025-01-01
C3610,Customer C3610,Bronze,23,2025-01-01
C7900,Customer C7900,Bronze,65,2025-01-01
C2449,Customer C2449,Bronze,28,2025-01-01
C9738,Customer C9738,Bronze,69,2025-01-01
C6017,Customer C6017,Silver,20,2025-01-01
C8999,Customer C8999,Silver,45,2025-01-01
C3096,Customer C3096,Silver,58,2025-01-01
C9895,Customer C9895,Bronze,32,2025-01-01
C7404,Customer C7404,Silver,30,2025-01-01
C4331,Customer C4331,Bronze,59,2025-01-01
C8462,Customer C8462,Bronze,69,2025-01-01
C4384,Customer C4384,Bronze,73,2025-01-01
C8531,Customer C8531,Bronze,62,2025-01-01
C5283,Customer C5283,Bronze,34,2025-01-01
C8736,Customer C8736,Bronze,24,2025-01-01
C8710,Customer C8710,Silver,45,2025-01-01
C7868,Customer C7868,Silver,55,2025-01-01
C5713,Customer C5713,Bronze,34,2025-01-01
C5998,Customer C5998,Bronze,32,2025-01-01
C1162,Customer C1162,Bronze,53,2025-01-01
C2974,Customer C2974,Silver,45,2025-01-01
C9461,Customer C9461,Bronze,32,2025-01-01
C1631,Customer C1631,Silver,63,2025-01-01
C1905,Customer C1905,Silver,70,2025-01-01
C3014,Customer C3014,Bronze,28,2025-01-01
C8896,Customer C8896,Gold,73,2025-01-01
C1204,Customer C1204,Bronze,48,2025-01-01
C1581,Customer C1581,Bronze,21,2025-01-01
C6347,Customer C6347,Bronze,52,2025-01-01
C3643,Customer C3643,Bronze,51,2025-01-01
C3297,Customer C3297,Bronze,69,2025-01-01
C1874,Customer C1874,Bronze,44,2025-01-01
C8927,Customer C8927,Silver,27,2025-01-01
C2171,Customer C2171,Gold,47,2025-01-01
C6591,Customer C6591,Silver,62,2025-01-01
C7285,Customer C7285,Bronze,37,2025-01-01
C6432,Customer C6432,Silver,46,2025-01-01
C5260,Customer C5260,Silver,70,2025-01-01
C3361,Customer C3361,Silver,46,2025-01-01
C4670,Customer C4670,Silver,40,2025-01-01
C2753,Customer C2753,Silver,74,2025-01-01
C2938,Customer C2938,Silver,38,2025-01-01
C9562,Customer C9562,Bronze,65,2025-01-01
C6976,Customer C6976,Gold,60,2025-01-01
C8345,Customer C8345,Bronze,58,2025-01-01
C8875,Customer C8875,Bronze,29,2025-01-01
C7633,Customer C7633,Silver,47,2025-01-01
C1597,Customer C1597,Bronze,68,2025-01-01
C4062,Customer C4062,Bronze,50,2025-01-01
C1572,Customer C1572,Gold,35,2025-01-01
C8521,Customer C8521,Gold,31,2025-01-01
C7171,Customer C7171,Bronze,39,2025-01-01
C8097,Customer C8097,Bronze,38,2025-01-01
C3090,Customer C3090,Silver,18,2025-01-01
C7566,Customer C7566,Gold,66,2025-01-01
C5624,Customer C5624,Bronze,60,2025-01-01
C2517,Customer C2517,Silver,69,2025-01-01
C4648,Customer C4648,Bronze,32,2025-01-01
C2537,Customer C2537,Silver,53,2025-01-01
C4137,Customer C4137,Silver,64,2025-01-01
C7985,Customer C7985,Bronze,71,2025-01-01
C1097,Customer C1097,Bronze,39,2025-01-01
C4750,Customer C4750,Gold,49,2025-01-01
C9535,Customer C9535,Silver,63,2025-01-01
C9174,Customer C9174,Bronze,71,2025-01-01
C6413,Customer C6413,Silver,58,2025-01-01
C5666,Customer C5666,Bronze,56,2025-01-01
C1610,Customer C1610,Silver,40,2025-01-01
C2727,Customer C2727,Bronze,60,2025-01-01
C3324,Customer C3324,Bronze,19,2025-01-01
C6774,Customer C6774,Bronze,19,2025-01-01
C7519,Customer C7519,Bronze,55,2025-01-01
C2749,Customer C2749,Silver,72,2025-01-01
C1781,Customer C1781,Silver,68,2025-01-01
C8548,Customer C8548,Silver,46,2025-01-01
C7823,Customer C7823,Silver,69,2025-01-01
C4867,Customer C4867,Bronze,63,2025-01-01
C8193,Customer C8193,Gold,20,2025-01-01
C6879,Customer C6879,Bronze,56,2025-01-01
C4970,Customer C4970,Silver,24,2025-01-01
C2577,Customer C2577,Silver,46,2025-01-01
C3274,Customer C3274,Silver,72,2025-01-01
C7744,Customer C7744,Silver,54,2025-01-01
C3426,Customer C3426,Bronze,66,2025-01-01
C6546,Customer C6546,Bronze,53,2025-01-01
C7411,Customer C7411,Bronze,40,2025-01-01
C1007,Customer C1007,Silver,62,2025-01-01
C9087,Customer C9087,Bronze,33,2025-01-01
C3555,Customer C3555,Gold,65,2025-01-01
C1475,Customer C1475,Bronze,48,2025-01-01
C6416,Customer C6416,Bronze,51,2025-01-01
C9676,Customer C9676,Silver,67,2025-01-01
C7710,Customer C7710,Bronze,18,2025-01-01
C6000,Customer C6000,Gold,35,2025-01-01
C5654,Customer C5654,Silver,57,2025-01-01
C9078,Customer C9078,Bronze,60,2025-01-01
C7063,Customer C7063,Bronze,73,2025-01-01
C3285,Customer C3285,Bronze,73,2025-01-01
C6223,Customer C6223,Bronze,32,2025-01-01
C4525,Customer C4525,Silver,65,2025-01-01
C3822,Customer C3822,Bronze,66,2025-01-01
C5943,Customer C5943,Bronze,34,2025-01-01
C1258,Customer C1258,Bronze,61,2025-01-01
C1282,Customer C1282,Bronze,27,2025-01-01
C2898,Customer C2898,Bronze,37,2025-01-01
C5135,Customer C5135,Silver,23,2025-01-01
C7629,Customer C7629,Silver,25,2025-01-01
C4200,Customer C4200,Silver,62,2025-01-01
C1612,Customer C1612,Bronze,49,2025-01-01
C1687,Customer C1687,Silver,68,2025-01-01
C4690,Customer C4690,Bronze,71,2025-01-01
C9804,Customer C9804,Bronze,59,2025-01-01
C3307,Customer C3307,Bronze,21,2025-01-01
C8133,Customer C8133,Bronze,61,2025-01-01
C7509,Customer C7509,Silver,67,2025-01-01
C6906,Customer C6906,Bronze,56,2025-01-01
C3591,Customer C3591,Silver,37,2025-01-01
C8183,Customer C8183,Bronze,41,2025-01-01
C6108,Customer C6108,Silver,72,2025-01-01
C4604,Customer C4604,Bronze,43,2025-01-01
C5364,Customer C5364,Bronze,53,2025-01-01
C8329,Customer C8329,Silver,24,2025-01-01
C1923,Customer C1923,Silver,27,2025-01-01
C2529,Customer C2529,Bronze,64,2025-01-01
C9438,Customer C9438,Gold,29,2025-01-01
C7274,Customer C7274,Silver,69,2025-01-01
C7788,Customer C7788,Bronze,42,2025-01-01
C1264,Customer C1264,Silver,33,2025-01-01
C3990,Customer C3990,Bronze,22,2025-01-01
C1587,Customer C1587,Bronze,36,2025-01-01
C4348,Customer C4348,Gold,21,2025-01-01
C7299,Customer C7299,Silver,23,2025-01-01
C9381,Customer C9381,Bronze,66,2025-01-01
C2715,Customer C2715,Silver,56,2025-01-01
C7450,Customer C7450,Bronze,73,2025-01-01
C8096,Customer C8096,Bronze,72,2025-01-01
C7763,Customer C7763,Silver,62,2025-01-01
C2674,Customer C2674,Bronze,69,2025-01-01
C8950,Customer C8950,Silver,31,2025-01-01
C7049,Customer C7049,Bronze,65,2025-01-01
C2089,Customer C2089,Silver,72,2025-01-01
C5578,Customer C5578,Gold,26,2025-01-01
C1155,Customer C1155,Silver,32,2025-01-01
C2958,Customer C2958,Silver,54,2025-01-01
C7344,Customer C7344,Gold,67,2025-01-01
C7144,Customer C7144,Bronze,70,2025-01-01
C4830,Customer C4830,Silver,37,2025-01-01
C9831,Customer C9831,Silver,25,2025-01-01
C7659,Customer C7659,Bronze,49,2025-01-01
C1441,Customer C1441,Bronze,64,2025-01-01
C7040,Customer C7040,Gold,38,2025-01-01
C6925,Customer C6925,Silver,74,2025-01-01
C8358,Customer C8358,Bronze,58,2025-01-01
C5628,Customer C5628,Bronze,36,2025-01-01
C7370,Customer C7370,Silver,46,2025-01-01
C1948,Customer C1948,Bronze,48,2025-01-01
C9179,Customer C9179,Silver,71,2025-01-01
C7115,Customer C7115,Silver,23,2025-01-01
C1459,Customer C1459,Silver,21,2025-01-01
C8568,Customer C8568,Bronze,60,2025-01-01
C5646,Customer C5646,Silver,46,2025-01-01
C2787,Customer C2787,Silver,59,2025-01-01
C8374,Customer C8374,Silver,20,2025-01-01
C2138,Customer C2138,Bronze,18,2025-01-01
C5741,Customer C5741,Bronze,61,2025-01-01
C7362,Customer C7362,Gold,72,2025-01-01
C4674,Customer C4674,Bronze,32,2025-01-01
C2377,Customer C2377,Bronze,64,2025-01-01
C7701,Customer C7701,Bronze,38,2025-01-01
C3597,Customer C3597,Silver,63,2025-01-01
C1141,Customer C1141,Bronze,48,2025-01-01
C3659,Customer C3659,Bronze,24,2025-01-01
C5596,Customer C5596,Bronze,34,2025-01-01
C6661,Customer C6661,Silver,73,2025-01-01
C7142,Customer C7142,Bronze,36,2025-01-01
C1423,Customer C1423,Bronze,56,2025-01-01
C7999,Customer C7999,Bronze,20,2025-01-01
C2967,Customer C2967,Silver,47,2025-01-01
C5088,Customer C5088,Bronze,52,2025-01-01
C8789,Customer C8789,Bronze,74,2025-01-01
C6394,Customer C6394,Bronze,46,2025-01-01
C8880,Customer C8880,Gold,67,2025-01-01
C6075,Customer C6075,Silver,69,2025-01-01
C8230,Customer C8230,Gold,71,2025-01-01
C8155,Customer C8155,Silver,31,2025-01-01
C3723,Customer C3723,Bronze,52,2025-01-01
C7816,Customer C7816,Silver,45,2025-01-01
C1040,Customer C1040,Bronze,47,2025-01-01
C9259,Customer C9259,Bronze,43,2025-01-01
C6717,Customer C6717,Bronze,24,2025-01-01
C4198,Customer C4198,Bronze,56,2025-01-01
C6374,Customer C6374,Gold,48,2025-01-01
C3524,Customer C3524,Bronze,22,2025-01-01
C6154,Customer C6154,Silver,52,2025-01-01
C2492,Customer C2492,Bronze,67,2025-01-01
C1660,Customer C1660,Bronze,64,2025-01-01
C2348,Customer C2348,Silver,69,2025-01-01
C8851,Customer C8851,Silver,31,2025-01-01
C8156,Customer C8156,Silver,53,2025-01-01
C4516,Customer C4516,Bronze,44,2025-01-01
C5577,Customer C5577,Bronze,41,2025-01-01
C1727,Customer C1727,Silver,57,2025-01-01
C8468,Customer C8468,Silver,46,2025-01-01
C1342,Customer C1342,Bronze,70,2025-01-01
C2447,Customer C2447,Gold,62,2025-01-01
C7581,Customer C7581,Silver,39,2025-01-01
C7317,Customer C7317,Gold,25,2025-01-01
C1405,Customer C1405,Silver,32,2025-01-01
C8986,Customer C8986,Silver,66,2025-01-01
C4740,Customer C4740,Bronze,22,2025-01-01
C2846,Customer C2846,Bronze,69,2025-01-01
C2478,Customer C2478,Silver,21,2025-01-01
C1771,Customer C1771,Bronze,28,2025-01-01
C6525,Customer C6525,Bronze,35,2025-01-01
C9770,Customer C9770,Bronze,59,2025-01-01
C1193,Customer C1193,Bronze,66,2025-01-01
C3007,Customer C3007,Gold,47,2025-01-01
C2185,Customer C2185,Silver,32,2025-01-01
C3394,Customer C3394,Bronze,23,2025-01-01
C5005,Customer C5005,Bronze,72,2025-01-01
C8429,Customer C8429,Silver,70,2025-01-01
C3261,Customer C3261,Silver,33,2025-01-01
C4736,Customer C4736,Gold,64,2025-01-01
C7716,Customer C7716,Bronze,57,2025-01-01
C9921,Customer C9921,Bronze,26,2025-01-01
C5378,Customer C5378,Bronze,60,2025-01-01
C8815,Customer C8815,Gold,51,2025-01-01
C8616,Customer C8616,Silver,44,2025-01-01
C3800,Customer C3800,Silver,30,2025-01-01
C9333,Customer C9333,Bronze,53,2025-01-01
C6410,Customer C6410,Silver,44,2025-01-01
C2455,Customer C2455,Silver,26,2025-01-01
C6808,Customer C6808,Bronze,22,2025-01-01
C5796,Customer C5796,Bronze,39,2025-01-01
C2325,Customer C2325,Bronze,48,2025-01-01
C2159,Customer C2159,Bronze,20,2025-01-01
C5650,Customer C5650,Bronze,47,2025-01-01
C5987,Customer C5987,Bronze,38,2025-01-01
C5697,Customer C5697,Bronze,52,2025-01-01
C2968,Customer C2968,Bronze,23,2025-01-01
C6482,Customer C6482,Silver,45,2025-01-01
C2800,Customer C2800,Bronze,49,2025-01-01
C5912,Customer C5912,Silver,59,2025-01-01
C1855,Customer C1855,Bronze,54,2025-01-01
C1182,Customer C1182,Silver,42,2025-01-01
C4112,Customer C4112,Bronze,49,2025-01-01
C6670,Customer C6670,Silver,52,2025-01-01
C6823,Customer C6823,Bronze,39,2025-01-01
C6002,Customer C6002,Silver,41,2025-01-01
C2356,Customer C2356,Bronze,56,2025-01-01
C4628,Customer C4628,Silver,71,2025-01-01
C9210,Customer C9210,Bronze,47,2025-01-01
C4311,Customer C4311,Bronze,67,2025-01-01
C7048,Customer C7048,Bronze,49,2025-01-01
C7246,Customer C7246,Silver,48,2025-01-01
C4321,Customer C4321,Gold,40,2025-01-01
C5615,Customer C5615,Silver,57,2025-01-01
C9365,Customer C9365,Bronze,50,2025-01-01
C4052,Customer C4052,Bronze,42,2025-01-01
C7574,Customer C7574,Gold,53,2025-01-01
C6806,Customer C6806,Bronze,41,2025-01-01
C7993,Customer C7993,Silver,48,2025-01-01
C6443,Customer C6443,Gold,56,2025-01-01
C1989,Customer C1989,Silver,63,2025-01-01
C9611,Customer C9611,Bronze,30,2025-01-01
C2774,Customer C2774,Bronze,27,2025-01-01
C1935,Customer C1935,Bronze,40,2025-01-01
C4808,Customer C4808,Silver,35,2025-01-01
C1331,Customer C1331,Bronze,49,2025-01-01
C8922,Customer C8922,Bronze,50,2025-01-01
C3702,Customer C3702,Bronze,53,2025-01-01
C6889,Customer C6889,Bronze,45,2025-01-01
C4868,Customer C4868,Silver,33,2025-01-01
C1201,Customer C1201,Bronze,35,2025-01-01
C3497,Customer C3497,Bronze,25,2025-01-01
C2842,Customer C2842,Gold,59,2025-01-01
C8718,Customer C8718,Bronze,33,2025-01-01
C2628,Customer C2628,Silver,72,2025-01-01
C1386,Customer C1386,Gold,73,2025-01-01
C7401,Customer C7401,Bronze,28,2025-01-01
C5008,Customer C5008,Bronze,23,2025-01-01
C3282,Customer C3282,Gold,18,2025-01-01
C2856,Customer C2856,Bronze,29,2025-01-01
C6476,Customer C6476,Bronze,74,2025-01-01
C5669,Customer C5669,Bronze,55,2025-01-01
C5318,Customer C5318,Bronze,45,2025-01-01
C8064,Customer C8064,Silver,62,2025-01-01
C8461,Customer C8461,Silver,34,2025-01-01
C2819,Customer C2819,Silver,18,2025-01-01
C2130,Customer C2130,Bronze,49,2025-01-01
C3658,Customer C3658,Bronze,25,2025-01-01
C4500,Customer C4500,Silver,71,2025-01-01
C9566,Customer C9566,Bronze,57,2025-01-01
C5020,Customer C5020,Silver,73,2025-01-01
C4259,Customer C4259,Bronze,60,2025-01-01
C2474,Customer C2474,Silver,63,2025-01-01
C3242,Customer C3242,Bronze,41,2025-01-01
C4243,Customer C4243,Bronze,27,2025-01-01
C7990,Customer C7990,Bronze,64,2025-01-01
C6160,Customer C6160,Bronze,56,2025-01-01
C4134,Customer C4134,Bronze,56,2025-01-01
C3070,Customer C3070,Silver,27,2025-01-01
C1359,Customer C1359,Silver,53,2025-01-01
C2141,Customer C2141,Silver,42,2025-01-01
C2635,Customer C2635,Gold,67,2025-01-01
C4361,Customer C4361,Bronze,74,2025-01-01
C7583,Customer C7583,Bronze,27,2025-01-01
C8835,Customer C8835,Bronze,36,2025-01-01
C7564,Customer C7564,Bronze,62,2025-01-01
C5928,Customer C5928,Silver,32,2025-01-01
C3606,Customer C3606,Bronze,33,2025-01-01
C8611,Customer C8611,Gold,19,2025-01-01
C1913,Customer C1913,Gold,46,2025-01-01
C3011,Customer C3011,Bronze,21,2025-01-01
C2829,Customer C2829,Bronze,70,2025-01-01
C9767,Customer C9767,Silver,67,2025-01-01
C7468,Customer C7468,Bronze,46,2025-01-01
C1929,Customer C1929,Bronze,48,2025-01-01
C4699,Customer C4699,Silver,34,2025-01-01
C2054,Customer C2054,Bronze,27,2025-01-01
C6744,Customer C6744,Silver,44,2025-01-01
C4415,Customer C4415,Silver,70,2025-01-01
C1442,Customer C1442,Bronze,58,2025-01-01
C7218,Customer C7218,Bronze,32,2025-01-01
C5652,Customer C5652,Bronze,61,2025-01-01
C5458,Customer C5458,Bronze,38,2025-01-01
C7591,Customer C7591,Silver,58,2025-01-01
C3309,Customer C3309,Bronze,63,2025-01-01
C7268,Customer C7268,Bronze,62,2025-01-01
C1910,Customer C1910,Bronze,43,2025-01-01
C5340,Customer C5340,Bronze,55,2025-01-01
C5009,Customer C5009,Bronze,68,2025-01-01
C7628,Customer C7628,Bronze,53,2025-01-01
C3169,Customer C3169,Bronze,69,2025-01-01
C3172,Customer C3172,Bronze,34,2025-01-01
C6668,Customer C6668,Bronze,68,2025-01-01
C9315,Customer C9315,Silver,20,2025-01-01
C9036,Customer C9036,Bronze,31,2025-01-01
C7789,Customer C7789,Bronze,66,2025-01-01
C1785,Customer C1785,Silver,30,2025-01-01
C7139,Customer C7139,Bronze,58,2025-01-01
C3416,Customer C3416,Silver,44,2025-01-01
C9988,Customer C9988,Bronze,18,2025-01-01
C5154,Customer C5154,Bronze,74,2025-01-01
C2936,Customer C2936,Gold,34,2025-01-01
C4807,Customer C4807,Bronze,65,2025-01-01
C4236,Customer C4236,Silver,67,2025-01-01
C2932,Customer C2932,Silver,31,2025-01-01
C9556,Customer C9556,Silver,71,2025-01-01
C5916,Customer C5916,Bronze,72,2025-01-01
C6498,Customer C6498,Silver,34,2025-01-01
C1946,Customer C1946,Bronze,20,2025-01-01
C2439,Customer C2439,Silver,51,2025-01-01
C5857,Customer C5857,Bronze,57,2025-01-01
C1382,Customer C1382,Silver,42,2025-01-01
C9491,Customer C9491,Bronze,19,2025-01-01
C1138,Customer C1138,Bronze,51,2025-01-01
C1358,Customer C1358,Silver,43,2025-01-01
C2627,Customer C2627,Silver,48,2025-01-01
C7626,Customer C7626,Bronze,26,2025-01-01
C6004,Customer C6004,Bronze,47,2025-01-01
C4835,Customer C4835,Bronze,37,2025-01-01
C3151,Customer C3151,Bronze,38,2025-01-01
C3834,Customer C3834,Bronze,46,2025-01-01
C3567,Customer C3567,Silver,42,2025-01-01
C2307,Customer C2307,Bronze,55,2025-01-01
C9848,Customer C9848,Silver,61,2025-01-01
C3660,Customer C3660,Silver,42,2025-01-01
C4730,Customer C4730,Bronze,26,2025-01-01
C7207,Customer C7207,Bronze,56,2025-01-01
C4162,Customer C4162,Bronze,61,2025-01-01
C2140,Customer C2140,Bronze,43,2025-01-01
C9458,Customer C9458,Silver,74,2025-01-01
C2708,Customer C2708,Bronze,54,2025-01-01
C4630,Customer C4630,Silver,33,2025-01-01
C4211,Customer C4211,Bronze,54,2025-01-01
C7538,Customer C7538,Bronze,29,2025-01-01
C8684,Customer C8684,Bronze,41,2025-01-01
C2207,Customer C2207,Bronze,43,2025-01-01
C1557,Customer C1557,Bronze,37,2025-01-01
C1882,Customer C1882,Bronze,26,2025-01-01
C5761,Customer C5761,Silver,40,2025-01-01
C6867,Customer C6867,Silver,56,2025-01-01
C7963,Customer C7963,Bronze,46,2025-01-01
C8166,Customer C8166,Bronze,48,2025-01-01
C8929,Customer C8929,Bronze,36,2025-01-01
C8269,Customer C8269,Bronze,37,2025-01-01
C2946,Customer C2946,Bronze,40,2025-01-01
C7642,Customer C7642,Bronze,60,2025-01-01
C4825,Customer C4825,Bronze,44,2025-01-01
C4536,Customer C4536,Bronze,47,2025-01-01
C7068,Customer C7068,Bronze,38,2025-01-01
C4802,Customer C4802,Bronze,61,2025-01-01
C5699,Customer C5699,Silver,52,2025-01-01
C3819,Customer C3819,Bronze,66,2025-01-01
C4119,Customer C4119,Bronze,39,2025-01-01
C2863,Customer C2863,Silver,27,2025-01-01
C1115,Customer C1115,Silver,40,2025-01-01
C8084,Customer C8084,Silver,32,2025-01-01
C9016,Customer C9016,Bronze,47,2025-01-01
C3384,Customer C3384,Bronze,51,2025-01-01
C4935,Customer C4935,Silver,30,2025-01-01
C8742,Customer C8742,Bronze,21,2025-01-01
C3490,Customer C3490,Bronze,35,2025-01-01
C8661,Customer C8661,Silver,73,2025-01-01
C9182,Customer C9182,Bronze,40,2025-01-01
C3767,Customer C3767,Bronze,50,2025-01-01
C2137,Customer C2137,Bronze,51,2025-01-01
C5117,Customer C5117,Bronze,51,2025-01-01
C6845,Customer C6845,Bronze,53,2025-01-01
C5778,Customer C5778,Silver,52,2025-01-01
C4906,Customer C4906,Silver,34,2025-01-01
C4637,Customer C4637,Bronze,45,2025-01-01
C3953,Customer C3953,Silver,31,2025-01-01
C6929,Customer C6929,Bronze,51,2025-01-01
C1276,Customer C1276,Bronze,65,2025-01-01
C2999,Customer C2999,Silver,28,2025-01-01
C2227,Customer C2227,Silver,74,2025-01-01
C7337,Customer C7337,Silver,30,2025-01-01
C1695,Customer C1695,Silver,50,2025-01-01
C5152,Customer C5152,Silver,74,2025-01-01
C8470,Customer C8470,Silver,72,2025-01-01
C8537,Customer C8537,Bronze,19,2025-01-01
C3841,Customer C3841,Silver,51,2025-01-01
C9733,Customer C9733,Gold,70,2025-01-01
C2088,Customer C2088,Silver,46,2025-01-01
C4363,Customer C4363,Bronze,54,2025-01-01
C1024,Customer C1024,Bronze,21,2025-01-01
C5236,Customer C5236,Bronze,29,2025-01-01
C9068,Customer C9068,Bronze,43,2025-01-01
C9448,Customer C9448,Bronze,20,2025-01-01
C4175,Customer C4175,Bronze,37,2025-01-01
C5897,Customer C5897,Gold,27,2025-01-01
C6037,Customer C6037,Bronze,69,2025-01-01
C8427,Customer C8427,Bronze,35,2025-01-01
C9605,Customer C9605,Bronze,70,2025-01-01
C2381,Customer C2381,Silver,70,2025-01-01
C4426,Customer C4426,Bronze,70,2025-01-01
C4655,Customer C4655,Gold,44,2025-01-01
C8938,Customer C8938,Bronze,48,2025-01-01
C1187,Customer C1187,Bronze,44,2025-01-01
C6409,Customer C6409,Bronze,59,2025-01-01
C3092,Customer C3092,Silver,18,2025-01-01
C3130,Customer C3130,Bronze,23,2025-01-01
C6242,Customer C6242,Bronze,28,2025-01-01
C6647,Customer C6647,Bronze,51,2025-01-01
C6185,Customer C6185,Silver,56,2025-01-01
C8913,Customer C8913,Bronze,37,2025-01-01
C8547,Customer C8547,Silver,70,2025-01-01
C8823,Customer C8823,Silver,38,2025-01-01
C8355,Customer C8355,Bronze,38,2025-01-01
C2497,Customer C2497,Bronze,38,2025-01-01
C3951,Customer C3951,Bronze,36,2025-01-01
C2238,Customer C2238,Bronze,21,2025-01-01
C5727,Customer C5727,Bronze,30,2025-01-01
C4965,Customer C4965,Bronze,35,2025-01-01
C3780,Customer C3780,Bronze,46,2025-01-01
C8398,Customer C8398,Bronze,42,2025-01-01
C2588,Customer C2588,Silver,73,2025-01-01
C6789,Customer C6789,Gold,30,2025-01-01
C1436,Customer C1436,Silver,44,2025-01-01
C3828,Customer C3828,Bronze,36,2025-01-01
C2556,Customer C2556,Bronze,66,2025-01-01
C8480,Customer C8480,Bronze,18,2025-01-01
C7687,Customer C7687,Bronze,55,2025-01-01
C2589,Customer C2589,Bronze,36,2025-01-01
C9851,Customer C9851,Silver,69,2025-01-01
C1159,Customer C1159,Bronze,18,2025-01-01
C7555,Customer C7555,Bronze,57,2025-01-01
C9244,Customer C9244,Gold,34,2025-01-01
C7846,Customer C7846,Bronze,38,2025-01-01
C2228,Customer C2228,Bronze,39,2025-01-01
C8226,Customer C8226,Bronze,32,2025-01-01
C6590,Customer C6590,Bronze,67,2025-01-01
C7919,Customer C7919,Silver,56,2025-01-01
C7046,Customer C7046,Bronze,65,2025-01-01
C5945,Customer C5945,Bronze,56,2025-01-01
C8016,Customer C8016,Silver,49,2025-01-01
C6086,Customer C6086,Silver,66,2025-01-01
C8161,Customer C8161,Gold,21,2025-01-01
C2809,Customer C2809,Silver,61,2025-01-01
C4167,Customer C4167,Bronze,62,2025-01-01
C7352,Customer C7352,Bronze,49,2025-01-01
C7056,Customer C7056,Bronze,21,2025-01-01
C3437,Customer C3437,Bronze,70,2025-01-01
C9859,Customer C9859,Silver,18,2025-01-01
C8818,Customer C8818,Silver,50,2025-01-01
C5728,Customer C5728,Bronze,24,2025-01-01
C3624,Customer C3624,Bronze,26,2025-01-01
C6738,Customer C6738,Bronze,18,2025-01-01
C6793,Customer C6793,Gold,33,2025-01-01
C5523,Customer C5523,Bronze,35,2025-01-01
C6571,Customer C6571,Silver,71,2025-01-01
C3224,Customer C3224,Silver,64,2025-01-01
C7091,Customer C7091,Gold,23,2025-01-01
C7361,Customer C7361,Silver,19,2025-01-01
C2948,Customer C2948,Silver,26,2025-01-01
C7318,Customer C7318,Bronze,62,2025-01-01
C1234,Customer C1234,Bronze,71,2025-01-01
C4607,Customer C4607,Gold,60,2025-01-01
C9043,Customer C9043,Bronze,62,2025-01-01
C1522,Customer C1522,Silver,60,2025-01-01
C6904,Customer C6904,Bronze,68,2025-01-01
C5888,Customer C5888,Bronze,25,2025-01-01
C6832,Customer C6832,Gold,56,2025-01-01
C8122,Customer C8122,Bronze,42,2025-01-01
C6842,Customer C6842,Bronze,33,2025-01-01
C6621,Customer C6621,Bronze,52,2025-01-01
C3587,Customer C3587,Silver,34,2025-01-01
C6672,Customer C6672,Bronze,35,2025-01-01
C2378,Customer C2378,Bronze,44,2025-01-01
C2519,Customer C2519,Bronze,32,2025-01-01
C8935,Customer C8935,Silver,34,2025-01-01
C7093,Customer C7093,Silver,60,2025-01-01
C9418,Customer C9418,Bronze,22,2025-01-01
C6355,Customer C6355,Bronze,33,2025-01-01
C5072,Customer C5072,Bronze,59,2025-01-01
C3257,Customer C3257,Bronze,63,2025-01-01
C9588,Customer C9588,Bronze,51,2025-01-01
C5424,Customer C5424,Silver,65,2025-01-01
C4237,Customer C4237,Bronze,36,2025-01-01
C4893,Customer C4893,Bronze,25,2025-01-01
C3005,Customer C3005,Silver,64,2025-01-01
C3016,Customer C3016,Silver,27,2025-01-01
C2772,Customer C2772,Bronze,22,2025-01-01
C9353,Customer C9353,Bronze,69,2025-01-01
C4976,Customer C4976,Silver,65,2025-01-01
C2751,Customer C2751,Gold,70,2025-01-01
C8430,Customer C8430,Silver,43,2025-01-01
C8170,Customer C8170,Bronze,39,2025-01-01
C4220,Customer C4220,Bronze,61,2025-01-01
C2461,Customer C2461,Silver,40,2025-01-01
C6184,Customer C6184,Silver,30,2025-01-01
C9547,Customer C9547,Bronze,26,2025-01-01
C2548,Customer C2548,Bronze,66,2025-01-01
C5213,Customer C5213,Silver,37,2025-01-01
C2673,Customer C2673,Bronze,45,2025-01-01
C7708,Customer C7708,Bronze,61,2025-01-01
C3100,Customer C3100,Bronze,74,2025-01-01
C2815,Customer C2815,Bronze,54,2025-01-01
C4841,Customer C4841,Bronze,41,2025-01-01
C8011,Customer C8011,Silver,61,2025-01-01
C1674,Customer C1674,Bronze,50,2025-01-01
C9088,Customer C9088,Bronze,37,2025-01-01
C9578,Customer C9578,Bronze,65,2025-01-01
C3158,Customer C3158,Bronze,47,2025-01-01
C3661,Customer C3661,Bronze,61,2025-01-01
C4253,Customer C4253,Bronze,26,2025-01-01
C5979,Customer C5979,Silver,62,2025-01-01
C8703,Customer C8703,Bronze,66,2025-01-01
C9931,Customer C9931,Bronze,34,2025-01-01
C2401,Customer C2401,Bronze,53,2025-01-01
C4923,Customer C4923,Bronze,31,2025-01-01
C5214,Customer C5214,Silver,36,2025-01-01
C4227,Customer C4227,Bronze,24,2025-01-01
C4866,Customer C4866,Gold,20,2025-01-01
C6818,Customer C6818,Bronze,50,2025-01-01
C3222,Customer C3222,Silver,61,2025-01-01
C3792,Customer C3792,Bronze,49,2025-01-01
C5063,Customer C5063,Silver,64,2025-01-01
C9224,Customer C9224,Bronze,28,2025-01-01
C7198,Customer C7198,Bronze,59,2025-01-01
C5025,Customer C5025,Silver,19,2025-01-01
C3566,Customer C3566,Silver,43,2025-01-01
C3803,Customer C3803,Bronze,21,2025-01-01
C7155,Customer C7155,Bronze,34,2025-01-01
C1719,Customer C1719,Bronze,34,2025-01-01
C7516,Customer C7516,Silver,45,2025-01-01
C5579,Customer C5579,Bronze,47,2025-01-01
C1972,Customer C1972,Bronze,57,2025-01-01
C4718,Customer C4718,Silver,40,2025-01-01
C8395,Customer C8395,Silver,63,2025-01-01
C5552,Customer C5552,Silver,46,2025-01-01
C3207,Customer C3207,Silver,21,2025-01-01
C9835,Customer C9835,Bronze,55,2025-01-01
C9386,Customer C9386,Bronze,46,2025-01-01
C6345,Customer C6345,Silver,36,2025-01-01
C4276,Customer C4276,Bronze,44,2025-01-01
C2102,Customer C2102,Gold,46,2025-01-01
C9584,Customer C9584,Bronze,73,2025-01-01
C7683,Customer C7683,Bronze,53,2025-01-01
C8659,Customer C8659,Gold,52,2025-01-01
C1025,Customer C1025,Silver,69,2025-01-01
C7410,Customer C7410,Bronze,23,2025-01-01
C4764,Customer C4764,Silver,40,2025-01-01
C7599,Customer C7599,Silver,56,2025-01-01
C6102,Customer C6102,Bronze,63,2025-01-01
C8006,Customer C8006,Bronze,61,2025-01-01
C4483,Customer C4483,Silver,65,2025-01-01
C9682,Customer C9682,Silver,69,2025-01-01
C7707,Customer C7707,Bronze,25,2025-01-01
C1215,Customer C1215,Silver,72,2025-01-01
C8605,Customer C8605,Silver,19,2025-01-01
C9350,Customer C9350,Bronze,30,2025-01-01
C5781,Customer C5781,Silver,57,2025-01-01
C4313,Customer C4313,Bronze,74,2025-01-01
C8763,Customer C8763,Bronze,38,2025-01-01
C6939,Customer C6939,Silver,48,2025-01-01
C3295,Customer C3295,Silver,69,2025-01-01
C6685,Customer C6685,Silver,65,2025-01-01
C2696,Customer C2696,Bronze,53,2025-01-01
C3783,Customer C3783,Bronze,65,2025-01-01
C6241,Customer C6241,Bronze,69,2025-01-01
C8557,Customer C8557,Bronze,55,2025-01-01
C7589,Customer C7589,Bronze,44,2025-01-01
C6637,Customer C6637,Bronze,53,2025-01-01
C2116,Customer C2116,Bronze,65,2025-01-01
C1492,Customer C1492,Silver,40,2025-01-01
C9811,Customer C9811,Bronze,72,2025-01-01
C8888,Customer C8888,Bronze,38,2025-01-01
C7474,Customer C7474,Bronze,30,2025-01-01
C5958,Customer C5958,Bronze,54,2025-01-01
C3743,Customer C3743,Bronze,64,2025-01-01
C8866,Customer C8866,Bronze,43,2025-01-01
C8160,Customer C8160,Silver,57,2025-01-01
C6451,Customer C6451,Bronze,24,2025-01-01
C7593,Customer C7593,Bronze,56,2025-01-01
C6366,Customer C6366,Gold,40,2025-01-01
C4212,Customer C4212,Bronze,47,2025-01-01
C3409,Customer C3409,Bronze,35,2025-01-01
C9199,Customer C9199,Silver,59,2025-01-01
C4423,Customer C4423,Silver,35,2025-01-01
C7976,Customer C7976,Bronze,63,2025-01-01
C8594,Customer C8594,Bronze,27,2025-01-01
C6158,Customer C6158,Bronze,56,2025-01-01
C6973,Customer C6973,Bronze,43,2025-01-01
C9277,Customer C9277,Gold,24,2025-01-01
C3468,Customer C3468,Gold,24,2025-01-01
C7217,Customer C7217,Silver,22,2025-01-01
C4619,Customer C4619,Bronze,18,2025-01-01
C4583,Customer C4583,Silver,63,2025-01-01
C4326,Customer C4326,Gold,35,2025-01-01
C9148,Customer C9148,Silver,30,2025-01-01
C3217,Customer C3217,Bronze,42,2025-01-01
C5967,Customer C5967,Bronze,57,2025-01-01
C3369,Customer C3369,Bronze,25,2025-01-01
C6722,Customer C6722,Bronze,27,2025-01-01
C5444,Customer C5444,Silver,49,2025-01-01
C8618,Customer C8618,Silver,34,2025-01-01
C4947,Customer C4947,Bronze,55,2025-01-01
C2676,Customer C2676,Bronze,32,2025-01-01
C2196,Customer C2196,Bronze,32,2025-01-01
C3787,Customer C3787,Bronze,74,2025-01-01
C8432,Customer C8432,Bronze,65,2025-01-01
C4318,Customer C4318,Silver,57,2025-01-01
C9858,Customer C9858,Bronze,68,2025-01-01
C7689,Customer C7689,Silver,37,2025-01-01
C3176,Customer C3176,Bronze,32,2025-01-01
C4743,Customer C4743,Bronze,52,2025-01-01
C4824,Customer C4824,Bronze,23,2025-01-01
C3451,Customer C3451,Silver,47,2025-01-01
C1628,Customer C1628,Bronze,74,2025-01-01
C8778,Customer C8778,Silver,25,2025-01-01
C4929,Customer C4929,Bronze,48,2025-01-01
C3765,Customer C3765,Silver,65,2025-01-01
C5369,Customer C5369,Silver,64,2025-01-01
C9307,Customer C9307,Bronze,49,2025-01-01
C5956,Customer C5956,Silver,62,2025-01-01
C1692,Customer C1692,Bronze,69,2025-01-01
C2105,Customer C2105,Silver,32,2025-01-01
C4008,Customer C4008,Bronze,35,2025-01-01
C3161,Customer C3161,Bronze,30,2025-01-01
C9345,Customer C9345,Silver,41,2025-01-01
C4786,Customer C4786,Silver,57,2025-01-01
C6520,Customer C6520,Bronze,31,2025-01-01
C8423,Customer C8423,Silver,45,2025-01-01
C7242,Customer C7242,Bronze,28,2025-01-01
C2132,Customer C2132,Bronze,23,2025-01-01
C5557,Customer C5557,Bronze,18,2025-01-01
C9275,Customer C9275,Silver,42,2025-01-01
C2422,Customer C2422,Bronze,19,2025-01-01
C4180,Customer C4180,Silver,49,2025-01-01
C5316,Customer C5316,Bronze,30,2025-01-01
C7696,Customer C7696,Bronze,50,2025-01-01
C5570,Customer C5570,Bronze,49,2025-01-01
C1270,Customer C1270,Silver,73,2025-01-01
C4075,Customer C4075,Silver,41,2025-01-01
C1289,Customer C1289,Bronze,44,2025-01-01
C4252,Customer C4252,Bronze,21,2025-01-01
C7771,Customer C7771,Bronze,40,2025-01-01
C1278,Customer C1278,Silver,46,2025-01-01
C5276,Customer C5276,Bronze,51,2025-01-01
C8997,Customer C8997,Silver,38,2025-01-01
C5776,Customer C5776,Bronze,47,2025-01-01
C4832,Customer C4832,Silver,43,2025-01-01
C9891,Customer C9891,Silver,37,2025-01-01
C7534,Customer C7534,Bronze,33,2025-01-01
C4156,Customer C4156,Bronze,20,2025-01-01
C5307,Customer C5307,Silver,66,2025-01-01
C6634,Customer C6634,Silver,54,2025-01-01
C9575,Customer C9575,Bronze,57,2025-01-01
C6810,Customer C6810,Bronze,61,2025-01-01
C6934,Customer C6934,Silver,42,2025-01-01
C4109,Customer C4109,Bronze,40,2025-01-01
C4240,Customer C4240,Silver,61,2025-01-01
C2849,Customer C2849,Bronze,18,2025-01-01
C9497,Customer C9497,Silver,50,2025-01-01
C3749,Customer C3749,Gold,32,2025-01-01
C7680,Customer C7680,Gold,34,2025-01-01
C1205,Customer C1205,Bronze,51,2025-01-01
C8352,Customer C8352,Silver,34,2025-01-01
C5591,Customer C5591,Bronze,69,2025-01-01
C4450,Customer C4450,Bronze,58,2025-01-01
C4811,Customer C4811,Bronze,61,2025-01-01
C6141,Customer C6141,Bronze,21,2025-01-01
C9501,Customer C9501,Gold,30,2025-01-01
C2991,Customer C2991,Bronze,21,2025-01-01
C9463,Customer C9463,Silver,24,2025-01-01
C5538,Customer C5538,Silver,63,2025-01-01
C4722,Customer C4722,Silver,26,2025-01-01
C4551,Customer C4551,Bronze,40,2025-01-01
C6679,Customer C6679,Bronze,50,2025-01-01
C1152,Customer C1152,Silver,50,2025-01-01
C6754,Customer C6754,Bronze,37,2025-01-01
C6310,Customer C6310,Bronze,21,2025-01-01
C2104,Customer C2104,Bronze,18,2025-01-01
C8361,Customer C8361,Bronze,71,2025-01-01
C8263,Customer C8263,Silver,59,2025-01-01
C2914,Customer C2914,Bronze,51,2025-01-01
C8365,Customer C8365,Bronze,44,2025-01-01
C1166,Customer C1166,Bronze,38,2025-01-01
C1508,Customer C1508,Bronze,41,2025-01-01
C2661,Customer C2661,Bronze,32,2025-01-01
C4664,Customer C4664,Bronze,52,2025-01-01
C1680,Customer C1680,Bronze,42,2025-01-01
C6260,Customer C6260,Silver,72,2025-01-01
C5357,Customer C5357,Bronze,26,2025-01-01
C2363,Customer C2363,Bronze,34,2025-01-01
C2538,Customer C2538,Bronze,30,2025-01-01
C4408,Customer C4408,Gold,20,2025-01-01
C9752,Customer C9752,Bronze,21,2025-01-01
C2903,Customer C2903,Bronze,21,2025-01-01
C1174,Customer C1174,Bronze,60,2025-01-01
C3230,Customer C3230,Gold,45,2025-01-01
C5287,Customer C5287,Bronze,24,2025-01-01
C5160,Customer C5160,Silver,43,2025-01-01
C8106,Customer C8106,Bronze,28,2025-01-01
C4171,Customer C4171,Gold,41,2025-01-01
C2567,Customer C2567,Silver,60,2025-01-01
C2151,Customer C2151,Bronze,27,2025-01-01
C8619,Customer C8619,Bronze,54,2025-01-01
C7033,Customer C7033,Bronze,30,2025-01-01
C2907,Customer C2907,Bronze,59,2025-01-01
C3535,Customer C3535,Bronze,56,2025-01-01
C2293,Customer C2293,Bronze,68,2025-01-01
C7871,Customer C7871,Bronze,29,2025-01-01
C3972,Customer C3972,Bronze,69,2025-01-01
C4922,Customer C4922,Gold,39,2025-01-01
C5997,Customer C5997,Bronze,64,2025-01-01
C8032,Customer C8032,Silver,54,2025-01-01
C1992,Customer C1992,Bronze,73,2025-01-01
C9112,Customer C9112,Bronze,47,2025-01-01
C3240,Customer C3240,Bronze,63,2025-01-01
C2476,Customer C2476,Bronze,29,2025-01-01
C7426,Customer C7426,Silver,46,2025-01-01
C1389,Customer C1389,Silver,38,2025-01-01
C1999,Customer C1999,Bronze,28,2025-01-01
C2855,Customer C2855,Gold,54,2025-01-01
C9850,Customer C9850,Bronze,65,2025-01-01
C3763,Customer C3763,Gold,35,2025-01-01
C4663,Customer C4663,Gold,61,2025-01-01
C5986,Customer C5986,Bronze,44,2025-01-01
C8256,Customer C8256,Bronze,54,2025-01-01
C4731,Customer C4731,Bronze,65,2025-01-01
C8262,Customer C8262,Silver,29,2025-01-01
C1451,Customer C1451,Bronze,40,2025-01-01
C5408,Customer C5408,Gold,51,2025-01-01
C5068,Customer C5068,Silver,55,2025-01-01
C4277,Customer C4277,Bronze,40,2025-01-01
C8951,Customer C8951,Bronze,70,2025-01-01
C5690,Customer C5690,Silver,42,2025-01-01
C5595,Customer C5595,Bronze,21,2025-01-01
C5559,Customer C5559,Silver,47,2025-01-01
C9160,Customer C9160,Bronze,47,2025-01-01
C1112,Customer C1112,Bronze,30,2025-01-01
C6131,Customer C6131,Bronze,59,2025-01-01
C4197,Customer C4197,Silver,66,2025-01-01
C1139,Customer C1139,Bronze,31,2025-01-01
C3949,Customer C3949,Bronze,64,2025-01-01
C9708,Customer C9708,Bronze,72,2025-01-01
C7043,Customer C7043,Bronze,41,2025-01-01
C8236,Customer C8236,Bronze,52,2025-01-01
C7261,Customer C7261,Bronze,42,2025-01-01
C1887,Customer C1887,Bronze,34,2025-01-01
C1049,Customer C1049,Silver,49,2025-01-01
C4951,Customer C4951,Gold,73,2025-01-01
C4560,Customer C4560,Bronze,41,2025-01-01
C1018,Customer C1018,Bronze,24,2025-01-01
C5821,Customer C5821,Silver,30,2025-01-01
C7340,Customer C7340,Bronze,44,2025-01-01
C8846,Customer C8846,Gold,65,2025-01-01
C9643,Customer C9643,Bronze,22,2025-01-01
C7432,Customer C7432,Gold,53,2025-01-01
C3438,Customer C3438,Silver,59,2025-01-01
C7358,Customer C7358,Silver,62,2025-01-01
C8644,Customer C8644,Bronze,48,2025-01-01
C5855,Customer C5855,Bronze,27,2025-01-01
C7547,Customer C7547,Bronze,63,2025-01-01
C6911,Customer C6911,Silver,43,2025-01-01
C7481,Customer C7481,Silver,39,2025-01-01
C3761,Customer C3761,Silver,29,2025-01-01
C5456,Customer C5456,Bronze,49,2025-01-01
C7160,Customer C7160,Bronze,44,2025-01-01
C1517,Customer C1517,Bronze,50,2025-01-01
C8737,Customer C8737,Silver,70,2025-01-01
C2988,Customer C2988,Bronze,69,2025-01-01
C8162,Customer C8162,Bronze,37,2025-01-01
C9399,Customer C9399,Silver,56,2025-01-01
C6633,Customer C6633,Bronze,58,2025-01-01
C6755,Customer C6755,Bronze,57,2025-01-01
C7309,Customer C7309,Bronze,30,2025-01-01
C2518,Customer C2518,Silver,31,2025-01-01
C7163,Customer C7163,Bronze,61,2025-01-01
C3600,Customer C3600,Silver,57,2025-01-01
C3195,Customer C3195,Bronze,70,2025-01-01
C4554,Customer C4554,Silver,39,2025-01-01
C4849,Customer C4849,Bronze,35,2025-01-01
C5195,Customer C5195,Bronze,65,2025-01-01
C3642,Customer C3642,Silver,60,2025-01-01
C7409,Customer C7409,Bronze,33,2025-01-01
C3994,Customer C3994,Silver,63,2025-01-01
C2271,Customer C2271,Gold,70,2025-01-01
C2813,Customer C2813,Silver,51,2025-01-01
C5120,Customer C5120,Bronze,20,2025-01-01
C7124,Customer C7124,Silver,21,2025-01-01
C9475,Customer C9475,Bronze,71,2025-01-01
C5396,Customer C5396,Bronze,22,2025-01-01
C1816,Customer C1816,Gold,27,2025-01-01
C8304,Customer C8304,Silver,69,2025-01-01
C8331,Customer C8331,Bronze,46,2025-01-01
C1082,Customer C1082,Bronze,49,2025-01-01
C2920,Customer C2920,Bronze,48,2025-01-01
C8817,Customer C8817,Gold,19,2025-01-01
C8071,Customer C8071,Bronze,44,2025-01-01
C9367,Customer C9367,Bronze,22,2025-01-01
C6285,Customer C6285,Bronze,54,2025-01-01
C5937,Customer C5937,Bronze,44,2025-01-01
C1369,Customer C1369,Bronze,40,2025-01-01
C2818,Customer C2818,Bronze,50,2025-01-01
C3101,Customer C3101,Bronze,21,2025-01-01
C2779,Customer C2779,Gold,38,2025-01-01
C2364,Customer C2364,Bronze,41,2025-01-01
C9089,Customer C9089,Silver,61,2025-01-01
C3962,Customer C3962,Silver,48,2025-01-01
C1859,Customer C1859,Silver,61,2025-01-01
C5138,Customer C5138,Silver,65,2025-01-01
C3424,Customer C3424,Bronze,41,2025-01-01
C5017,Customer C5017,Bronze,66,2025-01-01
C9342,Customer C9342,Bronze,70,2025-01-01
C2134,Customer C2134,Bronze,27,2025-01-01
C6166,Customer C6166,Silver,66,2025-01-01
C6119,Customer C6119,Silver,66,2025-01-01
C6694,Customer C6694,Silver,67,2025-01-01
C3346,Customer C3346,Gold,48,2025-01-01
C6039,Customer C6039,Bronze,42,2025-01-01
C9252,Customer C9252,Bronze,21,2025-01-01
C6041,Customer C6041,Bronze,68,2025-01-01
C4901,Customer C4901,Silver,28,2025-01-01
C2337,Customer C2337,Bronze,34,2025-01-01
C2551,Customer C2551,Gold,61,2025-01-01
C2629,Customer C2629,Gold,19,2025-01-01
C2526,Customer C2526,Silver,23,2025-01-01
C2361,Customer C2361,Bronze,26,2025-01-01
C5370,Customer C5370,Silver,22,2025-01-01
C6283,Customer C6283,Silver,37,2025-01-01
C2993,Customer C2993,Bronze,38,2025-01-01
C1869,Customer C1869,Bronze,26,2025-01-01
C2014,Customer C2014,Bronze,45,2025-01-01
C1602,Customer C1602,Bronze,72,2025-01-01
C1690,Customer C1690,Gold,25,2025-01-01
C9685,Customer C9685,Bronze,48,2025-01-01
C1489,Customer C1489,Bronze,37,2025-01-01
C7864,Customer C7864,Gold,44,2025-01-01
C8786,Customer C8786,Bronze,25,2025-01-01
C9024,Customer C9024,Silver,71,2025-01-01
C6488,Customer C6488,Bronze,38,2025-01-01
C5027,Customer C5027,Bronze,45,2025-01-01
C3912,Customer C3912,Bronze,40,2025-01-01
C5744,Customer C5744,Bronze,23,2025-01-01
C2873,Customer C2873,Bronze,20,2025-01-01
C4258,Customer C4258,Silver,22,2025-01-01
C4641,Customer C4641,Bronze,26,2025-01-01
C6307,Customer C6307,Silver,24,2025-01-01
C9933,Customer C9933,Bronze,21,2025-01-01
C3041,Customer C3041,Bronze,56,2025-01-01
C1679,Customer C1679,Silver,22,2025-01-01
C1062,Customer C1062,Bronze,28,2025-01-01
C8829,Customer C8829,Silver,32,2025-01-01
C7915,Customer C7915,Gold,51,2025-01-01
C9326,Customer C9326,Silver,30,2025-01-01
C5970,Customer C5970,Bronze,71,2025-01-01
C9003,Customer C9003,Bronze,65,2025-01-01
C4278,Customer C4278,Silver,24,2025-01-01
C8296,Customer C8296,Silver,57,2025-01-01
C4074,Customer C4074,Bronze,23,2025-01-01
C9312,Customer C9312,Bronze,73,2025-01-01
C8552,Customer C8552,Bronze,56,2025-01-01
C2637,Customer C2637,Bronze,67,2025-01-01
C6103,Customer C6103,Bronze,47,2025-01-01
C1644,Customer C1644,Bronze,39,2025-01-01
C3068,Customer C3068,Silver,42,2025-01-01
C1241,Customer C1241,Gold,45,2025-01-01
C3668,Customer C3668,Silver,71,2025-01-01
C1802,Customer C1802,Bronze,37,2025-01-01
C6059,Customer C6059,Bronze,56,2025-01-01
C1195,Customer C1195,Gold,20,2025-01-01
C3187,Customer C3187,Gold,22,2025-01-01
C3330,Customer C3330,Gold,18,2025-01-01
C4606,Customer C4606,Silver,32,2025-01-01
C4927,Customer C4927,Silver,20,2025-01-01
C7296,Customer C7296,Bronze,57,2025-01-01
C9758,Customer C9758,Bronze,74,2025-01-01
C7121,Customer C7121,Silver,58,2025-01-01
C2200,Customer C2200,Bronze,64,2025-01-01
C3854,Customer C3854,Bronze,59,2025-01-01
C8024,Customer C8024,Bronze,51,2025-01-01
C7972,Customer C7972,Bronze,69,2025-01-01
C1136,Customer C1136,Silver,22,2025-01-01
C2029,Customer C2029,Bronze,48,2025-01-01
C3594,Customer C3594,Bronze,68,2025-01-01
C1086,Customer C1086,Bronze,30,2025-01-01
C7219,Customer C7219,Bronze,60,2025-01-01
C9143,Customer C9143,Bronze,18,2025-01-01
C7968,Customer C7968,Silver,39,2025-01-01
C3773,Customer C3773,Bronze,32,2025-01-01
C2700,Customer C2700,Silver,43,2025-01-01
C3700,Customer C3700,Gold,35,2025-01-01
C2647,Customer C2647,Bronze,26,2025-01-01
C6164,Customer C6164,Bronze,18,2025-01-01
C1596,Customer C1596,Silver,60,2025-01-01
C5545,Customer C5545,Bronze,26,2025-01-01
C5384,Customer C5384,Silver,40,2025-01-01
C9912,Customer C9912,Silver,60,2025-01-01
C5733,Customer C5733,Gold,62,2025-01-01
C8081,Customer C8081,Gold,19,2025-01-01
C9690,Customer C9690,Bronze,31,2025-01-01
C8178,Customer C8178,Bronze,55,2025-01-01
C3294,Customer C3294,Gold,57,2025-01-01
C1146,Customer C1146,Bronze,35,2025-01-01
C5507,Customer C5507,Bronze,33,2025-01-01
C6783,Customer C6783,Silver,70,2025-01-01
C8751,Customer C8751,Bronze,46,2025-01-01
C9328,Customer C9328,Silver,28,2025-01-01
C4360,Customer C4360,Bronze,23,2025-01-01
C4552,Customer C4552,Gold,20,2025-01-01
C6097,Customer C6097,Silver,31,2025-01-01
C9640,Customer C9640,Silver,19,2025-01-01
C7901,Customer C7901,Bronze,49,2025-01-01
C6552,Customer C6552,Silver,28,2025-01-01
C5927,Customer C5927,Bronze,39,2025-01-01
C5390,Customer C5390,Bronze,20,2025-01-01
C3687,Customer C3687,Silver,67,2025-01-01
C5951,Customer C5951,Bronze,48,2025-01-01
C6388,Customer C6388,Bronze,50,2025-01-01
C1192,Customer C1192,Bronze,41,2025-01-01
C4645,Customer C4645,Silver,61,2025-01-01
C7314,Customer C7314,Bronze,32,2025-01-01
C2788,Customer C2788,Bronze,54,2025-01-01
C4700,Customer C4700,Silver,44,2025-01-01
C7811,Customer C7811,Gold,55,2025-01-01
C4904,Customer C4904,Silver,65,2025-01-01
C8260,Customer C8260,Bronze,44,2025-01-01
C7773,Customer C7773,Bronze,61,2025-01-01
C4816,Customer C4816,Silver,29,2025-01-01
C5434,Customer C5434,Bronze,20,2025-01-01
C1658,Customer C1658,Silver,47,2025-01-01
C5994,Customer C5994,Bronze,40,2025-01-01
C3104,Customer C3104,Silver,19,2025-01-01
C3607,Customer C3607,Silver,24,2025-01-01
C9385,Customer C9385,Silver,51,2025-01-01
C3581,Customer C3581,Bronze,49,2025-01-01
C3565,Customer C3565,Bronze,70,2025-01-01
C7328,Customer C7328,Bronze,56,2025-01-01
C6991,Customer C6991,Bronze,49,2025-01-01
C4406,Customer C4406,Bronze,60,2025-01-01
C9923,Customer C9923,Bronze,60,2025-01-01
C7476,Customer C7476,Bronze,31,2025-01-01
C9181,Customer C9181,Gold,20,2025-01-01
C1531,Customer C1531,Silver,63,2025-01-01
C7079,Customer C7079,Gold,49,2025-01-01
C1002,Customer C1002,Bronze,60,2025-01-01
C9397,Customer C9397,Gold,53,2025-01-01
C8739,Customer C8739,Bronze,34,2025-01-01
C7003,Customer C7003,Bronze,65,2025-01-01
C3890,Customer C3890,Silver,20,2025-01-01
C7239,Customer C7239,Bronze,74,2025-01-01
C9026,Customer C9026,Bronze,27,2025-01-01
C4306,Customer C4306,Bronze,70,2025-01-01
C1897,Customer C1897,Bronze,64,2025-01-01
C1670,Customer C1670,Silver,57,2025-01-01
C2505,Customer C2505,Silver,35,2025-01-01
C7460,Customer C7460,Silver,20,2025-01-01
C6167,Customer C6167,Bronze,56,2025-01-01
C6255,Customer C6255,Silver,27,2025-01-01
C2892,Customer C2892,Bronze,69,2025-01-01
C4792,Customer C4792,Gold,63,2025-01-01
C8871,Customer C8871,Bronze,72,2025-01-01
C9235,Customer C9235,Silver,63,2025-01-01
C4612,Customer C4612,Bronze,28,2025-01-01
C3618,Customer C3618,Silver,50,2025-01-01
C5678,Customer C5678,Silver,53,2025-01-01
C4163,Customer C4163,Bronze,43,2025-01-01
C3942,Customer C3942,Bronze,44,2025-01-01
C9411,Customer C9411,Silver,55,2025-01-01
C1990,Customer C1990,Bronze,39,2025-01-01
C2812,Customer C2812,Bronze,43,2025-01-01
C9995,Customer C9995,Silver,39,2025-01-01
C6876,Customer C6876,Bronze,22,2025-01-01
C4340,Customer C4340,Silver,52,2025-01-01
C3575,Customer C3575,Bronze,52,2025-01-01
C1615,Customer C1615,Silver,26,2025-01-01
C6944,Customer C6944,Bronze,68,2025-01-01
C7859,Customer C7859,Bronze,68,2025-01-01
C6455,Customer C6455,Bronze,66,2025-01-01
C4801,Customer C4801,Bronze,35,2025-01-01
C3561,Customer C3561,Bronze,60,2025-01-01
C7539,Customer C7539,Bronze,29,2025-01-01
C1370,Customer C1370,Bronze,20,2025-01-01
C1857,Customer C1857,Bronze,35,2025-01-01
C5886,Customer C5886,Silver,73,2025-01-01
C8485,Customer C8485,Silver,55,2025-01-01
C1383,Customer C1383,Bronze,24,2025-01-01
C5334,Customer C5334,Silver,50,2025-01-01
C5290,Customer C5290,Silver,23,2025-01-01
C3725,Customer C3725,Bronze,35,2025-01-01
C7204,Customer C7204,Silver,62,2025-01-01
C7111,Customer C7111,Bronze,39,2025-01-01
C5251,Customer C5251,Silver,68,2025-01-01
C3915,Customer C3915,Bronze,56,2025-01-01
C8957,Customer C8957,Bronze,68,2025-01-01
C4046,Customer C4046,Silver,26,2025-01-01
C8647,Customer C8647,Bronze,40,2025-01-01
C5933,Customer C5933,Bronze,29,2025-01-01
C4940,Customer C4940,Bronze,69,2025-01-01
C7483,Customer C7483,Silver,41,2025-01-01
C1203,Customer C1203,Silver,67,2025-01-01
C9960,Customer C9960,Bronze,26,2025-01-01
C7718,Customer C7718,Silver,30,2025-01-01
C2093,Customer C2093,Bronze,57,2025-01-01
C5500,Customer C5500,Silver,71,2025-01-01
C9799,Customer C9799,Bronze,59,2025-01-01
C6710,Customer C6710,Bronze,34,2025-01-01
C2837,Customer C2837,Bronze,24,2025-01-01
C4759,Customer C4759,Bronze,34,2025-01-01
C3103,Customer C3103,Bronze,72,2025-01-01
C9092,Customer C9092,Bronze,67,2025-01-01
C5172,Customer C5172,Bronze,41,2025-01-01
C3378,Customer C3378,Bronze,19,2025-01-01
C5988,Customer C5988,Bronze,52,2025-01-01
C6669,Customer C6669,Bronze,45,2025-01-01
C3735,Customer C3735,Bronze,36,2025-01-01
C9490,Customer C9490,Bronze,50,2025-01-01
C7623,Customer C7623,Bronze,38,2025-01-01
C5460,Customer C5460,Silver,70,2025-01-01
C3850,Customer C3850,Silver,27,2025-01-01
C5594,Customer C5594,Bronze,70,2025-01-01
C1165,Customer C1165,Bronze,63,2025-01-01
C1919,Customer C1919,Bronze,62,2025-01-01
C9305,Customer C9305,Silver,26,2025-01-01
C4504,Customer C4504,Bronze,55,2025-01-01
C1991,Customer C1991,Bronze,23,2025-01-01
C2258,Customer C2258,Silver,68,2025-01-01
C8609,Customer C8609,Bronze,70,2025-01-01
C1067,Customer C1067,Bronze,59,2025-01-01
C6660,Customer C6660,Bronze,72,2025-01-01
C5478,Customer C5478,Silver,52,2025-01-01
C4521,Customer C4521,Bronze,35,2025-01-01
C8082,Customer C8082,Silver,70,2025-01-01
C6395,Customer C6395,Silver,36,2025-01-01
C3258,Customer C3258,Bronze,22,2025-01-01
C7039,Customer C7039,Bronze,42,2025-01-01
C1650,Customer C1650,Bronze,28,2025-01-01
C6741,Customer C6741,Silver,27,2025-01-01
C7838,Customer C7838,Silver,34,2025-01-01
C8876,Customer C8876,Bronze,53,2025-01-01
C4262,Customer C4262,Silver,43,2025-01-01
C2338,Customer C2338,Bronze,48,2025-01-01
C5996,Customer C5996,Bronze,49,2025-01-01
C6780,Customer C6780,Gold,38,2025-01-01
C3827,Customer C3827,Silver,35,2025-01-01
C4539,Customer C4539,Bronze,35,2025-01-01
C8845,Customer C8845,Silver,18,2025-01-01
C5383,Customer C5383,Gold,31,2025-01-01
C4226,Customer C4226,Silver,25,2025-01-01
C7837,Customer C7837,Silver,19,2025-01-01
C4414,Customer C4414,Silver,68,2025-01-01
C2448,Customer C2448,Bronze,32,2025-01-01
C1570,Customer C1570,Silver,51,2025-01-01
C3904,Customer C3904,Bronze,53,2025-01-01
C3505,Customer C3505,Silver,18,2025-01-01
C7336,Customer C7336,Silver,38,2025-01-01
C8086,Customer C8086,Bronze,59,2025-01-01
C5749,Customer C5749,Bronze,18,2025-01-01
C4505,Customer C4505,Bronze,49,2025-01-01
C5529,Customer C5529,Gold,37,2025-01-01
C2135,Customer C2135,Gold,71,2025-01-01
C6162,Customer C6162,Bronze,64,2025-01-01
C2319,Customer C2319,Gold,53,2025-01-01
C5627,Customer C5627,Silver,56,2025-01-01
C8389,Customer C8389,Silver,47,2025-01-01
C3690,Customer C3690,Bronze,24,2025-01-01
C8323,Customer C8323,Gold,39,2025-01-01
C9281,Customer C9281,Silver,67,2025-01-01
C6213,Customer C6213,Silver,62,2025-01-01
C5108,Customer C5108,Silver,27,2025-01-01
C2857,Customer C2857,Silver,73,2025-01-01
C3789,Customer C3789,Bronze,25,2025-01-01
C4875,Customer C4875,Bronze,44,2025-01-01
C7055,Customer C7055,Bronze,27,2025-01-01
C4882,Customer C4882,Bronze,31,2025-01-01
C8129,Customer C8129,Bronze,63,2025-01-01
C6021,Customer C6021,Silver,69,2025-01-01
C3387,Customer C3387,Silver,71,2025-01-01
C7582,Customer C7582,Bronze,28,2025-01-01
C6866,Customer C6866,Bronze,23,2025-01-01
C1975,Customer C1975,Bronze,38,2025-01-01
C8212,Customer C8212,Bronze,50,2025-01-01
C2262,Customer C2262,Bronze,36,2025-01-01
C8382,Customer C8382,Silver,56,2025-01-01
C7231,Customer C7231,Bronze,41,2025-01-01
C3259,Customer C3259,Bronze,52,2025-01-01
C2257,Customer C2257,Silver,69,2025-01-01
C1464,Customer C1464,Silver,60,2025-01-01
C7774,Customer C7774,Gold,54,2025-01-01
C8431,Customer C8431,Silver,36,2025-01-01
C4805,Customer C4805,Gold,70,2025-01-01
C4856,Customer C4856,Silver,73,2025-01-01
C4135,Customer C4135,Bronze,51,2025-01-01
C7953,Customer C7953,Bronze,39,2025-01-01
C7034,Customer C7034,Bronze,21,2025-01-01
C2546,Customer C2546,Bronze,27,2025-01-01
C7065,Customer C7065,Silver,19,2025-01-01
C2094,Customer C2094,Gold,25,2025-01-01
C3617,Customer C3617,Bronze,55,2025-01-01
C5145,Customer C5145,Gold,60,2025-01-01
C3775,Customer C3775,Bronze,45,2025-01-01
C8972,Customer C8972,Silver,27,2025-01-01
C9775,Customer C9775,Bronze,62,2025-01-01
C5331,Customer C5331,Silver,18,2025-01-01
C2942,Customer C2942,Bronze,51,2025-01-01
C7026,Customer C7026,Silver,20,2025-01-01
C9301,Customer C9301,Bronze,26,2025-01-01
C1191,Customer C1191,Bronze,22,2025-01-01
C1861,Customer C1861,Bronze,59,2025-01-01
C7711,Customer C7711,Bronze,27,2025-01-01
C1649,Customer C1649,Gold,29,2025-01-01
C5134,Customer C5134,Silver,35,2025-01-01
C9828,Customer C9828,Bronze,38,2025-01-01
C2036,Customer C2036,Bronze,38,2025-01-01
C5131,Customer C5131,Bronze,18,2025-01-01
C3148,Customer C3148,Silver,20,2025-01-01
C6457,Customer C6457,Silver,22,2025-01-01
C2879,Customer C2879,Bronze,42,2025-01-01
C8542,Customer C8542,Silver,66,2025-01-01
C2289,Customer C2289,Silver,25,2025-01-01
C4199,Customer C4199,Gold,34,2025-01-01
C8522,Customer C8522,Gold,26,2025-01-01
C4183,Customer C4183,Silver,49,2025-01-01
C6462,Customer C6462,Silver,23,2025-01-01
C4136,Customer C4136,Bronze,66,2025-01-01
C5920,Customer C5920,Silver,57,2025-01-01
C7324,Customer C7324,Bronze,38,2025-01-01
C9417,Customer C9417,Bronze,24,2025-01-01
C1776,Customer C1776,Bronze,24,2025-01-01
C6067,Customer C6067,Silver,64,2025-01-01
C6518,Customer C6518,Bronze,56,2025-01-01
C3153,Customer C3153,Bronze,71,2025-01-01
C7094,Customer C7094,Bronze,44,2025-01-01
C7974,Customer C7974,Bronze,25,2025-01-01
C5774,Customer C5774,Bronze,26,2025-01-01
C8692,Customer C8692,Silver,45,2025-01-01
C4103,Customer C4103,Silver,32,2025-01-01
C3440,Customer C3440,Bronze,19,2025-01-01
C6201,Customer C6201,Silver,24,2025-01-01
C1844,Customer C1844,Silver,64,2025-01-01
C1446,Customer C1446,Bronze,35,2025-01-01
C2234,Customer C2234,Gold,67,2025-01-01
C7587,Customer C7587,Bronze,27,2025-01-01
C8185,Customer C8185,Bronze,71,2025-01-01
C6558,Customer C6558,Gold,67,2025-01-01
C6509,Customer C6509,Bronze,24,2025-01-01
C6074,Customer C6074,Bronze,20,2025-01-01
C2881,Customer C2881,Bronze,31,2025-01-01
C2630,Customer C2630,Silver,61,2025-01-01
C5405,Customer C5405,Bronze,63,2025-01-01
C2574,Customer C2574,Bronze,53,2025-01-01
C2695,Customer C2695,Silver,30,2025-01-01
C2445,Customer C2445,Bronze,33,2025-01-01
C7263,Customer C7263,Bronze,33,2025-01-01
C1052,Customer C1052,Bronze,71,2025-01-01
C6570,Customer C6570,Silver,22,2025-01-01
C8579,Customer C8579,Bronze,69,2025-01-01
C9263,Customer C9263,Bronze,55,2025-01-01
C5482,Customer C5482,Bronze,67,2025-01-01
C8243,Customer C8243,Bronze,55,2025-01-01
C6918,Customer C6918,Silver,56,2025-01-01
C1348,Customer C1348,Bronze,73,2025-01-01
C1307,Customer C1307,Silver,73,2025-01-01
C4416,Customer C4416,Bronze,65,2025-01-01
C4558,Customer C4558,Gold,58,2025-01-01
C7531,Customer C7531,Silver,43,2025-01-01
C5620,Customer C5620,Silver,30,2025-01-01
C3985,Customer C3985,Bronze,61,2025-01-01
C4968,Customer C4968,Bronze,43,2025-01-01
C2996,Customer C2996,Gold,72,2025-01-01
C4129,Customer C4129,Bronze,72,2025-01-01
C6447,Customer C6447,Silver,18,2025-01-01
C7129,Customer C7129,Silver,25,2025-01-01
C6850,Customer C6850,Bronze,21,2025-01-01
C5204,Customer C5204,Silver,38,2025-01-01
C9102,Customer C9102,Silver,68,2025-01-01
C9347,Customer C9347,Bronze,70,2025-01-01
C1886,Customer C1886,Bronze,54,2025-01-01
C1721,Customer C1721,Bronze,66,2025-01-01
C8678,Customer C8678,Silver,20,2025-01-01
C4357,Customer C4357,Silver,36,2025-01-01
C1870,Customer C1870,Bronze,18,2025-01-01
C7751,Customer C7751,Gold,46,2025-01-01
C1497,Customer C1497,Bronze,40,2025-01-01
C2756,Customer C2756,Silver,50,2025-01-01
C7992,Customer C7992,Silver,69,2025-01-01
C1142,Customer C1142,Silver,58,2025-01-01
C4435,Customer C4435,Bronze,40,2025-01-01
C7622,Customer C7622,Bronze,22,2025-01-01
C5512,Customer C5512,Silver,24,2025-01-01
C2848,Customer C2848,Bronze,74,2025-01-01
C3696,Customer C3696,Bronze,23,2025-01-01
C2717,Customer C2717,Silver,66,2025-01-01
C4791,Customer C4791,Bronze,39,2025-01-01
C4871,Customer C4871,Gold,66,2025-01-01
C2806,Customer C2806,Silver,30,2025-01-01
C2504,Customer C2504,Silver,29,2025-01-01
C4308,Customer C4308,Silver,21,2025-01-01
C6048,Customer C6048,Silver,25,2025-01-01
C2690,Customer C2690,Silver,54,2025-01-01
C4303,Customer C4303,Silver,48,2025-01-01
C8850,Customer C8850,Silver,62,2025-01-01
C4924,Customer C4924,Silver,43,2025-01-01
C9615,Customer C9615,Bronze,60,2025-01-01
C5485,Customer C5485,Bronze,25,2025-01-01
C6831,Customer C6831,Silver,57,2025-01-01
C5322,Customer C5322,Bronze,50,2025-01-01
C8282,Customer C8282,Gold,62,2025-01-01
C2874,Customer C2874,Gold,46,2025-01-01
C5763,Customer C5763,Bronze,22,2025-01-01
C9464,Customer C9464,Silver,45,2025-01-01
C2051,Customer C2051,Bronze,70,2025-01-01
C8538,Customer C8538,Silver,57,2025-01-01
C8411,Customer C8411,Bronze,34,2025-01-01
C4359,Customer C4359,Silver,72,2025-01-01
C2251,Customer C2251,Bronze,62,2025-01-01
C7226,Customer C7226,Bronze,26,2025-01-01
C6869,Customer C6869,Bronze,19,2025-01-01
C9039,Customer C9039,Bronze,49,2025-01-01
C5891,Customer C5891,Bronze,68,2025-01-01
C5992,Customer C5992,Bronze,69,2025-01-01
C2961,Customer C2961,Silver,66,2025-01-01
C5567,Customer C5567,Silver,24,2025-01-01
C7513,Customer C7513,Gold,47,2025-01-01
C1183,Customer C1183,Bronze,20,2025-01-01
C8755,Customer C8755,Bronze,68,2025-01-01
C4358,Customer C4358,Bronze,68,2025-01-01
C7615,Customer C7615,Silver,73,2025-01-01
C7797,Customer C7797,Gold,26,2025-01-01
C9728,Customer C9728,Bronze,27,2025-01-01
C6698,Customer C6698,Bronze,63,2025-01-01
C2273,Customer C2273,Bronze,67,2025-01-01
C7653,Customer C7653,Silver,64,2025-01-01
C2096,Customer C2096,Silver,43,2025-01-01
C6314,Customer C6314,Bronze,47,2025-01-01
C2186,Customer C2186,Silver,74,2025-01-01
C3398,Customer C3398,Silver,55,2025-01-01
C7995,Customer C7995,Bronze,32,2025-01-01
C8299,Customer C8299,Silver,42,2025-01-01
C5182,Customer C5182,Bronze,23,2025-01-01
C1128,Customer C1128,Silver,35,2025-01-01
C5765,Customer C5765,Silver,18,2025-01-01
C8545,Customer C8545,Bronze,73,2025-01-01
C1627,Customer C1627,Bronze,20,2025-01-01
C3341,Customer C3341,Silver,34,2025-01-01
C6884,Customer C6884,Bronze,65,2025-01-01
C9185,Customer C9185,Silver,25,2025-01-01
C3925,Customer C3925,Silver,66,2025-01-01
C8279,Customer C8279,Silver,57,2025-01-01
C2987,Customer C2987,Bronze,34,2025-01-01
C9721,Customer C9721,Silver,58,2025-01-01
C5059,Customer C5059,Bronze,29,2025-01-01
C9383,Customer C9383,Silver,46,2025-01-01
C8347,Customer C8347,Silver,42,2025-01-01
C2008,Customer C2008,Bronze,68,2025-01-01
C4783,Customer C4783,Silver,53,2025-01-01
C7646,Customer C7646,Bronze,70,2025-01-01
C5298,Customer C5298,Bronze,71,2025-01-01
C5668,Customer C5668,Gold,42,2025-01-01
C3052,Customer C3052,Gold,46,2025-01-01
C7009,Customer C7009,Bronze,28,2025-01-01
C2716,Customer C2716,Gold,21,2025-01-01
C1310,Customer C1310,Bronze,31,2025-01-01
C2260,Customer C2260,Bronze,63,2025-01-01
C4932,Customer C4932,Bronze,55,2025-01-01
C1584,Customer C1584,Gold,34,2025-01-01
C6898,Customer C6898,Bronze,19,2025-01-01
C5939,Customer C5939,Bronze,25,2025-01-01
C5006,Customer C5006,Bronze,53,2025-01-01
C1890,Customer C1890,Silver,27,2025-01-01
C8036,Customer C8036,Bronze,24,2025-01-01
C4961,Customer C4961,Bronze,53,2025-01-01
C9806,Customer C9806,Bronze,33,2025-01-01
C4806,Customer C4806,Silver,31,2025-01-01
C7100,Customer C7100,Silver,33,2025-01-01
C2719,Customer C2719,Bronze,42,2025-01-01
C7686,Customer C7686,Silver,58,2025-01-01
C2587,Customer C2587,Bronze,21,2025-01-01
C1896,Customer C1896,Silver,46,2025-01-01
C5647,Customer C5647,Bronze,23,2025-01-01
C6454,Customer C6454,Silver,56,2025-01-01
C9869,Customer C9869,Silver,18,2025-01-01
C3028,Customer C3028,Bronze,68,2025-01-01
C7845,Customer C7845,Silver,57,2025-01-01
C4758,Customer C4758,Bronze,74,2025-01-01
C1589,Customer C1589,Bronze,20,2025-01-01
C3821,Customer C3821,Bronze,18,2025-01-01
C1071,Customer C1071,Silver,18,2025-01-01
C4580,Customer C4580,Silver,56,2025-01-01
C1268,Customer C1268,Bronze,62,2025-01-01
C3462,Customer C3462,Bronze,47,2025-01-01
C8384,Customer C8384,Bronze,49,2025-01-01
C7169,Customer C7169,Bronze,50,2025-01-01
C1985,Customer C1985,Bronze,65,2025-01-01
C7289,Customer C7289,Bronze,39,2025-01-01
C6368,Customer C6368,Bronze,47,2025-01-01
C8566,Customer C8566,Bronze,71,2025-01-01
C8658,Customer C8658,Bronze,63,2025-01-01
C2003,Customer C2003,Bronze,21,2025-01-01
C9095,Customer C9095,Silver,40,2025-01-01
C7524,Customer C7524,Bronze,72,2025-01-01
C2073,Customer C2073,Silver,61,2025-01-01
C3402,Customer C3402,Bronze,42,2025-01-01
C2956,Customer C2956,Bronze,29,2025-01-01
C8023,Customer C8023,Bronze,34,2025-01-01
C4907,Customer C4907,Bronze,70,2025-01-01
C1807,Customer C1807,Bronze,32,2025-01-01
C5827,Customer C5827,Gold,27,2025-01-01
C3284,Customer C3284,Bronze,52,2025-01-01
C6313,Customer C6313,Bronze,72,2025-01-01
C1757,Customer C1757,Silver,69,2025-01-01
C1961,Customer C1961,Bronze,69,2025-01-01
C4847,Customer C4847,Silver,46,2025-01-01
C7726,Customer C7726,Bronze,29,2025-01-01
C4575,Customer C4575,Gold,18,2025-01-01
C3418,Customer C3418,Bronze,18,2025-01-01
C2001,Customer C2001,Silver,35,2025-01-01
C6244,Customer C6244,Bronze,64,2025-01-01
C5066,Customer C5066,Bronze,19,2025-01-01
C3845,Customer C3845,Silver,66,2025-01-01
C9849,Customer C9849,Bronze,25,2025-01-01
C6316,Customer C6316,Bronze,39,2025-01-01
C1422,Customer C1422,Silver,39,2025-01-01
C7715,Customer C7715,Bronze,43,2025-01-01
C5266,Customer C5266,Silver,43,2025-01-01
C8549,Customer C8549,Gold,26,2025-01-01
C3710,Customer C3710,Bronze,38,2025-01-01
C9644,Customer C9644,Bronze,48,2025-01-01
C9069,Customer C9069,Bronze,69,2025-01-01
C2657,Customer C2657,Bronze,60,2025-01-01
C4164,Customer C4164,Gold,23,2025-01-01
C3053,Customer C3053,Bronze,73,2025-01-01
C9479,Customer C9479,Bronze,31,2025-01-01
C6737,Customer C6737,Silver,50,2025-01-01
C4217,Customer C4217,Silver,24,2025-01-01
C1607,Customer C1607,Bronze,41,2025-01-01
C2764,Customer C2764,Bronze,26,2025-01-01
C3671,Customer C3671,Silver,28,2025-01-01
C4962,Customer C4962,Gold,73,2025-01-01
C5906,Customer C5906,Silver,40,2025-01-01
C1808,Customer C1808,Bronze,65,2025-01-01
C1725,Customer C1725,Bronze,68,2025-01-01
C2216,Customer C2216,Bronze,32,2025-01-01
C5051,Customer C5051,Gold,52,2025-01-01
C3197,Customer C3197,Silver,53,2025-01-01
C9970,Customer C9970,Gold,69,2025-01-01
C3123,Customer C3123,Bronze,71,2025-01-01
C9790,Customer C9790,Silver,45,2025-01-01
C2814,Customer C2814,Silver,56,2025-01-01
C2106,Customer C2106,Silver,61,2025-01-01
C1124,Customer C1124,Bronze,21,2025-01-01
C4246,Customer C4246,Bronze,27,2025-01-01
C3971,Customer C3971,Silver,23,2025-01-01
C3017,Customer C3017,Bronze,74,2025-01-01
C3415,Customer C3415,Gold,47,2025-01-01
C4096,Customer C4096,Bronze,71,2025-01-01
C2609,Customer C2609,Silver,63,2025-01-01
C8905,Customer C8905,Silver,66,2025-01-01
C2620,Customer C2620,Bronze,60,2025-01-01
C8381,Customer C8381,Gold,27,2025-01-01
C3941,Customer C3941,Silver,70,2025-01-01
C6695,Customer C6695,Bronze,49,2025-01-01
C9975,Customer C9975,Silver,59,2025-01-01
C9432,Customer C9432,Bronze,59,2025-01-01
C6874,Customer C6874,Bronze,20,2025-01-01
C2553,Customer C2553,Bronze,73,2025-01-01
C5586,Customer C5586,Silver,43,2025-01-01
C9622,Customer C9622,Bronze,32,2025-01-01
C7447,Customer C7447,Bronze,44,2025-01-01
C3345,Customer C3345,Bronze,35,2025-01-01
C1075,Customer C1075,Gold,68,2025-01-01
C7785,Customer C7785,Silver,36,2025-01-01
C5922,Customer C5922,Gold,29,2025-01-01
C9090,Customer C9090,Bronze,41,2025-01-01
C5686,Customer C5686,Bronze,22,2025-01-01
C2902,Customer C2902,Silver,41,2025-01-01
C8143,Customer C8143,Silver,44,2025-01-01
C3059,Customer C3059,Bronze,65,2025-01-01
C2789,Customer C2789,Bronze,47,2025-01-01
C5471,Customer C5471,Silver,32,2025-01-01
C6956,Customer C6956,Bronze,64,2025-01-01
C3851,Customer C3851,Silver,55,2025-01-01
C3843,Customer C3843,Bronze,61,2025-01-01
C7543,Customer C7543,Bronze,51,2025-01-01
C1969,Customer C1969,Gold,44,2025-01-01
C4195,Customer C4195,Bronze,37,2025-01-01
C2404,Customer C2404,Bronze,58,2025-01-01
C7940,Customer C7940,Silver,49,2025-01-01
C4982,Customer C4982,Bronze,21,2025-01-01
C6555,Customer C6555,Bronze,22,2025-01-01
C8954,Customer C8954,Silver,70,2025-01-01
C4092,Customer C4092,Bronze,25,2025-01-01
C5159,Customer C5159,Bronze,39,2025-01-01
C7308,Customer C7308,Bronze,59,2025-01-01
C8478,Customer C8478,Bronze,24,2025-01-01
C4969,Customer C4969,Silver,39,2025-01-01
C3965,Customer C3965,Silver,63,2025-01-01
C5319,Customer C5319,Bronze,47,2025-01-01
C8108,Customer C8108,Silver,54,2025-01-01
C4939,Customer C4939,Gold,33,2025-01-01
C1044,Customer C1044,Bronze,32,2025-01-01
C2909,Customer C2909,Silver,22,2025-01-01
C7364,Customer C7364,Bronze,20,2025-01-01
C1691,Customer C1691,Silver,40,2025-01-01
C1931,Customer C1931,Gold,27,2025-01-01
C8910,Customer C8910,Bronze,22,2025-01-01
C7382,Customer C7382,Bronze,40,2025-01-01
C9339,Customer C9339,Bronze,32,2025-01-01
C2032,Customer C2032,Bronze,35,2025-01-01
C2311,Customer C2311,Bronze,42,2025-01-01
C9579,Customer C9579,Silver,25,2025-01-01
C4121,Customer C4121,Bronze,48,2025-01-01
C7781,Customer C7781,Bronze,38,2025-01-01
C2859,Customer C2859,Silver,19,2025-01-01
C9681,Customer C9681,Silver,40,2025-01-01
C6308,Customer C6308,Bronze,49,2025-01-01
C1287,Customer C1287,Bronze,25,2025-01-01
C6953,Customer C6953,Bronze,21,2025-01-01
C2161,Customer C2161,Silver,47,2025-01-01
C1129,Customer C1129,Bronze,36,2025-01-01
C3363,Customer C3363,Silver,40,2025-01-01
C9151,Customer C9151,Silver,35,2025-01-01
C6983,Customer C6983,Bronze,70,2025-01-01
C1143,Customer C1143,Silver,46,2025-01-01
C9207,Customer C9207,Bronze,40,2025-01-01
C1244,Customer C1244,Bronze,69,2025-01-01
C1926,Customer C1926,Silver,64,2025-01-01
C9532,Customer C9532,Bronze,35,2025-01-01
C3654,Customer C3654,Bronze,61,2025-01-01
C2371,Customer C2371,Bronze,50,2025-01-01
C8135,Customer C8135,Bronze,24,2025-01-01
C1320,Customer C1320,Bronze,68,2025-01-01
C6300,Customer C6300,Silver,45,2025-01-01
C7761,Customer C7761,Silver,18,2025-01-01
C7854,Customer C7854,Bronze,73,2025-01-01
C6505,Customer C6505,Bronze,56,2025-01-01
C7553,Customer C7553,Bronze,51,2025-01-01
C5042,Customer C5042,Bronze,56,2025-01-01
C8498,Customer C8498,Bronze,36,2025-01-01
C7636,Customer C7636,Bronze,48,2025-01-01
C1194,Customer C1194,Bronze,74,2025-01-01
C3537,Customer C3537,Gold,41,2025-01-01
C3842,Customer C3842,Bronze,22,2025-01-01
C3229,Customer C3229,Bronze,40,2025-01-01
C3077,Customer C3077,Silver,36,2025-01-01
C9635,Customer C9635,Silver,18,2025-01-01
C1297,Customer C1297,Bronze,50,2025-01-01
C6856,Customer C6856,Silver,67,2025-01-01
C2384,Customer C2384,Silver,73,2025-01-01
C9745,Customer C9745,Bronze,50,2025-01-01
C3350,Customer C3350,Bronze,49,2025-01-01
C2269,Customer C2269,Bronze,45,2025-01-01
C9376,Customer C9376,Bronze,54,2025-01-01
C5563,Customer C5563,Bronze,58,2025-01-01
C7897,Customer C7897,Silver,29,2025-01-01
C6593,Customer C6593,Bronze,26,2025-01-01
C5683,Customer C5683,Bronze,67,2025-01-01
C9713,Customer C9713,Bronze,72,2025-01-01
C4809,Customer C4809,Bronze,28,2025-01-01
C6807,Customer C6807,Silver,50,2025-01-01
C5883,Customer C5883,Bronze,36,2025-01-01
C5155,Customer C5155,Gold,71,2025-01-01
C6197,Customer C6197,Bronze,74,2025-01-01
C8452,Customer C8452,Bronze,59,2025-01-01
C9718,Customer C9718,Silver,51,2025-01-01
C1279,Customer C1279,Bronze,24,2025-01-01
C4977,Customer C4977,Bronze,48,2025-01-01
C3669,Customer C3669,Silver,69,2025-01-01
C8825,Customer C8825,Bronze,19,2025-01-01
C4981,Customer C4981,Silver,36,2025-01-01
C6247,Customer C6247,Gold,55,2025-01-01
C5427,Customer C5427,Bronze,49,2025-01-01
C7135,Customer C7135,Bronze,27,2025-01-01
C6573,Customer C6573,Bronze,58,2025-01-01
C8189,Customer C8189,Bronze,25,2025-01-01
C3776,Customer C3776,Silver,47,2025-01-01
C1662,Customer C1662,Bronze,28,2025-01-01
C9671,Customer C9671,Bronze,58,2025-01-01
C6060,Customer C6060,Bronze,37,2025-01-01
C6581,Customer C6581,Bronze,37,2025-01-01
C4789,Customer C4789,Silver,26,2025-01-01
C8148,Customer C8148,Bronze,25,2025-01-01
C8766,Customer C8766,Silver,32,2025-01-01
C3364,Customer C3364,Silver,51,2025-01-01
C9872,Customer C9872,Silver,41,2025-01-01
C5651,Customer C5651,Bronze,50,2025-01-01
C1609,Customer C1609,Silver,58,2025-01-01
C8940,Customer C8940,Silver,58,2025-01-01
C1371,Customer C1371,Silver,62,2025-01-01
C7998,Customer C7998,Bronze,57,2025-01-01
C7911,Customer C7911,Bronze,44,2025-01-01
C7010,Customer C7010,Silver,38,2025-01-01
C3253,Customer C3253,Bronze,22,2025-01-01
C5942,Customer C5942,Bronze,52,2025-01-01
C1864,Customer C1864,Gold,38,2025-01-01
C2268,Customer C2268,Bronze,21,2025-01-01
C8454,Customer C8454,Bronze,66,2025-01-01
C9976,Customer C9976,Bronze,65,2025-01-01
C5571,Customer C5571,Silver,33,2025-01-01
C6229,Customer C6229,Bronze,74,2025-01-01
C3237,Customer C3237,Silver,48,2025-01-01
C5054,Customer C5054,Bronze,43,2025-01-01
C7394,Customer C7394,Bronze,69,2025-01-01
C1325,Customer C1325,Silver,52,2025-01-01
C8774,Customer C8774,Bronze,23,2025-01-01
C4861,Customer C4861,Gold,50,2025-01-01
C2985,Customer C2985,Bronze,38,2025-01-01
C5932,Customer C5932,Bronze,33,2025-01-01
C5603,Customer C5603,Bronze,64,2025-01-01
C3778,Customer C3778,Bronze,56,2025-01-01
C9832,Customer C9832,Gold,51,2025-01-01
C8754,Customer C8754,Silver,59,2025-01-01
C5078,Customer C5078,Bronze,74,2025-01-01
C7754,Customer C7754,Bronze,32,2025-01-01
C4966,Customer C4966,Silver,23,2025-01-01
C6968,Customer C6968,Bronze,19,2025-01-01
C8493,Customer C8493,Bronze,41,2025-01-01
C5103,Customer C5103,Gold,73,2025-01-01
C3076,Customer C3076,Gold,66,2025-01-01
C6231,Customer C6231,Gold,45,2025-01-01
C8371,Customer C8371,Silver,18,2025-01-01
C2644,Customer C2644,Bronze,45,2025-01-01
C1242,Customer C1242,Bronze,53,2025-01-01
C5085,Customer C5085,Bronze,37,2025-01-01
C7828,Customer C7828,Silver,25,2025-01-01
C9362,Customer C9362,Silver,18,2025-01-01
C9844,Customer C9844,Gold,43,2025-01-01
C4512,Customer C4512,Silver,68,2025-01-01
C2499,Customer C2499,Gold,60,2025-01-01
C5039,Customer C5039,Bronze,66,2025-01-01
C3035,Customer C3035,Silver,42,2025-01-01
C8977,Customer C8977,Bronze,27,2025-01-01
C4823,Customer C4823,Bronze,29,2025-01-01
C1298,Customer C1298,Gold,58,2025-01-01
C8244,Customer C8244,Silver,24,2025-01-01
C5306,Customer C5306,Bronze,29,2025-01-01
C3799,Customer C3799,Bronze,64,2025-01-01
C7578,Customer C7578,Silver,57,2025-01-01
C6326,Customer C6326,Silver,34,2025-01-01
C3657,Customer C3657,Gold,22,2025-01-01
C4346,Customer C4346,Bronze,31,2025-01-01
C1941,Customer C1941,Bronze,51,2025-01-01
C2243,Customer C2243,Bronze,65,2025-01-01
C2966,Customer C2966,Gold,72,2025-01-01
C1375,Customer C1375,Bronze,18,2025-01-01
C5362,Customer C5362,Bronze,67,2025-01-01
C7502,Customer C7502,Bronze,67,2025-01-01
C2893,Customer C2893,Bronze,53,2025-01-01
C9106,Customer C9106,Silver,32,2025-01-01
C2652,Customer C2652,Silver,36,2025-01-01
C6540,Customer C6540,Silver,68,2025-01-01
C4892,Customer C4892,Bronze,59,2025-01-01
C1599,Customer C1599,Bronze,22,2025-01-01
C2912,Customer C2912,Bronze,36,2025-01-01
C9572,Customer C9572,Bronze,60,2025-01-01
C6599,Customer C6599,Silver,56,2025-01-01
C7448,Customer C7448,Bronze,22,2025-01-01
C9557,Customer C9557,Silver,69,2025-01-01
C9982,Customer C9982,Bronze,29,2025-01-01
C4569,Customer C4569,Silver,36,2025-01-01
C8707,Customer C8707,Gold,64,2025-01-01
C1746,Customer C1746,Silver,29,2025-01-01
C9504,Customer C9504,Bronze,53,2025-01-01
C5633,Customer C5633,Gold,29,2025-01-01
C8008,Customer C8008,Silver,35,2025-01-01
C3381,Customer C3381,Bronze,66,2025-01-01
C4618,Customer C4618,Bronze,68,2025-01-01
C1272,Customer C1272,Silver,65,2025-01-01
C2773,Customer C2773,Silver,60,2025-01-01
C1506,Customer C1506,Bronze,51,2025-01-01
C7719,Customer C7719,Bronze,65,2025-01-01
C9697,Customer C9697,Gold,50,2025-01-01
C7360,Customer C7360,Bronze,66,2025-01-01
C4590,Customer C4590,Bronze,35,2025-01-01
C2192,Customer C2192,Bronze,74,2025-01-01
C2464,Customer C2464,Silver,46,2025-01-01
C6615,Customer C6615,Bronze,62,2025-01-01
C7106,Customer C7106,Silver,22,2025-01-01
C9864,Customer C9864,Bronze,42,2025-01-01
C2211,Customer C2211,Silver,41,2025-01-01
C2539,Customer C2539,Silver,46,2025-01-01
C1643,Customer C1643,Bronze,55,2025-01-01
C9693,Customer C9693,Bronze,50,2025-01-01
C8680,Customer C8680,Bronze,27,2025-01-01
C5386,Customer C5386,Bronze,54,2025-01-01
C3339,Customer C3339,Silver,50,2025-01-01
C9947,Customer C9947,Bronze,40,2025-01-01
C6402,Customer C6402,Bronze,41,2025-01-01
C6663,Customer C6663,Bronze,41,2025-01-01
C6275,Customer C6275,Bronze,24,2025-01-01
C1507,Customer C1507,Bronze,67,2025-01-01
C2436,Customer C2436,Bronze,38,2025-01-01
C9750,Customer C9750,Silver,37,2025-01-01
C8354,Customer C8354,Bronze,70,2025-01-01
C5516,Customer C5516,Bronze,27,2025-01-01
C4622,Customer C4622,Silver,42,2025-01-01
C9111,Customer C9111,Silver,64,2025-01-01
C4715,Customer C4715,Bronze,53,2025-01-01
C8837,Customer C8837,Silver,65,2025-01-01
C8370,Customer C8370,Bronze,64,2025-01-01
C3155,Customer C3155,Silver,32,2025-01-01
C7365,Customer C7365,Silver,61,2025-01-01
C6209,Customer C6209,Silver,57,2025-01-01
C5677,Customer C5677,Silver,23,2025-01-01
C8211,Customer C8211,Bronze,54,2025-01-01
C8933,Customer C8933,Bronze,19,2025-01-01
C8928,Customer C8928,Bronze,29,2025-01-01
C3080,Customer C3080,Gold,21,2025-01-01
C8396,Customer C8396,Silver,40,2025-01-01
C8797,Customer C8797,Bronze,30,2025-01-01
C9346,Customer C9346,Silver,34,2025-01-01
C4494,Customer C4494,Silver,48,2025-01-01
C1904,Customer C1904,Bronze,33,2025-01-01
C9938,Customer C9938,Bronze,58,2025-01-01
C2725,Customer C2725,Silver,43,2025-01-01
C9462,Customer C9462,Bronze,45,2025-01-01
C6606,Customer C6606,Bronze,18,2025-01-01
C4956,Customer C4956,Silver,64,2025-01-01
C1171,Customer C1171,Gold,29,2025-01-01
C3306,Customer C3306,Silver,54,2025-01-01
C1421,Customer C1421,Silver,72,2025-01-01
C7103,Customer C7103,Bronze,73,2025-01-01
C2473,Customer C2473,Bronze,67,2025-01-01
C3181,Customer C3181,Silver,37,2025-01-01
C6882,Customer C6882,Bronze,19,2025-01-01
C6982,Customer C6982,Silver,53,2025-01-01
C6798,Customer C6798,Bronze,32,2025-01-01
C9456,Customer C9456,Bronze,55,2025-01-01
C7559,Customer C7559,Bronze,39,2025-01-01
C8620,Customer C8620,Gold,61,2025-01-01
C3774,Customer C3774,Bronze,67,2025-01-01
C6673,Customer C6673,Bronze,49,2025-01-01
C9134,Customer C9134,Bronze,37,2025-01-01
C3170,Customer C3170,Silver,53,2025-01-01
C6506,Customer C6506,Bronze,50,2025-01-01
C3395,Customer C3395,Bronze,32,2025-01-01
C6515,Customer C6515,Bronze,67,2025-01-01
C3670,Customer C3670,Silver,63,2025-01-01
C4365,Customer C4365,Bronze,20,2025-01-01
C1588,Customer C1588,Bronze,46,2025-01-01
C7663,Customer C7663,Bronze,64,2025-01-01
C5086,Customer C5086,Bronze,44,2025-01-01
C9531,Customer C9531,Silver,22,2025-01-01
C5270,Customer C5270,Bronze,73,2025-01-01
C9022,Customer C9022,Gold,48,2025-01-01
C6452,Customer C6452,Gold,39,2025-01-01
C4567,Customer C4567,Bronze,52,2025-01-01
C4899,Customer C4899,Silver,71,2025-01-01
C8500,Customer C8500,Silver,24,2025-01-01
C7470,Customer C7470,Silver,23,2025-01-01
C5321,Customer C5321,Bronze,43,2025-01-01
C3313,Customer C3313,Bronze,71,2025-01-01
C2231,Customer C2231,Bronze,18,2025-01-01
C5056,Customer C5056,Bronze,24,2025-01-01
C1305,Customer C1305,Bronze,53,2025-01-01
C4917,Customer C4917,Bronze,29,2025-01-01
C8080,Customer C8080,Bronze,37,2025-01-01
C3936,Customer C3936,Bronze,40,2025-01-01
C4862,Customer C4862,Bronze,42,2025-01-01
C6649,Customer C6649,Bronze,47,2025-01-01
C4261,Customer C4261,Gold,46,2025-01-01
C3226,Customer C3226,Bronze,48,2025-01-01
C2079,Customer C2079,Silver,35,2025-01-01
C7280,Customer C7280,Bronze,58,2025-01-01
C8235,Customer C8235,Bronze,36,2025-01-01
C1813,Customer C1813,Silver,71,2025-01-01
C6089,Customer C6089,Silver,21,2025-01-01
C3031,Customer C3031,Bronze,18,2025-01-01
C9514,Customer C9514,Gold,58,2025-01-01
C3653,Customer C3653,Gold,32,2025-01-01
C9558,Customer C9558,Gold,71,2025-01-01
C3897,Customer C3897,Bronze,25,2025-01-01
C5041,Customer C5041,Bronze,32,2025-01-01
C3038,Customer C3038,Silver,32,2025-01-01
C1494,Customer C1494,Silver,67,2025-01-01
C8116,Customer C8116,Bronze,56,2025-01-01
C2784,Customer C2784,Silver,39,2025-01-01
C6266,Customer C6266,Bronze,35,2025-01-01
C6428,Customer C6428,Bronze,33,2025-01-01
C8607,Customer C8607,Silver,53,2025-01-01
C8669,Customer C8669,Bronze,37,2025-01-01
C5534,Customer C5534,Silver,33,2025-01-01
C6979,Customer C6979,Bronze,20,2025-01-01
C9890,Customer C9890,Silver,73,2025-01-01
C3938,Customer C3938,Gold,47,2025-01-01
C6296,Customer C6296,Silver,72,2025-01-01
C8204,Customer C8204,Gold,19,2025-01-01
C6730,Customer C6730,Bronze,52,2025-01-01
C6602,Customer C6602,Bronze,43,2025-01-01
C3639,Customer C3639,Bronze,74,2025-01-01
C2366,Customer C2366,Bronze,22,2025-01-01
C7453,Customer C7453,Silver,19,2025-01-01
C7671,Customer C7671,Bronze,68,2025-01-01
C5539,Customer C5539,Bronze,73,2025-01-01
C9876,Customer C9876,Bronze,37,2025-01-01
C3887,Customer C3887,Bronze,51,2025-01-01
C5180,Customer C5180,Bronze,51,2025-01-01
C5758,Customer C5758,Silver,71,2025-01-01
C6014,Customer C6014,Bronze,72,2025-01-01
C2375,Customer C2375,Silver,37,2025-01-01
C2181,Customer C2181,Silver,67,2025-01-01
C6708,Customer C6708,Bronze,42,2025-01-01
C4729,Customer C4729,Bronze,42,2025-01-01
C6974,Customer C6974,Bronze,70,2025-01-01
C4534,Customer C4534,Bronze,31,2025-01-01
C4296,Customer C4296,Bronze,64,2025-01-01
C2940,Customer C2940,Silver,61,2025-01-01
C2882,Customer C2882,Bronze,60,2025-01-01
C5908,Customer C5908,Bronze,60,2025-01-01
C3987,Customer C3987,Silver,56,2025-01-01
C4159,Customer C4159,Bronze,29,2025-01-01
C1681,Customer C1681,Bronze,65,2025-01-01
C6254,Customer C6254,Silver,22,2025-01-01
C8966,Customer C8966,Bronze,19,2025-01-01
C3580,Customer C3580,Silver,71,2025-01-01
C8257,Customer C8257,Bronze,33,2025-01-01
C9488,Customer C9488,Bronze,47,2025-01-01
C3296,Customer C3296,Silver,64,2025-01-01
C1901,Customer C1901,Bronze,60,2025-01-01
C7060,Customer C7060,Silver,55,2025-01-01
C2677,Customer C2677,Bronze,62,2025-01-01
C3881,Customer C3881,Bronze,68,2025-01-01
C9052,Customer C9052,Bronze,59,2025-01-01
C6650,Customer C6650,Silver,41,2025-01-01
C5248,Customer C5248,Bronze,47,2025-01-01
C3476,Customer C3476,Bronze,54,2025-01-01
C1220,Customer C1220,Silver,74,2025-01-01
C5818,Customer C5818,Bronze,70,2025-01-01
C8349,Customer C8349,Silver,28,2025-01-01
C8209,Customer C8209,Silver,31,2025-01-01
C2871,Customer C2871,Bronze,40,2025-01-01
C8915,Customer C8915,Bronze,70,2025-01-01
C2462,Customer C2462,Silver,33,2025-01-01
C6521,Customer C6521,Gold,67,2025-01-01
C9536,Customer C9536,Gold,38,2025-01-01
C9236,Customer C9236,Bronze,72,2025-01-01
C6753,Customer C6753,Bronze,72,2025-01-01
C8237,Customer C8237,Bronze,21,2025-01-01
C7191,Customer C7191,Silver,50,2025-01-01
C2514,Customer C2514,Bronze,71,2025-01-01
C3598,Customer C3598,Bronze,64,2025-01-01
C7899,Customer C7899,Bronze,36,2025-01-01
C5476,Customer C5476,Gold,22,2025-01-01
C1478,Customer C1478,Bronze,53,2025-01-01
C1515,Customer C1515,Bronze,48,2025-01-01
C9334,Customer C9334,Bronze,62,2025-01-01
C7008,Customer C7008,Bronze,35,2025-01-01
C1787,Customer C1787,Bronze,48,2025-01-01
C7222,Customer C7222,Silver,72,2025-01-01
C1622,Customer C1622,Bronze,47,2025-01-01
C3572,Customer C3572,Bronze,38,2025-01-01
C6033,Customer C6033,Bronze,64,2025-01-01
C6214,Customer C6214,Silver,47,2025-01-01
C5712,Customer C5712,Bronze,72,2025-01-01
C1066,Customer C1066,Silver,58,2025-01-01
C8533,Customer C8533,Bronze,21,2025-01-01
C8465,Customer C8465,Silver,22,2025-01-01
C4339,Customer C4339,Bronze,58,2025-01-01
C1548,Customer C1548,Gold,62,2025-01-01
C8675,Customer C8675,Bronze,27,2025-01-01
C1198,Customer C1198,Bronze,44,2025-01-01
C1790,Customer C1790,Silver,33,2025-01-01
C2174,Customer C2174,Bronze,47,2025-01-01
C1178,Customer C1178,Gold,30,2025-01-01
C3244,Customer C3244,Bronze,53,2025-01-01
C1734,Customer C1734,Silver,38,2025-01-01
C7232,Customer C7232,Silver,62,2025-01-01
C1798,Customer C1798,Gold,70,2025-01-01
C8601,Customer C8601,Gold,57,2025-01-01
C9979,Customer C9979,Silver,62,2025-01-01
C3795,Customer C3795,Silver,32,2025-01-01
C5588,Customer C5588,Bronze,37,2025-01-01
C8297,Customer C8297,Bronze,37,2025-01-01
C4084,Customer C4084,Silver,62,2025-01-01
C1731,Customer C1731,Gold,72,2025-01-01
C2129,Customer C2129,Silver,22,2025-01-01
C3933,Customer C3933,Gold,71,2025-01-01
C9516,Customer C9516,Silver,71,2025-01-01
C2490,Customer C2490,Bronze,49,2025-01-01
C1893,Customer C1893,Bronze,23,2025-01-01
C5239,Customer C5239,Bronze,47,2025-01-01
C5479,Customer C5479,Bronze,43,2025-01-01
C3263,Customer C3263,Bronze,54,2025-01-01
C2515,Customer C2515,Gold,30,2025-01-01
C7326,Customer C7326,Silver,46,2025-01-01
C6586,Customer C6586,Bronze,22,2025-01-01
C3917,Customer C3917,Bronze,42,2025-01-01
C6731,Customer C6731,Bronze,30,2025-01-01
C5327,Customer C5327,Bronze,48,2025-01-01
C4793,Customer C4793,Bronze,37,2025-01-01
C2030,Customer C2030,Bronze,25,2025-01-01
C7691,Customer C7691,Gold,26,2025-01-01
C4992,Customer C4992,Bronze,38,2025-01-01
C8037,Customer C8037,Bronze,68,2025-01-01
C7221,Customer C7221,Bronze,37,2025-01-01
C8090,Customer C8090,Bronze,32,2025-01-01
C8769,Customer C8769,Silver,43,2025-01-01
C5661,Customer C5661,Silver,71,2025-01-01
C2894,Customer C2894,Bronze,59,2025-01-01
C7322,Customer C7322,Silver,28,2025-01-01
C3716,Customer C3716,Bronze,54,2025-01-01
C2335,Customer C2335,Silver,58,2025-01-01
C1378,Customer C1378,Bronze,28,2025-01-01
C4829,Customer C4829,Bronze,44,2025-01-01
C7380,Customer C7380,Silver,47,2025-01-01
C2754,Customer C2754,Silver,36,2025-01-01
C1463,Customer C1463,Silver,51,2025-01-01
C5267,Customer C5267,Bronze,55,2025-01-01
C4158,Customer C4158,Bronze,40,2025-01-01
C4624,Customer C4624,Gold,70,2025-01-01
C5938,Customer C5938,Bronze,18,2025-01-01
C6417,Customer C6417,Bronze,20,2025-01-01
C7004,Customer C7004,Bronze,20,2025-01-01
C9881,Customer C9881,Bronze,45,2025-01-01
C6603,Customer C6603,Bronze,31,2025-01-01
C3212,Customer C3212,Bronze,69,2025-01-01
C7120,Customer C7120,Bronze,47,2025-01-01
C3256,Customer C3256,Gold,71,2025-01-01
C2412,Customer C2412,Bronze,22,2025-01-01
C7146,Customer C7146,Bronze,66,2025-01-01
C9802,Customer C9802,Bronze,32,2025-01-01
C2391,Customer C2391,Silver,55,2025-01-01
C2340,Customer C2340,Bronze,31,2025-01-01
C3939,Customer C3939,Silver,31,2025-01-01
C6969,Customer C6969,Bronze,74,2025-01-01
C5813,Customer C5813,Silver,66,2025-01-01
C4150,Customer C4150,Bronze,25,2025-01-01
C7414,Customer C7414,Bronze,25,2025-01-01
C5657,Customer C5657,Silver,36,2025-01-01
C7947,Customer C7947,Silver,49,2025-01-01
C5797,Customer C5797,Bronze,46,2025-01-01
C6480,Customer C6480,Bronze,58,2025-01-01
C1983,Customer C1983,Silver,28,2025-01-01
C9543,Customer C9543,Bronze,62,2025-01-01
C5174,Customer C5174,Bronze,30,2025-01-01
C5645,Customer C5645,Silver,73,2025-01-01
C3061,Customer C3061,Silver,36,2025-01-01
C5487,Customer C5487,Silver,43,2025-01-01
C3644,Customer C3644,Bronze,70,2025-01-01
C7449,Customer C7449,Gold,68,2025-01-01
C7768,Customer C7768,Silver,54,2025-01-01
C8440,Customer C8440,Silver,65,2025-01-01
C3550,Customer C3550,Bronze,26,2025-01-01
C7054,Customer C7054,Bronze,45,2025-01-01
C9042,Customer C9042,Silver,49,2025-01-01
C8893,Customer C8893,Bronze,69,2025-01-01
C8445,Customer C8445,Bronze,71,2025-01-01
C3721,Customer C3721,Silver,20,2025-01-01
C8104,Customer C8104,Silver,68,2025-01-01
C7240,Customer C7240,Gold,49,2025-01-01
C4153,Customer C4153,Silver,22,2025-01-01
C8450,Customer C8450,Bronze,25,2025-01-01
C2706,Customer C2706,Bronze,31,2025-01-01
C2128,Customer C2128,Bronze,73,2025-01-01
C6583,Customer C6583,Bronze,20,2025-01-01
C6718,Customer C6718,Bronze,41,2025-01-01
C7001,Customer C7001,Bronze,30,2025-01-01
C3741,Customer C3741,Bronze,60,2025-01-01
C1228,Customer C1228,Silver,46,2025-01-01
C5284,Customer C5284,Gold,25,2025-01-01
C9617,Customer C9617,Silver,68,2025-01-01
C1498,Customer C1498,Silver,59,2025-01-01
C3809,Customer C3809,Silver,48,2025-01-01
C5961,Customer C5961,Gold,43,2025-01-01
C4779,Customer C4779,Silver,35,2025-01-01
C3118,Customer C3118,Silver,35,2025-01-01
C7391,Customer C7391,Gold,74,2025-01-01
C5565,Customer C5565,Bronze,65,2025-01-01
C6187,Customer C6187,Bronze,55,2025-01-01
C7637,Customer C7637,Bronze,65,2025-01-01
C9243,Customer C9243,Bronze,33,2025-01-01
C3410,Customer C3410,Bronze,72,2025-01-01
C2820,Customer C2820,Bronze,73,2025-01-01
C3521,Customer C3521,Bronze,50,2025-01-01
C2867,Customer C2867,Bronze,73,2025-01-01
C8602,Customer C8602,Silver,68,2025-01-01
C1240,Customer C1240,Bronze,20,2025-01-01
C5631,Customer C5631,Silver,55,2025-01-01
C9274,Customer C9274,Silver,21,2025-01-01
C6077,Customer C6077,Bronze,53,2025-01-01
C4768,Customer C4768,Gold,21,2025-01-01
C8995,Customer C8995,Bronze,59,2025-01-01
C7429,Customer C7429,Bronze,26,2025-01-01
C4605,Customer C4605,Bronze,57,2025-01-01
C3173,Customer C3173,Bronze,68,2025-01-01
C7568,Customer C7568,Bronze,34,2025-01-01
C7080,Customer C7080,Bronze,50,2025-01-01
C8325,Customer C8325,Bronze,37,2025-01-01
C9313,Customer C9313,Bronze,31,2025-01-01
C5368,Customer C5368,Silver,39,2025-01-01
C2317,Customer C2317,Bronze,69,2025-01-01
C2133,Customer C2133,Bronze,44,2025-01-01
C2910,Customer C2910,Bronze,60,2025-01-01
C9107,Customer C9107,Bronze,20,2025-01-01
C2916,Customer C2916,Bronze,41,2025-01-01
C7464,Customer C7464,Silver,47,2025-01-01
C9683,Customer C9683,Bronze,25,2025-01-01
C1585,Customer C1585,Silver,39,2025-01-01
C1534,Customer C1534,Silver,42,2025-01-01
C5011,Customer C5011,Bronze,27,2025-01-01
C7957,Customer C7957,Bronze,66,2025-01-01
C6325,Customer C6325,Gold,46,2025-01-01
C9518,Customer C9518,Silver,57,2025-01-01
C3706,Customer C3706,Bronze,71,2025-01-01
C9316,Customer C9316,Silver,18,2025-01-01
C2861,Customer C2861,Silver,69,2025-01-01
C6269,Customer C6269,Bronze,38,2025-01-01
C1437,Customer C1437,Silver,56,2025-01-01
C9081,Customer C9081,Bronze,41,2025-01-01
C6398,Customer C6398,Bronze,26,2025-01-01
C7678,Customer C7678,Gold,61,2025-01-01
C6529,Customer C6529,Silver,71,2025-01-01
C7604,Customer C7604,Bronze,43,2025-01-01
C4918,Customer C4918,Bronze,26,2025-01-01
C2067,Customer C2067,Silver,37,2025-01-01
C1026,Customer C1026,Silver,73,2025-01-01
C8118,Customer C8118,Silver,52,2025-01-01
C1547,Customer C1547,Gold,53,2025-01-01
C6338,Customer C6338,Silver,59,2025-01-01
C4140,Customer C4140,Bronze,53,2025-01-01
C2590,Customer C2590,Bronze,71,2025-01-01
C9997,Customer C9997,Bronze,26,2025-01-01
C8798,Customer C8798,Silver,39,2025-01-01
C2357,Customer C2357,Silver,18,2025-01-01
C3728,Customer C3728,Bronze,22,2025-01-01
C8481,Customer C8481,Bronze,26,2025-01-01
C4114,Customer C4114,Bronze,54,2025-01-01
C1616,Customer C1616,Bronze,55,2025-01-01
C2203,Customer C2203,Bronze,36,2025-01-01
C3630,Customer C3630,Bronze,25,2025-01-01
C4161,Customer C4161,Bronze,59,2025-01-01
C9861,Customer C9861,Bronze,60,2025-01-01
C8376,Customer C8376,Bronze,49,2025-01-01
C9911,Customer C9911,Silver,37,2025-01-01
C1283,Customer C1283,Silver,60,2025-01-01
C6840,Customer C6840,Silver,61,2025-01-01
C4565,Customer C4565,Bronze,54,2025-01-01
C5593,Customer C5593,Bronze,47,2025-01-01
C2465,Customer C2465,Gold,27,2025-01-01
C5734,Customer C5734,Silver,48,2025-01-01
C8366,Customer C8366,Gold,42,2025-01-01
C7858,Customer C7858,Silver,46,2025-01-01
C3121,Customer C3121,Bronze,41,2025-01-01
C3223,Customer C3223,Bronze,56,2025-01-01
C5522,Customer C5522,Bronze,38,2025-01-01
C4188,Customer C4188,Bronze,58,2025-01-01
C5136,Customer C5136,Bronze,26,2025-01-01
C1343,Customer C1343,Silver,59,2025-01-01
C5704,Customer C5704,Bronze,59,2025-01-01
C5823,Customer C5823,Bronze,19,2025-01-01
C4201,Customer C4201,Silver,21,2025-01-01
C6471,Customer C6471,Silver,25,2025-01-01
C1888,Customer C1888,Bronze,49,2025-01-01
C8127,Customer C8127,Silver,31,2025-01-01
C3883,Customer C3883,Bronze,30,2025-01-01
C7961,Customer C7961,Bronze,38,2025-01-01
C4001,Customer C4001,Bronze,41,2025-01-01
C2738,Customer C2738,Bronze,67,2025-01-01
C1151,Customer C1151,Bronze,35,2025-01-01
C9777,Customer C9777,Gold,62,2025-01-01
C1912,Customer C1912,Silver,57,2025-01-01
C3321,Customer C3321,Silver,43,2025-01-01
C1495,Customer C1495,Gold,49,2025-01-01
C2552,Customer C2552,Silver,61,2025-01-01
C4085,Customer C4085,Bronze,74,2025-01-01
C1156,Customer C1156,Bronze,72,2025-01-01
C9926,Customer C9926,Silver,73,2025-01-01
C8505,Customer C8505,Bronze,70,2025-01-01
C9055,Customer C9055,Silver,69,2025-01-01
C7250,Customer C7250,Gold,48,2025-01-01
C8246,Customer C8246,Bronze,35,2025-01-01
C1996,Customer C1996,Silver,52,2025-01-01
C5626,Customer C5626,Bronze,29,2025-01-01
C3905,Customer C3905,Silver,68,2025-01-01
C8853,Customer C8853,Bronze,42,2025-01-01
C1786,Customer C1786,Silver,62,2025-01-01
C5272,Customer C5272,Bronze,48,2025-01-01
C4767,Customer C4767,Silver,27,2025-01-01
C9834,Customer C9834,Bronze,64,2025-01-01
C6994,Customer C6994,Bronze,69,2025-01-01
C8216,Customer C8216,Bronze,51,2025-01-01
C9857,Customer C9857,Bronze,68,2025-01-01
C6427,Customer C6427,Bronze,20,2025-01-01
C8055,Customer C8055,Bronze,63,2025-01-01
C2212,Customer C2212,Silver,56,2025-01-01
C7965,Customer C7965,Silver,25,2025-01-01
C8433,Customer C8433,Bronze,49,2025-01-01
C8367,Customer C8367,Silver,60,2025-01-01
C5582,Customer C5582,Bronze,46,2025-01-01
C5185,Customer C5185,Bronze,39,2025-01-01
C8328,Customer C8328,Bronze,37,2025-01-01
C1300,Customer C1300,Bronze,23,2025-01-01
C1723,Customer C1723,Bronze,60,2025-01-01
C4010,Customer C4010,Gold,66,2025-01-01
C3506,Customer C3506,Bronze,46,2025-01-01
C1397,Customer C1397,Bronze,59,2025-01-01
C6680,Customer C6680,Bronze,73,2025-01-01
C5825,Customer C5825,Silver,34,2025-01-01
C9747,Customer C9747,Silver,48,2025-01-01
C8067,Customer C8067,Gold,51,2025-01-01
C6091,Customer C6091,Gold,55,2025-01-01
C2601,Customer C2601,Silver,74,2025-01-01
C2480,Customer C2480,Bronze,54,2025-01-01
C6499,Customer C6499,Silver,21,2025-01-01
C2299,Customer C2299,Silver,29,2025-01-01
C9269,Customer C9269,Silver,52,2025-01-01
C3831,Customer C3831,Silver,23,2025-01-01
C2532,Customer C2532,Bronze,73,2025-01-01
C6253,Customer C6253,Silver,63,2025-01-01
C4089,Customer C4089,Gold,25,2025-01-01
C5275,Customer C5275,Bronze,38,2025-01-01
C6365,Customer C6365,Bronze,70,2025-01-01
C4122,Customer C4122,Silver,63,2025-01-01
C9167,Customer C9167,Gold,52,2025-01-01
C6190,Customer C6190,Bronze,65,2025-01-01
C5575,Customer C5575,Bronze,32,2025-01-01
C8727,Customer C8727,Bronze,24,2025-01-01
C2797,Customer C2797,Bronze,32,2025-01-01
C3131,Customer C3131,Gold,62,2025-01-01
C8322,Customer C8322,Silver,23,2025-01-01
C7500,Customer C7500,Silver,64,2025-01-01
C1815,Customer C1815,Bronze,34,2025-01-01
C9634,Customer C9634,Silver,21,2025-01-01
C7666,Customer C7666,Bronze,39,2025-01-01
C2410,Customer C2410,Bronze,49,2025-01-01
C4364,Customer C4364,Bronze,39,2025-01-01
C2172,Customer C2172,Bronze,63,2025-01-01
C2641,Customer C2641,Bronze,32,2025-01-01
C1471,Customer C1471,Bronze,61,2025-01-01
C3940,Customer C3940,Bronze,68,2025-01-01
C5726,Customer C5726,Silver,39,2025-01-01
C8670,Customer C8670,Bronze,45,2025-01-01
C1363,Customer C1363,Bronze,55,2025-01-01
C4309,Customer C4309,Silver,74,2025-01-01
C7923,Customer C7923,Silver,26,2025-01-01
C6204,Customer C6204,Gold,51,2025-01-01
C8288,Customer C8288,Silver,53,2025-01-01
C4203,Customer C4203,Bronze,26,2025-01-01
C1641,Customer C1641,Bronze,32,2025-01-01
C6200,Customer C6200,Bronze,62,2025-01-01
C9521,Customer C9521,Bronze,37,2025-01-01
C1865,Customer C1865,Bronze,25,2025-01-01
C1773,Customer C1773,Silver,45,2025-01-01
C4518,Customer C4518,Bronze,68,2025-01-01
C7795,Customer C7795,Silver,36,2025-01-01
C7984,Customer C7984,Gold,74,2025-01-01
C1739,Customer C1739,Silver,33,2025-01-01
C2545,Customer C2545,Silver,28,2025-01-01
C6127,Customer C6127,Silver,59,2025-01-01
C7620,Customer C7620,Bronze,25,2025-01-01
C9943,Customer C9943,Bronze,50,2025-01-01
C3283,Customer C3283,Gold,35,2025-01-01
C8868,Customer C8868,Silver,52,2025-01-01
C3603,Customer C3603,Bronze,60,2025-01-01
C6961,Customer C6961,Silver,67,2025-01-01
C2680,Customer C2680,Bronze,20,2025-01-01
C6682,Customer C6682,Bronze,57,2025-01-01
C9084,Customer C9084,Bronze,44,2025-01-01
C6367,Customer C6367,Bronze,45,2025-01-01
C1069,Customer C1069,Bronze,63,2025-01-01
C7200,Customer C7200,Bronze,23,2025-01-01
C9992,Customer C9992,Bronze,64,2025-01-01
C9119,Customer C9119,Bronze,31,2025-01-01
C1755,Customer C1755,Silver,24,2025-01-01
C7495,Customer C7495,Silver,27,2025-01-01
C6935,Customer C6935,Bronze,32,2025-01-01
C6705,Customer C6705,Bronze,48,2025-01-01
C9216,Customer C9216,Silver,46,2025-01-01
C1737,Customer C1737,Bronze,59,2025-01-01
C9371,Customer C9371,Bronze,71,2025-01-01
C1231,Customer C1231,Silver,34,2025-01-01
C9534,Customer C9534,Gold,68,2025-01-01
C3623,Customer C3623,Bronze,46,2025-01-01
C8072,Customer C8072,Bronze,66,2025-01-01
C3276,Customer C3276,Bronze,61,2025-01-01
C8393,Customer C8393,Bronze,32,2025-01-01
C3135,Customer C3135,Bronze,43,2025-01-01
C7727,Customer C7727,Bronze,29,2025-01-01
C2565,Customer C2565,Bronze,42,2025-01-01
C1308,Customer C1308,Gold,58,2025-01-01
C9627,Customer C9627,Silver,22,2025-01-01
C9368,Customer C9368,Silver,21,2025-01-01
C4257,Customer C4257,Silver,61,2025-01-01
C4235,Customer C4235,Bronze,65,2025-01-01
C1942,Customer C1942,Silver,58,2025-01-01
C6720,Customer C6720,Bronze,74,2025-01-01
C5957,Customer C5957,Bronze,48,2025-01-01
C4381,Customer C4381,Silver,20,2025-01-01
C6839,Customer C6839,Silver,70,2025-01-01
C3880,Customer C3880,Silver,20,2025-01-01
C6533,Customer C6533,Bronze,43,2025-01-01
C6378,Customer C6378,Gold,67,2025-01-01
C3663,Customer C3663,Gold,34,2025-01-01
C4659,Customer C4659,Bronze,27,2025-01-01
C2131,Customer C2131,Bronze,19,2025-01-01
C6092,Customer C6092,Bronze,41,2025-01-01
C7022,Customer C7022,Gold,28,2025-01-01
C7159,Customer C7159,Bronze,41,2025-01-01
C8318,Customer C8318,Bronze,52,2025-01-01
C9520,Customer C9520,Bronze,40,2025-01-01
C4044,Customer C4044,Bronze,49,2025-01-01
C6636,Customer C6636,Silver,40,2025-01-01
C3892,Customer C3892,Bronze,51,2025-01-01
C6288,Customer C6288,Gold,58,2025-01-01
C6812,Customer C6812,Silver,36,2025-01-01
C1654,Customer C1654,Silver,19,2025-01-01
C6481,Customer C6481,Bronze,68,2025-01-01
C1759,Customer C1759,Bronze,19,2025-01-01
C6159,Customer C6159,Bronze,32,2025-01-01
C9446,Customer C9446,Bronze,73,2025-01-01
C6262,Customer C6262,Bronze,38,2025-01-01
C2876,Customer C2876,Gold,52,2025-01-01
C8787,Customer C8787,Bronze,22,2025-01-01
C4734,Customer C4734,Bronze,60,2025-01-01
C6972,Customer C6972,Bronze,44,2025-01-01
C7639,Customer C7639,Bronze,41,2025-01-01
C6356,Customer C6356,Gold,24,2025-01-01
C5314,Customer C5314,Bronze,23,2025-01-01
C3508,Customer C3508,Bronze,63,2025-01-01
C3682,Customer C3682,Silver,50,2025-01-01
C5711,Customer C5711,Bronze,66,2025-01-01
C7479,Customer C7479,Bronze,34,2025-01-01
C7964,Customer C7964,Bronze,63,2025-01-01
C9075,Customer C9075,Bronze,59,2025-01-01
C7496,Customer C7496,Bronze,25,2025-01-01
C8688,Customer C8688,Silver,57,2025-01-01
C4908,Customer C4908,Bronze,63,2025-01-01
C5379,Customer C5379,Silver,24,2025-01-01
C9388,Customer C9388,Silver,23,2025-01-01
C1877,Customer C1877,Bronze,21,2025-01-01
C9761,Customer C9761,Bronze,18,2025-01-01
C8242,Customer C8242,Silver,48,2025-01-01
C9613,Customer C9613,Silver,42,2025-01-01
C2204,Customer C2204,Silver,64,2025-01-01
C1544,Customer C1544,Bronze,50,2025-01-01
C2223,Customer C2223,Gold,69,2025-01-01
C4172,Customer C4172,Bronze,52,2025-01-01
C9959,Customer C9959,Bronze,72,2025-01-01
C7520,Customer C7520,Bronze,22,2025-01-01
C7821,Customer C7821,Bronze,22,2025-01-01
C3446,Customer C3446,Bronze,53,2025-01-01
C9412,Customer C9412,Silver,34,2025-01-01
C4666,Customer C4666,Silver,70,2025-01-01
C5277,Customer C5277,Silver,69,2025-01-01
C3569,Customer C3569,Bronze,31,2025-01-01
C4985,Customer C4985,Silver,46,2025-01-01
C8448,Customer C8448,Bronze,25,2025-01-01
C5310,Customer C5310,Bronze,51,2025-01-01
C4019,Customer C4019,Bronze,57,2025-01-01
C5196,Customer C5196,Bronze,46,2025-01-01
C5753,Customer C5753,Bronze,53,2025-01-01
C5002,Customer C5002,Bronze,68,2025-01-01
C6629,Customer C6629,Gold,54,2025-01-01
C9963,Customer C9963,Bronze,46,2025-01-01
C8422,Customer C8422,Gold,22,2025-01-01
C9625,Customer C9625,Silver,70,2025-01-01
C4407,Customer C4407,Bronze,49,2025-01-01
C8795,Customer C8795,Silver,69,2025-01-01
C3793,Customer C3793,Bronze,41,2025-01-01
C8334,Customer C8334,Silver,36,2025-01-01
C8952,Customer C8952,Bronze,29,2025-01-01
C1250,Customer C1250,Gold,69,2025-01-01
C9098,Customer C9098,Silver,18,2025-01-01
C6289,Customer C6289,Silver,24,2025-01-01
C7437,Customer C7437,Silver,34,2025-01-01
C2173,Customer C2173,Bronze,51,2025-01-01
C9624,Customer C9624,Bronze,60,2025-01-01
C1835,Customer C1835,Bronze,24,2025-01-01
C3262,Customer C3262,Bronze,34,2025-01-01
C4815,Customer C4815,Bronze,20,2025-01-01
C1246,Customer C1246,Silver,46,2025-01-01
C3429,Customer C3429,Bronze,39,2025-01-01
C5022,Customer C5022,Gold,55,2025-01-01
C4151,Customer C4151,Silver,71,2025-01-01
C6580,Customer C6580,Bronze,60,2025-01-01
C8054,Customer C8054,Gold,46,2025-01-01
C8706,Customer C8706,Bronze,67,2025-01-01
C5573,Customer C5573,Silver,67,2025-01-01
C4491,Customer C4491,Bronze,71,2025-01-01
C1706,Customer C1706,Bronze,59,2025-01-01
C7997,Customer C7997,Bronze,22,2025-01-01
C9779,Customer C9779,Bronze,47,2025-01-01
C2334,Customer C2334,Bronze,40,2025-01-01
C2847,Customer C2847,Bronze,72,2025-01-01
C7851,Customer C7851,Bronze,38,2025-01-01
C8865,Customer C8865,Gold,73,2025-01-01
C4317,Customer C4317,Bronze,43,2025-01-01
C1164,Customer C1164,Bronze,71,2025-01-01
C8060,Customer C8060,Silver,64,2025-01-01
C4057,Customer C4057,Silver,38,2025-01-01
C5428,Customer C5428,Gold,37,2025-01-01
C1402,Customer C1402,Bronze,40,2025-01-01
C7349,Customer C7349,Bronze,21,2025-01-01
C5157,Customer C5157,Bronze,38,2025-01-01
C8467,Customer C8467,Bronze,38,2025-01-01
C7571,Customer C7571,Silver,18,2025-01-01
C1579,Customer C1579,Bronze,32,2025-01-01
C4039,Customer C4039,Gold,34,2025-01-01
C5137,Customer C5137,Bronze,68,2025-01-01
C1452,Customer C1452,Gold,31,2025-01-01
C7537,Customer C7537,Bronze,36,2025-01-01
C2467,Customer C2467,Silver,67,2025-01-01
C8572,Customer C8572,Gold,51,2025-01-01
C7747,Customer C7747,Gold,23,2025-01-01
C1880,Customer C1880,Bronze,62,2025-01-01
C4149,Customer C4149,Bronze,66,2025-01-01
C9276,Customer C9276,Silver,23,2025-01-01
C5144,Customer C5144,Bronze,70,2025-01-01
C2168,Customer C2168,Bronze,71,2025-01-01
C3526,Customer C3526,Bronze,22,2025-01-01
C4367,Customer C4367,Bronze,24,2025-01-01
C8338,Customer C8338,Bronze,50,2025-01-01
C6111,Customer C6111,Bronze,68,2025-01-01
C7752,Customer C7752,Bronze,71,2025-01-01
C1445,Customer C1445,Bronze,18,2025-01-01
C4626,Customer C4626,Bronze,30,2025-01-01
C5016,Customer C5016,Bronze,60,2025-01-01
C6497,Customer C6497,Gold,44,2025-01-01
C1261,Customer C1261,Gold,24,2025-01-01
C9283,Customer C9283,Gold,69,2025-01-01
C5222,Customer C5222,Silver,20,2025-01-01
C4443,Customer C4443,Bronze,42,2025-01-01
C6011,Customer C6011,Silver,50,2025-01-01
C1693,Customer C1693,Bronze,57,2025-01-01
C2407,Customer C2407,Silver,34,2025-01-01
C4497,Customer C4497,Bronze,62,2025-01-01
C1551,Customer C1551,Bronze,54,2025-01-01
C5332,Customer C5332,Bronze,73,2025-01-01
C1997,Customer C1997,Silver,71,2025-01-01
C5076,Customer C5076,Bronze,40,2025-01-01
C5052,Customer C5052,Bronze,41,2025-01-01
C6303,Customer C6303,Bronze,46,2025-01-01
C9118,Customer C9118,Bronze,55,2025-01-01
C6616,Customer C6616,Bronze,71,2025-01-01
C3248,Customer C3248,Gold,44,2025-01-01
C1848,Customer C1848,Bronze,55,2025-01-01
C9695,Customer C9695,Bronze,70,2025-01-01
C4625,Customer C4625,Bronze,57,2025-01-01
C9449,Customer C9449,Silver,62,2025-01-01
C6492,Customer C6492,Silver,67,2025-01-01
C9949,Customer C9949,Silver,40,2025-01-01
C7567,Customer C7567,Silver,48,2025-01-01
C4459,Customer C4459,Gold,53,2025-01-01
C7117,Customer C7117,Silver,34,2025-01-01
C2992,Customer C2992,Silver,54,2025-01-01
C9498,Customer C9498,Bronze,20,2025-01-01
C2860,Customer C2860,Silver,53,2025-01-01
C6176,Customer C6176,Bronze,72,2025-01-01
C1722,Customer C1722,Silver,22,2025-01-01
C9971,Customer C9971,Silver,63,2025-01-01
C9720,Customer C9720,Silver,32,2025-01-01
C9400,Customer C9400,Silver,69,2025-01-01
C6819,Customer C6819,Bronze,66,2025-01-01
C1418,Customer C1418,Bronze,23,2025-01-01
C2099,Customer C2099,Bronze,27,2025-01-01
C4392,Customer C4392,Gold,71,2025-01-01
C7784,Customer C7784,Silver,49,2025-01-01
C2070,Customer C2070,Silver,40,2025-01-01
C7522,Customer C7522,Silver,65,2025-01-01
C2850,Customer C2850,Silver,34,2025-01-01
C6053,Customer C6053,Gold,63,2025-01-01
C8194,Customer C8194,Silver,37,2025-01-01
C6851,Customer C6851,Silver,61,2025-01-01
C7673,Customer C7673,Silver,58,2025-01-01
C1678,Customer C1678,Bronze,32,2025-01-01
C2502,Customer C2502,Silver,61,2025-01-01
C6281,Customer C6281,Bronze,63,2025-01-01
C6027,Customer C6027,Bronze,39,2025-01-01
C2425,Customer C2425,Silver,67,2025-01-01
C7654,Customer C7654,Bronze,69,2025-01-01
C7856,Customer C7856,Gold,23,2025-01-01
C5689,Customer C5689,Bronze,21,2025-01-01
C3436,Customer C3436,Bronze,40,2025-01-01
C6517,Customer C6517,Bronze,61,2025-01-01
C7310,Customer C7310,Bronze,62,2025-01-01
C3241,Customer C3241,Bronze,36,2025-01-01
C7378,Customer C7378,Bronze,71,2025-01-01
C1403,Customer C1403,Bronze,62,2025-01-01
C4382,Customer C4382,Bronze,48,2025-01-01
C5163,Customer C5163,Bronze,61,2025-01-01
C8630,Customer C8630,Silver,69,2025-01-01
C1087,Customer C1087,Bronze,20,2025-01-01
C6816,Customer C6816,Silver,45,2025-01-01
C6470,Customer C6470,Silver,20,2025-01-01
C6739,Customer C6739,Bronze,31,2025-01-01
C5273,Customer C5273,Gold,35,2025-01-01
C7523,Customer C7523,Silver,44,2025-01-01
C6003,Customer C6003,Silver,68,2025-01-01
C7606,Customer C7606,Bronze,27,2025-01-01
C7130,Customer C7130,Silver,66,2025-01-01
C3042,Customer C3042,Silver,32,2025-01-01
C5598,Customer C5598,Bronze,36,2025-01-01
C1118,Customer C1118,Bronze,26,2025-01-01
C1709,Customer C1709,Bronze,21,2025-01-01
C4557,Customer C4557,Silver,32,2025-01-01
C4250,Customer C4250,Bronze,68,2025-01-01
C9061,Customer C9061,Silver,65,2025-01-01
C2101,Customer C2101,Bronze,25,2025-01-01
C5421,Customer C5421,Silver,66,2025-01-01
C9177,Customer C9177,Bronze,70,2025-01-01
C7658,Customer C7658,Bronze,18,2025-01-01
C9021,Customer C9021,Bronze,24,2025-01-01
C3379,Customer C3379,Bronze,70,2025-01-01
C9879,Customer C9879,Bronze,48,2025-01-01
C4209,Customer C4209,Bronze,35,2025-01-01
C7743,Customer C7743,Bronze,29,2025-01-01
C6648,Customer C6648,Gold,65,2025-01-01
C6171,Customer C6171,Silver,47,2025-01-01
C8890,Customer C8890,Bronze,50,2025-01-01
C1324,Customer C1324,Bronze,64,2025-01-01
C4587,Customer C4587,Bronze,24,2025-01-01
C5354,Customer C5354,Silver,45,2025-01-01
C4127,Customer C4127,Bronze,66,2025-01-01
C4395,Customer C4395,Bronze,20,2025-01-01
C2164,Customer C2164,Bronze,60,2025-01-01
C6360,Customer C6360,Silver,23,2025-01-01
C1354,Customer C1354,Bronze,48,2025-01-01
C3024,Customer C3024,Bronze,32,2025-01-01
C9257,Customer C9257,Bronze,24,2025-01-01
C3486,Customer C3486,Bronze,60,2025-01-01
C9919,Customer C9919,Bronze,47,2025-01-01
C8435,Customer C8435,Bronze,44,2025-01-01
C6065,Customer C6065,Bronze,34,2025-01-01
C1639,Customer C1639,Bronze,72,2025-01-01
C1172,Customer C1172,Bronze,35,2025-01-01
C6666,Customer C6666,Bronze,39,2025-01-01
C3886,Customer C3886,Gold,73,2025-01-01
C3164,Customer C3164,Bronze,70,2025-01-01
C4945,Customer C4945,Silver,43,2025-01-01
C6235,Customer C6235,Bronze,68,2025-01-01
C8746,Customer C8746,Bronze,44,2025-01-01
C5934,Customer C5934,Bronze,57,2025-01-01
C4880,Customer C4880,Bronze,41,2025-01-01
C6676,Customer C6676,Bronze,69,2025-01-01
C9060,Customer C9060,Bronze,25,2025-01-01
C4990,Customer C4990,Silver,38,2025-01-01
C6210,Customer C6210,Bronze,46,2025-01-01
C5845,Customer C5845,Bronze,60,2025-01-01
C2189,Customer C2189,Bronze,38,2025-01-01
C3689,Customer C3689,Bronze,20,2025-01-01
C8768,Customer C8768,Bronze,72,2025-01-01
C9240,Customer C9240,Bronze,44,2025-01-01
C8406,Customer C8406,Bronze,63,2025-01-01
C3833,Customer C3833,Bronze,44,2025-01-01
C8645,Customer C8645,Silver,26,2025-01-01
C9273,Customer C9273,Silver,74,2025-01-01
C9278,Customer C9278,Bronze,50,2025-01-01
C1821,Customer C1821,Bronze,50,2025-01-01
C8525,Customer C8525,Silver,43,2025-01-01
C4535,Customer C4535,Bronze,45,2025-01-01
C3707,Customer C3707,Bronze,61,2025-01-01
C8959,Customer C8959,Silver,60,2025-01-01
C1564,Customer C1564,Bronze,70,2025-01-01
C3500,Customer C3500,Bronze,18,2025-01-01
C7030,Customer C7030,Silver,37,2025-01-01
C1223,Customer C1223,Bronze,29,2025-01-01
C1350,Customer C1350,Gold,34,2025-01-01
C2928,Customer C2928,Silver,32,2025-01-01
C9540,Customer C9540,Bronze,67,2025-01-01
C2017,Customer C2017,Bronze,33,2025-01-01
C6322,Customer C6322,Bronze,21,2025-01-01
C7878,Customer C7878,Silver,25,2025-01-01
C5161,Customer C5161,Bronze,51,2025-01-01
C9638,Customer C9638,Bronze,63,2025-01-01
C3944,Customer C3944,Silver,42,2025-01-01
C8210,Customer C8210,Bronze,32,2025-01-01
C8653,Customer C8653,Silver,45,2025-01-01
C2074,Customer C2074,Silver,26,2025-01-01
C5305,Customer C5305,Bronze,19,2025-01-01
C4007,Customer C4007,Bronze,34,2025-01-01
C9772,Customer C9772,Silver,27,2025-01-01
C1229,Customer C1229,Silver,26,2025-01-01
C4185,Customer C4185,Bronze,48,2025-01-01
C1501,Customer C1501,Bronze,19,2025-01-01
C1048,Customer C1048,Bronze,41,2025-01-01
C4566,Customer C4566,Bronze,36,2025-01-01
C4055,Customer C4055,Bronze,34,2025-01-01
C9880,Customer C9880,Bronze,60,2025-01-01
C6820,Customer C6820,Bronze,66,2025-01-01
C3302,Customer C3302,Bronze,27,2025-01-01
C5366,Customer C5366,Gold,67,2025-01-01
C1122,Customer C1122,Silver,72,2025-01-01
C9450,Customer C9450,Bronze,45,2025-01-01
C1524,Customer C1524,Bronze,55,2025-01-01
C9001,Customer C9001,Bronze,65,2025-01-01
C4749,Customer C4749,Bronze,45,2025-01-01
C5453,Customer C5453,Gold,67,2025-01-01
C6336,Customer C6336,Bronze,69,2025-01-01
C5551,Customer C5551,Gold,67,2025-01-01
C3823,Customer C3823,Bronze,18,2025-01-01
C6728,Customer C6728,Silver,20,2025-01-01
C9677,Customer C9677,Bronze,32,2025-01-01
C9391,Customer C9391,Bronze,69,2025-01-01
C2982,Customer C2982,Bronze,27,2025-01-01
C3311,Customer C3311,Silver,38,2025-01-01
C8225,Customer C8225,Silver,54,2025-01-01
C1604,Customer C1604,Silver,32,2025-01-01
C6785,Customer C6785,Silver,40,2025-01-01
C8759,Customer C8759,Bronze,32,2025-01-01
C8532,Customer C8532,Bronze,27,2025-01-01
C9740,Customer C9740,Silver,73,2025-01-01
C1838,Customer C1838,Silver,26,2025-01-01
C1847,Customer C1847,Silver,61,2025-01-01
C5709,Customer C5709,Bronze,56,2025-01-01
C7575,Customer C7575,Bronze,22,2025-01-01
C5773,Customer C5773,Gold,42,2025-01-01
C6192,Customer C6192,Bronze,73,2025-01-01
C4320,Customer C4320,Bronze,59,2025-01-01
C5698,Customer C5698,Silver,74,2025-01-01
C4673,Customer C4673,Gold,43,2025-01-01
C2564,Customer C2564,Bronze,25,2025-01-01
C7058,Customer C7058,Gold,69,2025-01-01
C8131,Customer C8131,Gold,42,2025-01-01
C7697,Customer C7697,Gold,65,2025-01-01
C4885,Customer C4885,Bronze,29,2025-01-01
C1947,Customer C1947,Bronze,27,2025-01-01
C3251,Customer C3251,Bronze,65,2025-01-01
C7720,Customer C7720,Bronze,26,2025-01-01
C7906,Customer C7906,Bronze,43,2025-01-01
C6335,Customer C6335,Bronze,44,2025-01-01
C6611,Customer C6611,Silver,48,2025-01-01
C6577,Customer C6577,Bronze,36,2025-01-01
C2559,Customer C2559,Bronze,60,2025-01-01
C2507,Customer C2507,Bronze,55,2025-01-01
C3063,Customer C3063,Bronze,23,2025-01-01
C2294,Customer C2294,Gold,32,2025-01-01
C5065,Customer C5065,Bronze,46,2025-01-01
C9014,Customer C9014,Bronze,64,2025-01-01
C2603,Customer C2603,Bronze,62,2025-01-01
C2322,Customer C2322,Bronze,71,2025-01-01
C3441,Customer C3441,Bronze,22,2025-01-01
C4787,Customer C4787,Bronze,31,2025-01-01
C3208,Customer C3208,Bronze,70,2025-01-01
C8169,Customer C8169,Silver,40,2025-01-01
C7014,Customer C7014,Bronze,61,2025-01-01
C6147,Customer C6147,Bronze,69,2025-01-01
C7199,Customer C7199,Bronze,63,2025-01-01
C1546,Customer C1546,Bronze,36,2025-01-01
C8965,Customer C8965,Bronze,41,2025-01-01
C3083,Customer C3083,Silver,37,2025-01-01
C3040,Customer C3040,Bronze,64,2025-01-01
C2752,Customer C2752,Silver,44,2025-01-01
C2600,Customer C2600,Bronze,69,2025-01-01
C4799,Customer C4799,Gold,41,2025-01-01
C1618,Customer C1618,Silver,34,2025-01-01
C6491,Customer C6491,Silver,42,2025-01-01
C6795,Customer C6795,Bronze,63,2025-01-01
C8633,Customer C8633,Silver,72,2025-01-01
C2487,Customer C2487,Silver,48,2025-01-01
C6009,Customer C6009,Silver,45,2025-01-01
C2044,Customer C2044,Bronze,67,2025-01-01
C3431,Customer C3431,Silver,45,2025-01-01
C2582,Customer C2582,Bronze,39,2025-01-01
C9793,Customer C9793,Bronze,73,2025-01-01
C8503,Customer C8503,Silver,22,2025-01-01
C5766,Customer C5766,Bronze,71,2025-01-01
C6362,Customer C6362,Bronze,61,2025-01-01
C1100,Customer C1100,Bronze,59,2025-01-01
C7657,Customer C7657,Silver,25,2025-01-01
C6875,Customer C6875,Bronze,55,2025-01-01
C5271,Customer C5271,Bronze,45,2025-01-01
C1237,Customer C1237,Bronze,74,2025-01-01
C6218,Customer C6218,Silver,64,2025-01-01
C7073,Customer C7073,Bronze,29,2025-01-01
C3542,Customer C3542,Silver,74,2025-01-01
C1754,Customer C1754,Bronze,42,2025-01-01
C5235,Customer C5235,Gold,61,2025-01-01
C1540,Customer C1540,Bronze,32,2025-01-01
C4145,Customer C4145,Silver,58,2025-01-01
C5067,Customer C5067,Bronze,68,2025-01-01
C8281,Customer C8281,Bronze,70,2025-01-01
C9511,Customer C9511,Gold,62,2025-01-01
C3149,Customer C3149,Bronze,30,2025-01-01
C7713,Customer C7713,Bronze,25,2025-01-01
C5207,Customer C5207,Bronze,30,2025-01-01
C4936,Customer C4936,Bronze,53,2025-01-01
C2075,Customer C2075,Silver,23,2025-01-01
C7379,Customer C7379,Silver,55,2025-01-01
C8456,Customer C8456,Silver,49,2025-01-01
C5674,Customer C5674,Bronze,38,2025-01-01
C7041,Customer C7041,Bronze,61,2025-01-01
C6419,Customer C6419,Bronze,61,2025-01-01
C3722,Customer C3722,Bronze,66,2025-01-01
C1470,Customer C1470,Silver,24,2025-01-01
C2468,Customer C2468,Bronze,43,2025-01-01
C8925,Customer C8925,Silver,32,2025-01-01
C9012,Customer C9012,Silver,73,2025-01-01
C9249,Customer C9249,Gold,66,2025-01-01
C4895,Customer C4895,Silver,59,2025-01-01
C9874,Customer C9874,Silver,40,2025-01-01
C4454,Customer C4454,Bronze,69,2025-01-01
C2790,Customer C2790,Bronze,55,2025-01-01
C1885,Customer C1885,Bronze,58,2025-01-01
C3073,Customer C3073,Bronze,32,2025-01-01
C1312,Customer C1312,Silver,65,2025-01-01
C6317,Customer C6317,Silver,70,2025-01-01
C1810,Customer C1810,Bronze,57,2025-01-01
C3705,Customer C3705,Bronze,33,2025-01-01
C9788,Customer C9788,Bronze,49,2025-01-01
C3147,Customer C3147,Silver,54,2025-01-01
C6677,Customer C6677,Silver,35,2025-01-01
C3013,Customer C3013,Silver,37,2025-01-01
C4697,Customer C4697,Bronze,63,2025-01-01
C5350,Customer C5350,Bronze,19,2025-01-01
C3926,Customer C3926,Silver,72,2025-01-01
C5376,Customer C5376,Silver,40,2025-01-01
C5868,Customer C5868,Bronze,47,2025-01-01
C7862,Customer C7862,Silver,20,2025-01-01
C5423,Customer C5423,Bronze,63,2025-01-01
C7870,Customer C7870,Silver,56,2025-01-01
C9159,Customer C9159,Silver,64,2025-01-01
C7170,Customer C7170,Silver,66,2025-01-01
C1701,Customer C1701,Bronze,18,2025-01-01
C7825,Customer C7825,Silver,39,2025-01-01
C5264,Customer C5264,Silver,46,2025-01-01
C8968,Customer C8968,Bronze,31,2025-01-01
C9146,Customer C9146,Silver,65,2025-01-01
C9719,Customer C9719,Bronze,45,2025-01-01
C5619,Customer C5619,Gold,38,2025-01-01
C7875,Customer C7875,Silver,62,2025-01-01
C8856,Customer C8856,Bronze,49,2025-01-01
C4022,Customer C4022,Bronze,23,2025-01-01
C2770,Customer C2770,Bronze,71,2025-01-01
C4215,Customer C4215,Bronze,18,2025-01-01
C4737,Customer C4737,Bronze,38,2025-01-01
C1752,Customer C1752,Silver,74,2025-01-01
C2392,Customer C2392,Silver,21,2025-01-01
C1677,Customer C1677,Bronze,20,2025-01-01
C6544,Customer C6544,Bronze,66,2025-01-01
C2095,Customer C2095,Bronze,47,2025-01-01
C2782,Customer C2782,Bronze,48,2025-01-01
C5541,Customer C5541,Bronze,51,2025-01-01
C7213,Customer C7213,Silver,36,2025-01-01
C2561,Customer C2561,Gold,37,2025-01-01
C5550,Customer C5550,Bronze,40,2025-01-01
C4123,Customer C4123,Silver,71,2025-01-01
C2209,Customer C2209,Gold,57,2025-01-01
C6153,Customer C6153,Bronze,42,2025-01-01
C5898,Customer C5898,Silver,32,2025-01-01
C3178,Customer C3178,Silver,55,2025-01-01
C3544,Customer C3544,Bronze,40,2025-01-01
C6522,Customer C6522,Bronze,69,2025-01-01
C3370,Customer C3370,Silver,19,2025-01-01
C4281,Customer C4281,Silver,74,2025-01-01
C5710,Customer C5710,Bronze,74,2025-01-01
C1328,Customer C1328,Bronze,32,2025-01-01
C6579,Customer C6579,Bronze,69,2025-01-01
C5228,Customer C5228,Silver,61,2025-01-01
C7794,Customer C7794,Bronze,52,2025-01-01
C1120,Customer C1120,Silver,27,2025-01-01
C1964,Customer C1964,Bronze,44,2025-01-01
C5224,Customer C5224,Bronze,71,2025-01-01
C7865,Customer C7865,Bronze,31,2025-01-01
C6643,Customer C6643,Bronze,52,2025-01-01
C9524,Customer C9524,Bronze,50,2025-01-01
C1355,Customer C1355,Bronze,69,2025-01-01
C1028,Customer C1028,Bronze,18,2025-01-01
C9961,Customer C9961,Bronze,51,2025-01-01
C8399,Customer C8399,Bronze,36,2025-01-01
C5601,Customer C5601,Silver,41,2025-01-01
C2416,Customer C2416,Silver,59,2025-01-01
C8529,Customer C8529,Gold,21,2025-01-01
C5474,Customer C5474,Bronze,53,2025-01-01
C4071,Customer C4071,Bronze,30,2025-01-01
C1555,Customer C1555,Bronze,49,2025-01-01
C2563,Customer C2563,Bronze,26,2025-01-01
C3686,Customer C3686,Silver,56,2025-01-01
C3553,Customer C3553,Bronze,33,2025-01-01
C5326,Customer C5326,Bronze,67,2025-01-01
C6835,Customer C6835,Bronze,20,2025-01-01
C4229,Customer C4229,Gold,69,2025-01-01
C7363,Customer C7363,Bronze,73,2025-01-01
C9222,Customer C9222,Silver,39,2025-01-01
C8690,Customer C8690,Gold,65,2025-01-01
C2400,Customer C2400,Bronze,20,2025-01-01
C5071,Customer C5071,Bronze,28,2025-01-01
C1940,Customer C1940,Gold,42,2025-01-01
C4457,Customer C4457,Silver,59,2025-01-01
C1453,Customer C1453,Bronze,65,2025-01-01
C9184,Customer C9184,Bronze,25,2025-01-01
C1818,Customer C1818,Gold,26,2025-01-01
C1012,Customer C1012,Silver,32,2025-01-01
C7475,Customer C7475,Silver,49,2025-01-01
C5792,Customer C5792,Silver,70,2025-01-01
C7830,Customer C7830,Bronze,20,2025-01-01
C3434,Customer C3434,Silver,21,2025-01-01
C3868,Customer C3868,Bronze,47,2025-01-01
C2438,Customer C2438,Gold,30,2025-01-01
C4543,Customer C4543,Bronze,61,2025-01-01
C2781,Customer C2781,Silver,38,2025-01-01
C7343,Customer C7343,Bronze,58,2025-01-01
C1211,Customer C1211,Bronze,74,2025-01-01
C9699,Customer C9699,Bronze,63,2025-01-01
C9169,Customer C9169,Silver,56,2025-01-01
C9742,Customer C9742,Silver,65,2025-01-01
C5975,Customer C5975,Bronze,39,2025-01-01
C1648,Customer C1648,Bronze,37,2025-01-01
C6095,Customer C6095,Gold,54,2025-01-01
C2009,Customer C2009,Silver,48,2025-01-01
C2550,Customer C2550,Silver,27,2025-01-01
C8492,Customer C8492,Silver,35,2025-01-01
C4401,Customer C4401,Silver,60,2025-01-01
C8447,Customer C8447,Bronze,56,2025-01-01
C6424,Customer C6424,Silver,63,2025-01-01
C5241,Customer C5241,Silver,37,2025-01-01
C2176,Customer C2176,Silver,35,2025-01-01
C3233,Customer C3233,Silver,28,2025-01-01
C5700,Customer C5700,Bronze,39,2025-01-01
C6559,Customer C6559,Bronze,61,2025-01-01
C3513,Customer C3513,Bronze,35,2025-01-01
C2951,Customer C2951,Bronze,51,2025-01-01
C8799,Customer C8799,Silver,40,2025-01-01
C1595,Customer C1595,Silver,18,2025-01-01
C5439,Customer C5439,Bronze,72,2025-01-01
C1858,Customer C1858,Bronze,27,2025-01-01
C6519,Customer C6519,Gold,70,2025-01-01
C5317,Customer C5317,Silver,18,2025-01-01
C7952,Customer C7952,Bronze,55,2025-01-01
C5055,Customer C5055,Silver,56,2025-01-01
C2672,Customer C2672,Bronze,66,2025-01-01
C5532,Customer C5532,Bronze,26,2025-01-01
C5924,Customer C5924,Bronze,48,2025-01-01
C5864,Customer C5864,Bronze,24,2025-01-01
C2221,Customer C2221,Bronze,34,2025-01-01
C3860,Customer C3860,Gold,52,2025-01-01
C4782,Customer C4782,Silver,65,2025-01-01
C1766,Customer C1766,Bronze,54,2025-01-01
C8482,Customer C8482,Bronze,69,2025-01-01
C8964,Customer C8964,Bronze,35,2025-01-01
C4513,Customer C4513,Silver,50,2025-01-01
C6822,Customer C6822,Silver,21,2025-01-01
C3072,Customer C3072,Bronze,40,2025-01-01
C4949,Customer C4949,Bronze,28,2025-01-01
C6993,Customer C6993,Bronze,26,2025-01-01
C3907,Customer C3907,Bronze,47,2025-01-01
C4870,Customer C4870,Silver,25,2025-01-01
C1938,Customer C1938,Bronze,57,2025-01-01
C3510,Customer C3510,Bronze,22,2025-01-01
C2649,Customer C2649,Bronze,29,2025-01-01
C9405,Customer C9405,Bronze,18,2025-01-01
C1058,Customer C1058,Silver,32,2025-01-01
C9314,Customer C9314,Gold,42,2025-01-01
C1561,Customer C1561,Silver,35,2025-01-01
C2737,Customer C2737,Silver,55,2025-01-01
C8095,Customer C8095,Bronze,59,2025-01-01
C4771,Customer C4771,Bronze,43,2025-01-01
C9563,Customer C9563,Bronze,57,2025-01-01
C7123,Customer C7123,Silver,20,2025-01-01
C5466,Customer C5466,Silver,71,2025-01-01
C6538,Customer C6538,Bronze,39,2025-01-01
C8111,Customer C8111,Bronze,43,2025-01-01
C2541,Customer C2541,Bronze,61,2025-01-01
C9598,Customer C9598,Silver,61,2025-01-01
C3269,Customer C3269,Bronze,64,2025-01-01
C6072,Customer C6072,Gold,56,2025-01-01
C9420,Customer C9420,Bronze,53,2025-01-01
C2313,Customer C2313,Bronze,38,2025-01-01
C8847,Customer C8847,Bronze,58,2025-01-01
C4285,Customer C4285,Bronze,71,2025-01-01
C4095,Customer C4095,Silver,65,2025-01-01
C8637,Customer C8637,Bronze,43,2025-01-01
C4803,Customer C4803,Bronze,30,2025-01-01
C9809,Customer C9809,Bronze,53,2025-01-01
C3165,Customer C3165,Silver,41,2025-01-01
C7452,Customer C7452,Silver,58,2025-01-01
C9067,Customer C9067,Bronze,43,2025-01-01
C8642,Customer C8642,Silver,38,2025-01-01
C5381,Customer C5381,Silver,35,2025-01-01
C5782,Customer C5782,Silver,32,2025-01-01
C8460,Customer C8460,Bronze,32,2025-01-01
C4078,Customer C4078,Silver,23,2025-01-01
C8259,Customer C8259,Bronze,60,2025-01-01
C3523,Customer C3523,Bronze,48,2025-01-01
C5581,Customer C5581,Bronze,45,2025-01-01
C6609,Customer C6609,Bronze,25,2025-01-01
C3001,Customer C3001,Bronze,46,2025-01-01
C7552,Customer C7552,Gold,38,2025-01-01
C2220,Customer C2220,Bronze,34,2025-01-01
C9074,Customer C9074,Bronze,73,2025-01-01
C1834,Customer C1834,Bronze,74,2025-01-01
C7598,Customer C7598,Bronze,66,2025-01-01
C3413,Customer C3413,Bronze,41,2025-01-01
C5498,Customer C5498,Bronze,67,2025-01-01
C1209,Customer C1209,Bronze,53,2025-01-01
C1233,Customer C1233,Bronze,48,2025-01-01
C4110,Customer C4110,Bronze,51,2025-01-01
C3166,Customer C3166,Silver,19,2025-01-01
C9526,Customer C9526,Silver,59,2025-01-01
C6193,Customer C6193,Silver,20,2025-01-01
C5419,Customer C5419,Bronze,47,2025-01-01
C1212,Customer C1212,Bronze,25,2025-01-01
C2658,Customer C2658,Gold,69,2025-01-01
C6024,Customer C6024,Bronze,24,2025-01-01
C2794,Customer C2794,Bronze,29,2025-01-01
C9296,Customer C9296,Bronze,36,2025-01-01
C6551,Customer C6551,Bronze,43,2025-01-01
C4293,Customer C4293,Bronze,45,2025-01-01
C4329,Customer C4329,Silver,32,2025-01-01
C5808,Customer C5808,Bronze,31,2025-01-01
C8937,Customer C8937,Gold,65,2025-01-01
C1711,Customer C1711,Bronze,31,2025-01-01
C2888,Customer C2888,Bronze,20,2025-01-01
C8173,Customer C8173,Gold,67,2025-01-01
C6246,Customer C6246,Bronze,71,2025-01-01
C8271,Customer C8271,Bronze,23,2025-01-01
C1748,Customer C1748,Silver,66,2025-01-01
C7400,Customer C7400,Bronze,40,2025-01-01
C9701,Customer C9701,Bronze,45,2025-01-01
C2777,Customer C2777,Silver,31,2025-01-01
C2222,Customer C2222,Bronze,31,2025-01-01
C9893,Customer C9893,Bronze,37,2025-01-01
C9343,Customer C9343,Bronze,30,2025-01-01
C9998,Customer C9998,Bronze,44,2025-01-01
C5656,Customer C5656,Silver,52,2025-01-01
C2242,Customer C2242,Bronze,62,2025-01-01
C9539,Customer C9539,Silver,73,2025-01-01
C2831,Customer C2831,Bronze,19,2025-01-01
C2569,Customer C2569,Bronze,58,2025-01-01
C2918,Customer C2918,Bronze,62,2025-01-01
C4232,Customer C4232,Silver,57,2025-01-01
C2824,Customer C2824,Gold,65,2025-01-01
C5060,Customer C5060,Bronze,41,2025-01-01
C6324,Customer C6324,Bronze,46,2025-01-01
C2721,Customer C2721,Bronze,20,2025-01-01
C5210,Customer C5210,Silver,62,2025-01-01
C1368,Customer C1368,Bronze,21,2025-01-01
C9424,Customer C9424,Silver,67,2025-01-01
C2469,Customer C2469,Bronze,19,2025-01-01
C5725,Customer C5725,Bronze,37,2025-01-01
C4431,Customer C4431,Bronze,71,2025-01-01
C8420,Customer C8420,Bronze,70,2025-01-01
C1779,Customer C1779,Silver,32,2025-01-01
C3902,Customer C3902,Silver,66,2025-01-01
C6212,Customer C6212,Bronze,49,2025-01-01
C9587,Customer C9587,Bronze,59,2025-01-01
C8174,Customer C8174,Bronze,18,2025-01-01
C6114,Customer C6114,Silver,55,2025-01-01
C5335,Customer C5335,Bronze,52,2025-01-01
C6494,Customer C6494,Bronze,68,2025-01-01
C9817,Customer C9817,Bronze,24,2025-01-01
C4994,Customer C4994,Bronze,62,2025-01-01
C9414,Customer C9414,Bronze,30,2025-01-01
C1743,Customer C1743,Bronze,66,2025-01-01
C1462,Customer C1462,Bronze,18,2025-01-01
C2568,Customer C2568,Silver,31,2025-01-01
C2736,Customer C2736,Bronze,46,2025-01-01
C8903,Customer C8903,Bronze,20,2025-01-01
C4370,Customer C4370,Bronze,41,2025-01-01
C9290,Customer C9290,Silver,18,2025-01-01
C4650,Customer C4650,Bronze,65,2025-01-01
C4620,Customer C4620,Bronze,27,2025-01-01
C4190,Customer C4190,Bronze,30,2025-01-01
C3650,Customer C3650,Bronze,53,2025-01-01
C1809,Customer C1809,Silver,26,2025-01-01
C9047,Customer C9047,Bronze,31,2025-01-01
C6501,Customer C6501,Bronze,53,2025-01-01
C4548,Customer C4548,Bronze,27,2025-01-01
C6264,Customer C6264,Bronze,57,2025-01-01
C3423,Customer C3423,Bronze,40,2025-01-01
C9071,Customer C9071,Bronze,52,2025-01-01
C3908,Customer C3908,Bronze,72,2025-01-01
C7755,Customer C7755,Silver,24,2025-01-01
C4515,Customer C4515,Silver,52,2025-01-01
C4403,Customer C4403,Silver,19,2025-01-01
C6008,Customer C6008,Bronze,32,2025-01-01
C9593,Customer C9593,Silver,26,2025-01-01
C5613,Customer C5613,Silver,64,2025-01-01
C9183,Customer C9183,Bronze,34,2025-01-01
C9401,Customer C9401,Gold,56,2025-01-01
C4928,Customer C4928,Bronze,69,2025-01-01
C7558,Customer C7558,Bronze,35,2025-01-01
C1393,Customer C1393,Silver,32,2025-01-01
C7839,Customer C7839,Bronze,35,2025-01-01
C1132,Customer C1132,Bronze,41,2025-01-01
C4770,Customer C4770,Bronze,40,2025-01-01
C3268,Customer C3268,Silver,29,2025-01-01
C8213,Customer C8213,Silver,40,2025-01-01
C2963,Customer C2963,Gold,43,2025-01-01
C1889,Customer C1889,Bronze,25,2025-01-01
C4061,Customer C4061,Bronze,47,2025-01-01
C7461,Customer C7461,Silver,51,2025-01-01
C7967,Customer C7967,Silver,19,2025-01-01
C9101,Customer C9101,Bronze,22,2025-01-01
C8379,Customer C8379,Bronze,48,2025-01-01
C3362,Customer C3362,Silver,50,2025-01-01
C2726,Customer C2726,Gold,71,2025-01-01
C8013,Customer C8013,Silver,21,2025-01-01
C1837,Customer C1837,Bronze,23,2025-01-01
C1356,Customer C1356,Silver,62,2025-01-01
C5418,Customer C5418,Bronze,36,2025-01-01
C5879,Customer C5879,Silver,60,2025-01-01
C1292,Customer C1292,Gold,25,2025-01-01
C3374,Customer C3374,Silver,56,2025-01-01
C3272,Customer C3272,Silver,30,2025-01-01
C4400,Customer C4400,Silver,18,2025-01-01
C5542,Customer C5542,Bronze,23,2025-01-01
C4523,Customer C4523,Silver,24,2025-01-01
C3488,Customer C3488,Silver,65,2025-01-01
C2558,Customer C2558,Gold,44,2025-01-01
C2103,Customer C2103,Bronze,32,2025-01-01
C8520,Customer C8520,Bronze,69,2025-01-01
C3956,Customer C3956,Bronze,51,2025-01-01
C7017,Customer C7017,Silver,74,2025-01-01
C9897,Customer C9897,Silver,40,2025-01-01
C8756,Customer C8756,Bronze,65,2025-01-01
C7948,Customer C7948,Bronze,66,2025-01-01
C4602,Customer C4602,Bronze,41,2025-01-01
C6062,Customer C6062,Bronze,32,2025-01-01
C7372,Customer C7372,Silver,52,2025-01-01
C8105,Customer C8105,Bronze,21,2025-01-01
C5050,Customer C5050,Bronze,54,2025-01-01
C4777,Customer C4777,Bronze,34,2025-01-01
C2349,Customer C2349,Silver,48,2025-01-01
C4896,Customer C4896,Bronze,55,2025-01-01
C9384,Customer C9384,Silver,27,2025-01-01
C3577,Customer C3577,Bronze,71,2025-01-01
C1091,Customer C1091,Bronze,67,2025-01-01
C9672,Customer C9672,Bronze,44,2025-01-01
C7592,Customer C7592,Silver,59,2025-01-01
C9128,Customer C9128,Bronze,23,2025-01-01
C9168,Customer C9168,Gold,73,2025-01-01
C7861,Customer C7861,Silver,23,2025-01-01
C9990,Customer C9990,Bronze,69,2025-01-01
C8065,Customer C8065,Silver,32,2025-01-01
C7800,Customer C7800,Gold,21,2025-01-01
C8320,Customer C8320,Bronze,74,2025-01-01
C2877,Customer C2877,Bronze,65,2025-01-01
C2699,Customer C2699,Silver,71,2025-01-01
C1665,Customer C1665,Bronze,73,2025-01-01
C9419,Customer C9419,Bronze,24,2025-01-01
C6263,Customer C6263,Bronze,68,2025-01-01
C5508,Customer C5508,Gold,66,2025-01-01
C2755,Customer C2755,Silver,70,2025-01-01
C1519,Customer C1519,Bronze,62,2025-01-01
C8233,Customer C8233,Gold,64,2025-01-01
C6781,Customer C6781,Bronze,43,2025-01-01
C8258,Customer C8258,Bronze,48,2025-01-01
C7554,Customer C7554,Gold,19,2025-01-01
C7605,Customer C7605,Bronze,45,2025-01-01
C3986,Customer C3986,Bronze,59,2025-01-01
C1400,Customer C1400,Bronze,30,2025-01-01
C3855,Customer C3855,Silver,35,2025-01-01
C4412,Customer C4412,Bronze,47,2025-01-01
C1056,Customer C1056,Bronze,72,2025-01-01
C5833,Customer C5833,Silver,28,2025-01-01
C7597,Customer C7597,Bronze,30,2025-01-01
C3934,Customer C3934,Silver,68,2025-01-01
C9940,Customer C9940,Silver,41,2025-01-01
C5416,Customer C5416,Bronze,74,2025-01-01
C4671,Customer C4671,Bronze,46,2025-01-01
C8292,Customer C8292,Bronze,73,2025-01-01
C8001,Customer C8001,Silver,71,2025-01-01
C3098,Customer C3098,Silver,22,2025-01-01
C9444,Customer C9444,Bronze,52,2025-01-01
C6061,Customer C6061,Bronze,36,2025-01-01
C4264,Customer C4264,Bronze,72,2025-01-01
C9493,Customer C9493,Bronze,30,2025-01-01
C1550,Customer C1550,Bronze,22,2025-01-01
C6411,Customer C6411,Silver,61,2025-01-01
C6920,Customer C6920,Bronze,31,2025-01-01
C5409,Customer C5409,Silver,55,2025-01-01
C1712,Customer C1712,Bronze,39,2025-01-01
C6406,Customer C6406,Bronze,26,2025-01-01
C8990,Customer C8990,Bronze,66,2025-01-01
C7843,Customer C7843,Silver,57,2025-01-01
C4301,Customer C4301,Bronze,43,2025-01-01
C6257,Customer C6257,Bronze,62,2025-01-01
C7214,Customer C7214,Bronze,22,2025-01-01
C6006,Customer C6006,Silver,46,2025-01-01
C9791,Customer C9791,Bronze,71,2025-01-01
C3514,Customer C3514,Silver,66,2025-01-01
C4284,Customer C4284,Silver,20,2025-01-01
C1789,Customer C1789,Silver,55,2025-01-01
C4475,Customer C4475,Bronze,31,2025-01-01
C2309,Customer C2309,Silver,64,2025-01-01
C6389,Customer C6389,Silver,31,2025-01-01
C9215,Customer C9215,Bronze,60,2025-01-01
C4003,Customer C4003,Silver,28,2025-01-01
C2834,Customer C2834,Bronze,26,2025-01-01
C8332,Customer C8332,Bronze,55,2025-01-01
C7131,Customer C7131,Silver,64,2025-01-01
C5480,Customer C5480,Gold,61,2025-01-01
C9934,Customer C9934,Bronze,23,2025-01-01
C3138,Customer C3138,Bronze,18,2025-01-01
C1109,Customer C1109,Bronze,42,2025-01-01
C4632,Customer C4632,Gold,33,2025-01-01
C7728,Customer C7728,Silver,69,2025-01-01
C6684,Customer C6684,Silver,32,2025-01-01
C7499,Customer C7499,Bronze,51,2025-01-01
C2915,Customer C2915,Silver,34,2025-01-01
C1104,Customer C1104,Silver,20,2025-01-01
C1873,Customer C1873,Silver,20,2025-01-01
C4238,Customer C4238,Bronze,54,2025-01-01
C7596,Customer C7596,Bronze,34,2025-01-01
C1783,Customer C1783,Bronze,72,2025-01-01
C1486,Customer C1486,Silver,66,2025-01-01
C4196,Customer C4196,Bronze,69,2025-01-01
C3691,Customer C3691,Silver,55,2025-01-01
C9023,Customer C9023,Bronze,18,2025-01-01
C7849,Customer C7849,Silver,24,2025-01-01
C4247,Customer C4247,Bronze,43,2025-01-01
C3592,Customer C3592,Bronze,64,2025-01-01
C2224,Customer C2224,Bronze,56,2025-01-01
C4064,Customer C4064,Bronze,36,2025-01-01
C1440,Customer C1440,Bronze,69,2025-01-01
C3367,Customer C3367,Silver,71,2025-01-01
C5663,Customer C5663,Bronze,47,2025-01-01
C4034,Customer C4034,Bronze,60,2025-01-01
C3107,Customer C3107,Bronze,72,2025-01-01
C5320,Customer C5320,Bronze,31,2025-01-01
C6938,Customer C6938,Bronze,30,2025-01-01
C4133,Customer C4133,Bronze,37,2025-01-01
C3211,Customer C3211,Bronze,43,2025-01-01
C8764,Customer C8764,Bronze,44,2025-01-01
C4541,Customer C4541,Silver,42,2025-01-01
C5521,Customer C5521,Bronze,26,2025-01-01
C6641,Customer C6641,Bronze,58,2025-01-01
C2702,Customer C2702,Bronze,65,2025-01-01
C7912,Customer C7912,Silver,29,2025-01-01
C4878,Customer C4878,Silver,27,2025-01-01
C9736,Customer C9736,Silver,23,2025-01-01
C3401,Customer C3401,Bronze,67,2025-01-01
C9974,Customer C9974,Silver,51,2025-01-01
C9077,Customer C9077,Bronze,69,2025-01-01
C6087,Customer C6087,Bronze,58,2025-01-01
C7942,Customer C7942,Silver,36,2025-01-01
C2616,Customer C2616,Bronze,23,2025-01-01
C7458,Customer C7458,Gold,19,2025-01-01
C3756,Customer C3756,Bronze,32,2025-01-01
C7853,Customer C7853,Gold,34,2025-01-01
C8709,Customer C8709,Silver,33,2025-01-01
C4091,Customer C4091,Bronze,45,2025-01-01
C6173,Customer C6173,Bronze,38,2025-01-01
C1801,Customer C1801,Bronze,25,2025-01-01
C4349,Customer C4349,Gold,27,2025-01-01
C9005,Customer C9005,Bronze,27,2025-01-01
C1349,Customer C1349,Silver,67,2025-01-01
C4377,Customer C4377,Gold,27,2025-01-01
C7196,Customer C7196,Bronze,26,2025-01-01
C4347,Customer C4347,Bronze,45,2025-01-01
C1788,Customer C1788,Silver,41,2025-01-01
C3889,Customer C3889,Bronze,36,2025-01-01
C6273,Customer C6273,Bronze,50,2025-01-01
C4272,Customer C4272,Bronze,21,2025-01-01
C6234,Customer C6234,Bronze,73,2025-01-01
C7902,Customer C7902,Silver,20,2025-01-01
C3492,Customer C3492,Gold,29,2025-01-01
C7745,Customer C7745,Bronze,35,2025-01-01
C5240,Customer C5240,Silver,40,2025-01-01
C6298,Customer C6298,Bronze,37,2025-01-01
C8581,Customer C8581,Bronze,70,2025-01-01
C6909,Customer C6909,Silver,51,2025-01-01
C7302,Customer C7302,Silver,59,2025-01-01
C8593,Customer C8593,Bronze,19,2025-01-01
C9163,Customer C9163,Bronze,47,2025-01-01
C3191,Customer C3191,Bronze,26,2025-01-01
C8586,Customer C8586,Bronze,44,2025-01-01
C3846,Customer C3846,Silver,59,2025-01-01
C3463,Customer C3463,Silver,51,2025-01-01
C5392,Customer C5392,Bronze,57,2025-01-01
C3997,Customer C3997,Gold,41,2025-01-01
C2155,Customer C2155,Silver,34,2025-01-01
C5477,Customer C5477,Bronze,46,2025-01-01
C3185,Customer C3185,Bronze,53,2025-01-01
C3317,Customer C3317,Bronze,67,2025-01-01
C4621,Customer C4621,Bronze,29,2025-01-01
C9641,Customer C9641,Silver,48,2025-01-01
C6404,Customer C6404,Silver,66,2025-01-01
C3465,Customer C3465,Bronze,26,2025-01-01
C3759,Customer C3759,Silver,36,2025-01-01
C5323,Customer C5323,Bronze,63,2025-01-01
C6773,Customer C6773,Silver,63,2025-01-01
C2885,Customer C2885,Bronze,34,2025-01-01
C8844,Customer C8844,Bronze,19,2025-01-01
C3338,Customer C3338,Bronze,57,2025-01-01
C5810,Customer C5810,Bronze,22,2025-01-01
C7791,Customer C7791,Silver,56,2025-01-01
C8171,Customer C8171,Bronze,71,2025-01-01
C1093,Customer C1093,Bronze,65,2025-01-01
C5947,Customer C5947,Bronze,33,2025-01-01
C7651,Customer C7651,Silver,34,2025-01-01
C1076,Customer C1076,Silver,71,2025-01-01
C9297,Customer C9297,Bronze,44,2025-01-01
C3873,Customer C3873,Bronze,24,2025-01-01
C4148,Customer C4148,Silver,69,2025-01-01
C3625,Customer C3625,Bronze,25,2025-01-01
C6487,Customer C6487,Bronze,25,2025-01-01
C8251,Customer C8251,Bronze,40,2025-01-01
C8310,Customer C8310,Bronze,49,2025-01-01
C3399,Customer C3399,Bronze,60,2025-01-01
C5640,Customer C5640,Silver,64,2025-01-01
C3960,Customer C3960,Bronze,35,2025-01-01
C9847,Customer C9847,Silver,55,2025-01-01
C8923,Customer C8923,Bronze,71,2025-01-01
C8631,Customer C8631,Silver,29,2025-01-01
C3110,Customer C3110,Bronze,32,2025-01-01
C1957,Customer C1957,Bronze,45,2025-01-01
C8146,Customer C8146,Bronze,72,2025-01-01
C8413,Customer C8413,Bronze,55,2025-01-01
C2821,Customer C2821,Bronze,67,2025-01-01
C6646,Customer C6646,Silver,73,2025-01-01
C3651,Customer C3651,Bronze,48,2025-01-01
C5701,Customer C5701,Gold,69,2025-01-01
C3877,Customer C3877,Gold,26,2025-01-01
C6582,Customer C6582,Bronze,25,2025-01-01
C5083,Customer C5083,Gold,63,2025-01-01
C1745,Customer C1745,Bronze,36,2025-01-01
C9749,Customer C9749,Bronze,68,2025-01-01
C1939,Customer C1939,Bronze,51,2025-01-01
C2610,Customer C2610,Bronze,74,2025-01-01
C7300,Customer C7300,Gold,21,2025-01-01
C8187,Customer C8187,Bronze,48,2025-01-01
C1032,Customer C1032,Bronze,55,2025-01-01
C6985,Customer C6985,Silver,20,2025-01-01
C2156,Customer C2156,Bronze,52,2025-01-01
C4126,Customer C4126,Bronze,36,2025-01-01
C2543,Customer C2543,Silver,60,2025-01-01
C6902,Customer C6902,Bronze,46,2025-01-01
C3709,Customer C3709,Bronze,27,2025-01-01
C6221,Customer C6221,Bronze,29,2025-01-01
C9201,Customer C9201,Bronze,63,2025-01-01
C1730,Customer C1730,Gold,47,2025-01-01
C5890,Customer C5890,Silver,47,2025-01-01
C2506,Customer C2506,Bronze,35,2025-01-01
C3916,Customer C3916,Bronze,41,2025-01-01
C8219,Customer C8219,Gold,26,2025-01-01
C6328,Customer C6328,Bronze,64,2025-01-01
C8872,Customer C8872,Bronze,41,2025-01-01
C1652,Customer C1652,Silver,43,2025-01-01
C6799,Customer C6799,Gold,20,2025-01-01
C9812,Customer C9812,Bronze,40,2025-01-01
C4790,Customer C4790,Bronze,28,2025-01-01
C5759,Customer C5759,Bronze,27,2025-01-01
C4688,Customer C4688,Bronze,67,2025-01-01
C8689,Customer C8689,Silver,53,2025-01-01
C2379,Customer C2379,Silver,30,2025-01-01
C7507,Customer C7507,Silver,46,2025-01-01
C7127,Customer C7127,Bronze,70,2025-01-01
C9459,Customer C9459,Bronze,30,2025-01-01
C6912,Customer C6912,Bronze,74,2025-01-01
C6130,Customer C6130,Silver,43,2025-01-01
C2232,Customer C2232,Bronze,37,2025-01-01
C9480,Customer C9480,Bronze,22,2025-01-01
C9205,Customer C9205,Bronze,37,2025-01-01
C1256,Customer C1256,Bronze,31,2025-01-01
C2423,Customer C2423,Bronze,62,2025-01-01
C5953,Customer C5953,Silver,31,2025-01-01
C2195,Customer C2195,Bronze,25,2025-01-01
C5365,Customer C5365,Silver,65,2025-01-01
C2244,Customer C2244,Bronze,30,2025-01-01
C6302,Customer C6302,Bronze,41,2025-01-01
C1496,Customer C1496,Gold,32,2025-01-01
C4399,Customer C4399,Bronze,68,2025-01-01
C1909,Customer C1909,Silver,18,2025-01-01
C1372,Customer C1372,Bronze,39,2025-01-01
C2344,Customer C2344,Bronze,51,2025-01-01
C9515,Customer C9515,Silver,67,2025-01-01
C3784,Customer C3784,Silver,68,2025-01-01
C5814,Customer C5814,Silver,57,2025-01-01
C2426,Customer C2426,Bronze,20,2025-01-01
C9855,Customer C9855,Bronze,72,2025-01-01
C1010,Customer C1010,Silver,31,2025-01-01
C7330,Customer C7330,Bronze,58,2025-01-01
C3825,Customer C3825,Bronze,25,2025-01-01
C8464,Customer C8464,Silver,66,2025-01-01
C8195,Customer C8195,Bronze,72,2025-01-01
C4088,Customer C4088,Bronze,72,2025-01-01
C8377,Customer C8377,Silver,73,2025-01-01
C8598,Customer C8598,Bronze,33,2025-01-01
C5838,Customer C5838,Bronze,59,2025-01-01
C6872,Customer C6872,Silver,38,2025-01-01
C4653,Customer C4653,Bronze,27,2025-01-01
C5299,Customer C5299,Silver,74,2025-01-01
C1973,Customer C1973,Bronze,42,2025-01-01
C5348,Customer C5348,Bronze,73,2025-01-01
C6873,Customer C6873,Bronze,55,2025-01-01
C5394,Customer C5394,Gold,39,2025-01-01
C6844,Customer C6844,Bronze,66,2025-01-01
C1108,Customer C1108,Bronze,65,2025-01-01
C5053,Customer C5053,Bronze,71,2025-01-01
C5537,Customer C5537,Bronze,63,2025-01-01
C2245,Customer C2245,Bronze,21,2025-01-01
C8741,Customer C8741,Bronze,21,2025-01-01
C3922,Customer C3922,Bronze,47,2025-01-01
C3801,Customer C3801,Silver,19,2025-01-01
C9221,Customer C9221,Silver,46,2025-01-01
C6958,Customer C6958,Bronze,60,2025-01-01
C8436,Customer C8436,Bronze,53,2025-01-01
C5793,Customer C5793,Silver,38,2025-01-01
C1179,Customer C1179,Silver,38,2025-01-01
C4873,Customer C4873,Bronze,65,2025-01-01
C4960,Customer C4960,Gold,38,2025-01-01
C6202,Customer C6202,Bronze,21,2025-01-01
C6344,Customer C6344,Bronze,18,2025-01-01
C5830,Customer C5830,Bronze,43,2025-01-01
C7802,Customer C7802,Gold,73,2025-01-01
C9298,Customer C9298,Bronze,68,2025-01-01
C1243,Customer C1243,Silver,19,2025-01-01
C8012,Customer C8012,Bronze,26,2025-01-01
C6329,Customer C6329,Bronze,72,2025-01-01
C1603,Customer C1603,Bronze,74,2025-01-01
C6756,Customer C6756,Silver,62,2025-01-01
C3015,Customer C3015,Bronze,35,2025-01-01
C6829,Customer C6829,Bronze,65,2025-01-01
C2613,Customer C2613,Bronze,65,2025-01-01
C6372,Customer C6372,Silver,74,2025-01-01
C9978,Customer C9978,Bronze,59,2025-01-01
C6692,Customer C6692,Bronze,58,2025-01-01
C5803,Customer C5803,Bronze,28,2025-01-01
C3377,Customer C3377,Gold,42,2025-01-01
C4182,Customer C4182,Silver,43,2025-01-01
C4160,Customer C4160,Silver,53,2025-01-01
C3586,Customer C3586,Gold,55,2025-01-01
C3648,Customer C3648,Bronze,20,2025-01-01
C8313,Customer C8313,Bronze,58,2025-01-01
C8407,Customer C8407,Bronze,52,2025-01-01
C4574,Customer C4574,Gold,67,2025-01-01
C6769,Customer C6769,Bronze,39,2025-01-01
C6733,Customer C6733,Silver,25,2025-01-01
C6318,Customer C6318,Bronze,32,2025-01-01
C5382,Customer C5382,Bronze,62,2025-01-01
C2785,Customer C2785,Gold,24,2025-01-01
C1295,Customer C1295,Gold,36,2025-01-01
C4118,Customer C4118,Silver,57,2025-01-01
C1906,Customer C1906,Silver,59,2025-01-01
C4413,Customer C4413,Bronze,34,2025-01-01
C9027,Customer C9027,Gold,18,2025-01-01
C3829,Customer C3829,Bronze,62,2025-01-01
C2741,Customer C2741,Silver,46,2025-01-01
C6830,Customer C6830,Gold,30,2025-01-01
C8523,Customer C8523,Silver,73,2025-01-01
C1625,Customer C1625,Silver,65,2025-01-01
C5302,Customer C5302,Silver,59,2025-01-01
C5490,Customer C5490,Bronze,23,2025-01-01
C2597,Customer C2597,Bronze,22,2025-01-01
C9431,Customer C9431,Bronze,51,2025-01-01
C9330,Customer C9330,Bronze,28,2025-01-01
C9759,Customer C9759,Silver,26,2025-01-01
C3335,Customer C3335,Gold,55,2025-01-01
C1713,Customer C1713,Bronze,57,2025-01-01
C7203,Customer C7203,Bronze,26,2025-01-01
C9768,Customer C9768,Gold,25,2025-01-01
C1037,Customer C1037,Bronze,61,2025-01-01
C2832,Customer C2832,Silver,57,2025-01-01
C8600,Customer C8600,Gold,20,2025-01-01
C1432,Customer C1432,Bronze,30,2025-01-01
C7889,Customer C7889,Gold,36,2025-01-01
C6121,Customer C6121,Gold,51,2025-01-01
C2975,Customer C2975,Gold,49,2025-01-01
C5515,Customer C5515,Bronze,66,2025-01-01
C6563,Customer C6563,Bronze,33,2025-01-01
C3963,Customer C3963,Silver,53,2025-01-01
C7786,Customer C7786,Bronze,35,2025-01-01
C1976,Customer C1976,Silver,31,2025-01-01
C1045,Customer C1045,Bronze,47,2025-01-01
C2193,Customer C2193,Bronze,19,2025-01-01
C7282,Customer C7282,Bronze,30,2025-01-01
C9983,Customer C9983,Bronze,70,2025-01-01
C1636,Customer C1636,Bronze,69,2025-01-01
C7032,Customer C7032,Silver,48,2025-01-01
C8773,Customer C8773,Silver,32,2025-01-01
C3108,Customer C3108,Bronze,74,2025-01-01
C4614,Customer C4614,Bronze,37,2025-01-01
C6279,Customer C6279,Bronze,22,2025-01-01
C5568,Customer C5568,Bronze,24,2025-01-01
C8838,Customer C8838,Bronze,35,2025-01-01
C2845,Customer C2845,Bronze,73,2025-01-01
C5112,Customer C5112,Bronze,28,2025-01-01
C2509,Customer C2509,Silver,49,2025-01-01
C8573,Customer C8573,Bronze,67,2025-01-01
C2578,Customer C2578,Gold,44,2025-01-01
C1879,Customer C1879,Bronze,43,2025-01-01
C2359,Customer C2359,Gold,54,2025-01-01
C5217,Customer C5217,Bronze,62,2025-01-01
C1080,Customer C1080,Bronze,45,2025-01-01
C3732,Customer C3732,Bronze,67,2025-01-01
C3422,Customer C3422,Bronze,19,2025-01-01
C4499,Customer C4499,Bronze,37,2025-01-01
C9650,Customer C9650,Bronze,21,2025-01-01
C2025,Customer C2025,Silver,30,2025-01-01
C8785,Customer C8785,Bronze,41,2025-01-01
C3685,Customer C3685,Silver,65,2025-01-01
C8372,Customer C8372,Bronze,55,2025-01-01
C3022,Customer C3022,Gold,57,2025-01-01
C7338,Customer C7338,Bronze,65,2025-01-01
C2298,Customer C2298,Bronze,62,2025-01-01
C5102,Customer C5102,Bronze,72,2025-01-01
C4026,Customer C4026,Bronze,46,2025-01-01
C3620,Customer C3620,Bronze,53,2025-01-01
C5865,Customer C5865,Bronze,19,2025-01-01
C1765,Customer C1765,Gold,35,2025-01-01
C5092,Customer C5092,Bronze,66,2025-01-01
C3666,Customer C3666,Gold,25,2025-01-01
C9655,Customer C9655,Gold,32,2025-01-01
C4888,Customer C4888,Silver,58,2025-01-01
C1840,Customer C1840,Bronze,34,2025-01-01
C6899,Customer C6899,Bronze,40,2025-01-01
C5118,Customer C5118,Bronze,19,2025-01-01
C1565,Customer C1565,Silver,23,2025-01-01
C7005,Customer C7005,Bronze,46,2025-01-01
C6890,Customer C6890,Bronze,44,2025-01-01
C3982,Customer C3982,Bronze,54,2025-01-01
C7083,Customer C7083,Bronze,66,2025-01-01
C5019,Customer C5019,Silver,51,2025-01-01
C1777,Customer C1777,Bronze,35,2025-01-01
C4139,Customer C4139,Silver,59,2025-01-01
C2046,Customer C2046,Silver,27,2025-01-01
C1500,Customer C1500,Bronze,55,2025-01-01
C5608,Customer C5608,Bronze,61,2025-01-01
C8234,Customer C8234,Silver,34,2025-01-01
C5483,Customer C5483,Bronze,30,2025-01-01
C3464,Customer C3464,Bronze,69,2025-01-01
C3588,Customer C3588,Bronze,59,2025-01-01
C7594,Customer C7594,Bronze,44,2025-01-01
C4520,Customer C4520,Bronze,70,2025-01-01
C4218,Customer C4218,Bronze,19,2025-01-01
C4757,Customer C4757,Bronze,51,2025-01-01
C3837,Customer C3837,Silver,48,2025-01-01
C7000,Customer C7000,Bronze,40,2025-01-01
C8034,Customer C8034,Silver,24,2025-01-01
C8309,Customer C8309,Bronze,55,2025-01-01
C2446,Customer C2446,Silver,50,2025-01-01
C6790,Customer C6790,Bronze,29,2025-01-01
C6080,Customer C6080,Silver,62,2025-01-01
C9663,Customer C9663,Bronze,29,2025-01-01
C5684,Customer C5684,Silver,36,2025-01-01
C5659,Customer C5659,Bronze,26,2025-01-01
C5001,Customer C5001,Bronze,27,2025-01-01
C5562,Customer C5562,Bronze,34,2025-01-01
C1598,Customer C1598,Silver,67,2025-01-01
C9661,Customer C9661,Bronze,56,2025-01-01
C2631,Customer C2631,Silver,58,2025-01-01
C1774,Customer C1774,Silver,27,2025-01-01
C7107,Customer C7107,Gold,29,2025-01-01
C4012,Customer C4012,Silver,32,2025-01-01
C7264,Customer C7264,Silver,48,2025-01-01
C1527,Customer C1527,Bronze,32,2025-01-01
C1916,Customer C1916,Silver,45,2025-01-01
C4319,Customer C4319,Bronze,21,2025-01-01
C2406,Customer C2406,Gold,53,2025-01-01
C6206,Customer C6206,Bronze,72,2025-01-01
C8249,Customer C8249,Bronze,18,2025-01-01
C2523,Customer C2523,Bronze,61,2025-01-01
C3888,Customer C3888,Silver,74,2025-01-01
C5091,Customer C5091,Gold,51,2025-01-01
C7249,Customer C7249,Bronze,64,2025-01-01
C5503,Customer C5503,Silver,34,2025-01-01
C1710,Customer C1710,Silver,56,2025-01-01
C8188,Customer C8188,Silver,55,2025-01-01
C6778,Customer C6778,Bronze,61,2025-01-01
C6013,Customer C6013,Silver,68,2025-01-01
C1415,Customer C1415,Bronze,50,2025-01-01
C5262,Customer C5262,Silver,38,2025-01-01
C3515,Customer C3515,Bronze,43,2025-01-01
C6640,Customer C6640,Bronze,63,2025-01-01
C3373,Customer C3373,Silver,53,2025-01-01
C3576,Customer C3576,Bronze,22,2025-01-01
C5184,Customer C5184,Bronze,50,2025-01-01
C9899,Customer C9899,Silver,18,2025-01-01
C3397,Customer C3397,Bronze,70,2025-01-01
C7883,Customer C7883,Bronze,23,2025-01-01
C9127,Customer C9127,Bronze,54,2025-01-01
C5099,Customer C5099,Bronze,19,2025-01-01
C3901,Customer C3901,Bronze,74,2025-01-01
C4082,Customer C4082,Bronze,70,2025-01-01
C3389,Customer C3389,Gold,22,2025-01-01
C3239,Customer C3239,Bronze,58,2025-01-01
C4773,Customer C4773,Bronze,68,2025-01-01
C7618,Customer C7618,Silver,64,2025-01-01
C9015,Customer C9015,Silver,30,2025-01-01
C4130,Customer C4130,Bronze,29,2025-01-01
C1096,Customer C1096,Bronze,22,2025-01-01
C4858,Customer C4858,Bronze,19,2025-01-01
C6397,Customer C6397,Silver,21,2025-01-01
C1456,Customer C1456,Bronze,44,2025-01-01
C6914,Customer C6914,Bronze,67,2025-01-01
C2937,Customer C2937,Bronze,70,2025-01-01
C2146,Customer C2146,Silver,27,2025-01-01
C6152,Customer C6152,Silver,30,2025-01-01
C8953,Customer C8953,Gold,61,2025-01-01
C5775,Customer C5775,Bronze,19,2025-01-01
C4409,Customer C4409,Bronze,43,2025-01-01
C8028,Customer C8028,Bronze,32,2025-01-01
C6664,Customer C6664,Silver,63,2025-01-01
C1952,Customer C1952,Gold,74,2025-01-01
C6967,Customer C6967,Bronze,27,2025-01-01
C8205,Customer C8205,Bronze,39,2025-01-01
C3484,Customer C3484,Bronze,57,2025-01-01
C4231,Customer C4231,Bronze,42,2025-01-01
C7684,Customer C7684,Bronze,32,2025-01-01
C1656,Customer C1656,Bronze,30,2025-01-01
C7312,Customer C7312,Bronze,25,2025-01-01
C7176,Customer C7176,Bronze,38,2025-01-01
C4563,Customer C4563,Silver,38,2025-01-01
C5817,Customer C5817,Bronze,39,2025-01-01
C7182,Customer C7182,Bronze,63,2025-01-01
C4244,Customer C4244,Bronze,50,2025-01-01
C3114,Customer C3114,Silver,44,2025-01-01
C8364,Customer C8364,Bronze,57,2025-01-01
C4094,Customer C4094,Bronze,67,2025-01-01
C6729,Customer C6729,Bronze,39,2025-01-01
C1694,Customer C1694,Silver,47,2025-01-01
C8807,Customer C8807,Silver,26,2025-01-01
C2971,Customer C2971,Silver,62,2025-01-01
C2671,Customer C2671,Bronze,52,2025-01-01
C2728,Customer C2728,Gold,35,2025-01-01
C8632,Customer C8632,Gold,59,2025-01-01
C7403,Customer C7403,Silver,22,2025-01-01
C7092,Customer C7092,Bronze,44,2025-01-01
C3142,Customer C3142,Bronze,74,2025-01-01
C1253,Customer C1253,Bronze,23,2025-01-01
C4542,Customer C4542,Bronze,49,2025-01-01
C9457,Customer C9457,Bronze,25,2025-01-01
C2004,Customer C2004,Silver,73,2025-01-01
C5717,Customer C5717,Silver,56,2025-01-01
C4593,Customer C4593,Gold,38,2025-01-01
C9606,Customer C9606,Bronze,35,2025-01-01
C2284,Customer C2284,Bronze,31,2025-01-01
C4202,Customer C4202,Silver,32,2025-01-01
C3210,Customer C3210,Bronze,59,2025-01-01
C1849,Customer C1849,Bronze,43,2025-01-01
C2472,Customer C2472,Gold,70,2025-01-01
C7435,Customer C7435,Silver,61,2025-01-01
C5238,Customer C5238,Silver,56,2025-01-01
C7112,Customer C7112,Silver,45,2025-01-01
C5722,Customer C5722,Silver,56,2025-01-01
C3532,Customer C3532,Silver,60,2025-01-01
C8770,Customer C8770,Bronze,49,2025-01-01
C5995,Customer C5995,Silver,30,2025-01-01
C2501,Customer C2501,Bronze,32,2025-01-01
C4080,Customer C4080,Bronze,35,2025-01-01
C9009,Customer C9009,Gold,56,2025-01-01
C1623,Customer C1623,Bronze,23,2025-01-01
C7081,Customer C7081,Silver,72,2025-01-01
C6484,Customer C6484,Silver,28,2025-01-01
C4916,Customer C4916,Silver,57,2025-01-01
C2329,Customer C2329,Bronze,37,2025-01-01
C2573,Customer C2573,Bronze,50,2025-01-01
C6955,Customer C6955,Bronze,57,2025-01-01
C2160,Customer C2160,Bronze,25,2025-01-01
C4540,Customer C4540,Bronze,68,2025-01-01
C5635,Customer C5635,Bronze,52,2025-01-01
C9370,Customer C9370,Silver,22,2025-01-01
C3847,Customer C3847,Gold,52,2025-01-01
C6697,Customer C6697,Silver,64,2025-01-01
C6137,Customer C6137,Silver,31,2025-01-01
C1591,Customer C1591,Bronze,38,2025-01-01
C8855,Customer C8855,Bronze,64,2025-01-01
C2292,Customer C2292,Bronze,41,2025-01-01
C2654,Customer C2654,Silver,34,2025-01-01
C3758,Customer C3758,Bronze,35,2025-01-01
C7431,Customer C7431,Silver,51,2025-01-01
C7037,Customer C7037,Bronze,29,2025-01-01
C9494,Customer C9494,Bronze,33,2025-01-01
C7973,Customer C7973,Bronze,21,2025-01-01
C9953,Customer C9953,Bronze,42,2025-01-01
C6794,Customer C6794,Bronze,51,2025-01-01
C6220,Customer C6220,Silver,63,2025-01-01
C8750,Customer C8750,Bronze,28,2025-01-01
C7818,Customer C7818,Silver,30,2025-01-01
C1684,Customer C1684,Bronze,48,2025-01-01
C5233,Customer C5233,Gold,42,2025-01-01
C1577,Customer C1577,Bronze,56,2025-01-01
C1227,Customer C1227,Silver,27,2025-01-01
C3328,Customer C3328,Bronze,41,2025-01-01
C1430,Customer C1430,Bronze,18,2025-01-01
C2420,Customer C2420,Bronze,42,2025-01-01
C5355,Customer C5355,Bronze,45,2025-01-01
C4305,Customer C4305,Bronze,53,2025-01-01
C7939,Customer C7939,Gold,35,2025-01-01
C9261,Customer C9261,Silver,23,2025-01-01
C1480,Customer C1480,Silver,19,2025-01-01
C5094,Customer C5094,Silver,20,2025-01-01
C9011,Customer C9011,Bronze,25,2025-01-01
C3372,Customer C3372,Bronze,48,2025-01-01
C2883,Customer C2883,Silver,65,2025-01-01
C6467,Customer C6467,Silver,36,2025-01-01
C1797,Customer C1797,Bronze,67,2025-01-01
C9209,Customer C9209,Bronze,23,2025-01-01
C5962,Customer C5962,Bronze,31,2025-01-01
C5080,Customer C5080,Gold,20,2025-01-01
C4424,Customer C4424,Bronze,65,2025-01-01
C8412,Customer C8412,Gold,18,2025-01-01
C3018,Customer C3018,Gold,61,2025-01-01
C3314,Customer C3314,Silver,47,2025-01-01
C5412,Customer C5412,Bronze,63,2025-01-01
C7739,Customer C7739,Bronze,36,2025-01-01
C8342,Customer C8342,Bronze,71,2025-01-01
C7884,Customer C7884,Bronze,36,2025-01-01
C6369,Customer C6369,Silver,26,2025-01-01
C4037,Customer C4037,Bronze,24,2025-01-01
C4131,Customer C4131,Bronze,63,2025-01-01
C8634,Customer C8634,Bronze,54,2025-01-01
C1427,Customer C1427,Gold,67,2025-01-01
C1799,Customer C1799,Bronze,58,2025-01-01
C8025,Customer C8025,Gold,70,2025-01-01
C8624,Customer C8624,Bronze,24,2025-01-01
C8388,Customer C8388,Bronze,26,2025-01-01
C2115,Customer C2115,Bronze,42,2025-01-01
C4573,Customer C4573,Silver,66,2025-01-01
C5925,Customer C5925,Bronze,29,2025-01-01
C6403,Customer C6403,Silver,57,2025-01-01
C2995,Customer C2995,Silver,38,2025-01-01
C4891,Customer C4891,Bronze,32,2025-01-01
C3102,Customer C3102,Gold,19,2025-01-01
C3186,Customer C3186,Silver,73,2025-01-01
C9904,Customer C9904,Gold,72,2025-01-01
C7572,Customer C7572,Bronze,58,2025-01-01
C2374,Customer C2374,Silver,57,2025-01-01
C1756,Customer C1756,Silver,21,2025-01-01
C4751,Customer C4751,Bronze,49,2025-01-01
C6261,Customer C6261,Silver,19,2025-01-01
C2494,Customer C2494,Silver,63,2025-01-01
C6740,Customer C6740,Bronze,46,2025-01-01
C1672,Customer C1672,Bronze,19,2025-01-01
C9630,Customer C9630,Silver,51,2025-01-01
C1444,Customer C1444,Bronze,44,2025-01-01
C3287,Customer C3287,Bronze,71,2025-01-01
C2463,Customer C2463,Bronze,56,2025-01-01
C5253,Customer C5253,Bronze,61,2025-01-01
C1493,Customer C1493,Gold,55,2025-01-01
C6430,Customer C6430,Bronze,35,2025-01-01
C2793,Customer C2793,Bronze,53,2025-01-01
C5190,Customer C5190,Gold,36,2025-01-01
C1477,Customer C1477,Bronze,44,2025-01-01
C2145,Customer C2145,Bronze,62,2025-01-01
C2864,Customer C2864,Silver,37,2025-01-01
C1296,Customer C1296,Bronze,38,2025-01-01
C5292,Customer C5292,Bronze,40,2025-01-01
C1994,Customer C1994,Silver,47,2025-01-01
C2417,Customer C2417,Silver,42,2025-01-01
C3316,Customer C3316,Silver,48,2025-01-01
C2287,Customer C2287,Gold,44,2025-01-01
C2118,Customer C2118,Silver,51,2025-01-01
C9744,Customer C9744,Silver,25,2025-01-01
C7922,Customer C7922,Silver,36,2025-01-01
C9104,Customer C9104,Bronze,58,2025-01-01
C8416,Customer C8416,Bronze,43,2025-01-01
C2897,Customer C2897,Silver,45,2025-01-01
C5374,Customer C5374,Bronze,48,2025-01-01
C8255,Customer C8255,Bronze,33,2025-01-01
C2264,Customer C2264,Bronze,27,2025-01-01
C4724,Customer C4724,Silver,55,2025-01-01
C6353,Customer C6353,Silver,27,2025-01-01
C7857,Customer C7857,Silver,62,2025-01-01
C5511,Customer C5511,Bronze,26,2025-01-01
C5403,Customer C5403,Bronze,56,2025-01-01
C4954,Customer C4954,Bronze,53,2025-01-01
C8238,Customer C8238,Silver,68,2025-01-01
C9664,Customer C9664,Bronze,53,2025-01-01
C1958,Customer C1958,Bronze,36,2025-01-01
C9724,Customer C9724,Silver,36,2025-01-01
C8042,Customer C8042,Bronze,29,2025-01-01
C8824,Customer C8824,Silver,42,2025-01-01
C1761,Customer C1761,Bronze,53,2025-01-01
C6824,Customer C6824,Bronze,42,2025-01-01
C1594,Customer C1594,Silver,45,2025-01-01
C2055,Customer C2055,Bronze,59,2025-01-01
C6957,Customer C6957,Bronze,70,2025-01-01
C5181,Customer C5181,Bronze,56,2025-01-01
C2830,Customer C2830,Gold,47,2025-01-01
C7071,Customer C7071,Bronze,22,2025-01-01
C8272,Customer C8272,Gold,34,2025-01-01
C4514,Customer C4514,Silver,35,2025-01-01
C7192,Customer C7192,Bronze,60,2025-01-01
C1144,Customer C1144,Silver,64,2025-01-01
C8507,Customer C8507,Bronze,38,2025-01-01
C4146,Customer C4146,Bronze,39,2025-01-01
C5414,Customer C5414,Silver,56,2025-01-01
C2110,Customer C2110,Silver,67,2025-01-01
C4937,Customer C4937,Bronze,74,2025-01-01
C6064,Customer C6064,Silver,67,2025-01-01
C4397,Customer C4397,Gold,33,2025-01-01
C9265,Customer C9265,Bronze,19,2025-01-01
C2941,Customer C2941,Gold,68,2025-01-01
C1073,Customer C1073,Bronze,74,2025-01-01
C9000,Customer C9000,Silver,60,2025-01-01
C2421,Customer C2421,Bronze,69,2025-01-01
C8512,Customer C8512,Bronze,54,2025-01-01
C7890,Customer C7890,Bronze,65,2025-01-01
C7025,Customer C7025,Silver,40,2025-01-01
C6113,Customer C6113,Bronze,18,2025-01-01
C3865,Customer C3865,Bronze,36,2025-01-01
C1065,Customer C1065,Bronze,63,2025-01-01
C9594,Customer C9594,Gold,20,2025-01-01
C7255,Customer C7255,Silver,19,2025-01-01
C8441,Customer C8441,Silver,73,2025-01-01
C8960,Customer C8960,Bronze,34,2025-01-01
C2437,Customer C2437,Bronze,45,2025-01-01
C9620,Customer C9620,Bronze,35,2025-01-01
C4378,Customer C4378,Silver,50,2025-01-01
C7347,Customer C7347,Bronze,32,2025-01-01
C9324,Customer C9324,Bronze,39,2025-01-01
C2434,Customer C2434,Bronze,58,2025-01-01
C6327,Customer C6327,Bronze,44,2025-01-01
C3354,Customer C3354,Bronze,72,2025-01-01
C8044,Customer C8044,Gold,54,2025-01-01
C5549,Customer C5549,Silver,49,2025-01-01
C7334,Customer C7334,Gold,62,2025-01-01
C3218,Customer C3218,Gold,36,2025-01-01
C8640,Customer C8640,Bronze,45,2025-01-01
C6712,Customer C6712,Bronze,45,2025-01-01
C5377,Customer C5377,Silver,73,2025-01-01
C8058,Customer C8058,Silver,27,2025-01-01
C2031,Customer C2031,Bronze,37,2025-01-01
C1562,Customer C1562,Gold,42,2025-01-01
C8862,Customer C8862,Bronze,38,2025-01-01
C2233,Customer C2233,Bronze,31,2025-01-01
C7044,Customer C7044,Silver,39,2025-01-01
C4487,Customer C4487,Bronze,70,2025-01-01
C8383,Customer C8383,Bronze,43,2025-01-01
C2188,Customer C2188,Bronze,61,2025-01-01
C1740,Customer C1740,Bronze,28,2025-01-01
C2369,Customer C2369,Silver,72,2025-01-01
C2471,Customer C2471,Silver,24,2025-01-01
C2536,Customer C2536,Silver,34,2025-01-01
C1318,Customer C1318,Silver,35,2025-01-01
C8991,Customer C8991,Bronze,24,2025-01-01
C3329,Customer C3329,Bronze,73,2025-01-01
C3770,Customer C3770,Bronze,37,2025-01-01
C1267,Customer C1267,Bronze,55,2025-01-01
C2973,Customer C2973,Bronze,28,2025-01-01
C9250,Customer C9250,Silver,61,2025-01-01
C9581,Customer C9581,Gold,33,2025-01-01
C9910,Customer C9910,Bronze,68,2025-01-01
C7908,Customer C7908,Silver,72,2025-01-01
C3303,Customer C3303,Bronze,44,2025-01-01
C5861,Customer C5861,Silver,68,2025-01-01
C9991,Customer C9991,Silver,28,2025-01-01
C7929,Customer C7929,Bronze,33,2025-01-01
C2250,Customer C2250,Bronze,40,2025-01-01
C7436,Customer C7436,Silver,57,2025-01-01
C8614,Customer C8614,Silver,20,2025-01-01
C9994,Customer C9994,Silver,19,2025-01-01
C5747,Customer C5747,Gold,55,2025-01-01
C9402,Customer C9402,Bronze,65,2025-01-01
C5681,Customer C5681,Bronze,69,2025-01-01
C3507,Customer C3507,Bronze,41,2025-01-01
C4428,Customer C4428,Bronze,46,2025-01-01
C4955,Customer C4955,Bronze,64,2025-01-01
C5038,Customer C5038,Bronze,51,2025-01-01
C2746,Customer C2746,Bronze,37,2025-01-01
C8073,Customer C8073,Gold,35,2025-01-01
C6775,Customer C6775,Bronze,31,2025-01-01
C4708,Customer C4708,Bronze,35,2025-01-01
C7398,Customer C7398,Silver,19,2025-01-01
C8252,Customer C8252,Silver,18,2025-01-01
C5187,Customer C5187,Bronze,37,2025-01-01
C8767,Customer C8767,Bronze,51,2025-01-01
C1036,Customer C1036,Silver,58,2025-01-01
C9065,Customer C9065,Bronze,58,2025-01-01
C6932,Customer C6932,Bronze,65,2025-01-01
C7333,Customer C7333,Silver,28,2025-01-01
C7485,Customer C7485,Bronze,44,2025-01-01
C7386,Customer C7386,Bronze,40,2025-01-01
C8887,Customer C8887,Bronze,55,2025-01-01
C1414,Customer C1414,Gold,61,2025-01-01
C7850,Customer C7850,Gold,20,2025-01-01
C3729,Customer C3729,Bronze,29,2025-01-01
C2878,Customer C2878,Bronze,47,2025-01-01
C7454,Customer C7454,Bronze,48,2025-01-01
C3867,Customer C3867,Bronze,40,2025-01-01
C4544,Customer C4544,Bronze,18,2025-01-01
C3980,Customer C3980,Silver,58,2025-01-01
C1039,Customer C1039,Bronze,37,2025-01-01
C8565,Customer C8565,Bronze,71,2025-01-01
C5606,Customer C5606,Bronze,23,2025-01-01
C1416,Customer C1416,Bronze,28,2025-01-01
C7702,Customer C7702,Bronze,52,2025-01-01
C4717,Customer C4717,Bronze,21,2025-01-01
C1107,Customer C1107,Silver,46,2025-01-01
C5513,Customer C5513,Silver,27,2025-01-01
C8283,Customer C8283,Bronze,68,2025-01-01
C8248,Customer C8248,Bronze,46,2025-01-01
C9372,Customer C9372,Bronze,55,2025-01-01
C2477,Customer C2477,Bronze,18,2025-01-01
C9762,Customer C9762,Silver,57,2025-01-01
C5952,Customer C5952,Bronze,25,2025-01-01
C6880,Customer C6880,Silver,74,2025-01-01
C8091,Customer C8091,Silver,55,2025-01-01
C7277,Customer C7277,Gold,34,2025-01-01
C1347,Customer C1347,Bronze,50,2025-01-01
C6032,Customer C6032,Gold,32,2025-01-01
C4038,Customer C4038,Silver,48,2025-01-01
C8864,Customer C8864,Bronze,38,2025-01-01
C3470,Customer C3470,Silver,20,2025-01-01
C2068,Customer C2068,Silver,52,2025-01-01
C5829,Customer C5829,Bronze,58,2025-01-01
C2950,Customer C2950,Silver,33,2025-01-01
C5274,Customer C5274,Bronze,73,2025-01-01
C3924,Customer C3924,Bronze,68,2025-01-01
C9471,Customer C9471,Bronze,67,2025-01-01
C2618,Customer C2618,Bronze,38,2025-01-01
C6896,Customer C6896,Bronze,29,2025-01-01
C8063,Customer C8063,Silver,45,2025-01-01
C9495,Customer C9495,Silver,29,2025-01-01
C6556,Customer C6556,Silver,50,2025-01-01
C4033,Customer C4033,Bronze,37,2025-01-01
C7157,Customer C7157,Bronze,57,2025-01-01
C9860,Customer C9860,Bronze,66,2025-01-01
C2414,Customer C2414,Gold,38,2025-01-01
C3347,Customer C3347,Silver,69,2025-01-01
C5923,Customer C5923,Bronze,71,2025-01-01
C3815,Customer C3815,Bronze,56,2025-01-01
C4279,Customer C4279,Silver,58,2025-01-01
C3984,Customer C3984,Silver,66,2025-01-01
C7351,Customer C7351,Silver,59,2025-01-01
C6044,Customer C6044,Bronze,39,2025-01-01
C6837,Customer C6837,Bronze,43,2025-01-01
C4822,Customer C4822,Bronze,24,2025-01-01
C2780,Customer C2780,Bronze,24,2025-01-01
C7319,Customer C7319,Bronze,25,2025-01-01
C8410,Customer C8410,Bronze,43,2025-01-01
C4680,Customer C4680,Bronze,41,2025-01-01
C2758,Customer C2758,Bronze,41,2025-01-01
C6813,Customer C6813,Bronze,57,2025-01-01
C4853,Customer C4853,Bronze,65,2025-01-01
C9422,Customer C9422,Bronze,29,2025-01-01
C8550,Customer C8550,Silver,64,2025-01-01
C5250,Customer C5250,Silver,25,2025-01-01
C7991,Customer C7991,Bronze,71,2025-01-01
C1114,Customer C1114,Bronze,26,2025-01-01
C2041,Customer C2041,Bronze,20,2025-01-01
C7927,Customer C7927,Silver,71,2025-01-01
C7375,Customer C7375,Bronze,38,2025-01-01
C7109,Customer C7109,Bronze,48,2025-01-01
C4065,Customer C4065,Silver,65,2025-01-01
C3036,Customer C3036,Bronze,64,2025-01-01
C1023,Customer C1023,Bronze,41,2025-01-01
C1675,Customer C1675,Bronze,21,2025-01-01
C8652,Customer C8652,Bronze,37,2025-01-01
C2485,Customer C2485,Bronze,33,2025-01-01
C4495,Customer C4495,Silver,27,2025-01-01
C5075,Customer C5075,Bronze,60,2025-01-01
C4017,Customer C4017,Silver,43,2025-01-01
C5341,Customer C5341,Bronze,46,2025-01-01
C5746,Customer C5746,Bronze,22,2025-01-01
C1068,Customer C1068,Bronze,28,2025-01-01
C6396,Customer C6396,Bronze,46,2025-01-01
C1573,Customer C1573,Bronze,62,2025-01-01
C8636,Customer C8636,Bronze,32,2025-01-01
C7676,Customer C7676,Silver,23,2025-01-01
C9166,Customer C9166,Bronze,65,2025-01-01
C7050,Customer C7050,Bronze,60,2025-01-01
C9484,Customer C9484,Bronze,37,2025-01-01
C5526,Customer C5526,Bronze,51,2025-01-01
C4869,Customer C4869,Bronze,19,2025-01-01
C8971,Customer C8971,Bronze,61,2025-01-01
C8822,Customer C8822,Bronze,33,2025-01-01
C6340,Customer C6340,Silver,36,2025-01-01
C8444,Customer C8444,Bronze,51,2025-01-01
C5329,Customer C5329,Bronze,66,2025-01-01
C9218,Customer C9218,Silver,31,2025-01-01
C1092,Customer C1092,Gold,41,2025-01-01
C9500,Customer C9500,Silver,45,2025-01-01
C1051,Customer C1051,Bronze,65,2025-01-01
C6688,Customer C6688,Silver,49,2025-01-01
C8018,Customer C8018,Bronze,54,2025-01-01
C7057,Customer C7057,Bronze,27,2025-01-01
C2278,Customer C2278,Silver,66,2025-01-01
C7125,Customer C7125,Bronze,62,2025-01-01
C8874,Customer C8874,Gold,65,2025-01-01
C4464,Customer C4464,Silver,26,2025-01-01
C8496,Customer C8496,Silver,41,2025-01-01
C7158,Customer C7158,Silver,53,2025-01-01
C1613,Customer C1613,Bronze,73,2025-01-01
C4116,Customer C4116,Bronze,46,2025-01-01
C1330,Customer C1330,Silver,46,2025-01-01
C6493,Customer C6493,Silver,65,2025-01-01
C6614,Customer C6614,Silver,40,2025-01-01
C1319,Customer C1319,Silver,44,2025-01-01
C9085,Customer C9085,Gold,48,2025-01-01
C5791,Customer C5791,Silver,60,2025-01-01
C7742,Customer C7742,Bronze,24,2025-01-01
C6703,Customer C6703,Bronze,66,2025-01-01
C3611,Customer C3611,Silver,71,2025-01-01
C1095,Customer C1095,Bronze,62,2025-01-01
C9437,Customer C9437,Bronze,21,2025-01-01
C7560,Customer C7560,Bronze,31,2025-01-01
C5077,Customer C5077,Silver,59,2025-01-01
C1110,Customer C1110,Silver,59,2025-01-01
C8391,Customer C8391,Silver,27,2025-01-01
C9289,Customer C9289,Bronze,61,2025-01-01
C6239,Customer C6239,Silver,51,2025-01-01
C7393,Customer C7393,Bronze,40,2025-01-01
C6228,Customer C6228,Bronze,26,2025-01-01
C5359,Customer C5359,Bronze,54,2025-01-01
C8254,Customer C8254,Bronze,25,2025-01-01
C9217,Customer C9217,Silver,70,2025-01-01
C1321,Customer C1321,Bronze,31,2025-01-01
C6674,Customer C6674,Gold,24,2025-01-01
C1949,Customer C1949,Bronze,24,2025-01-01
C6425,Customer C6425,Bronze,26,2025-01-01
C7945,Customer C7945,Bronze,20,2025-01-01
C3955,Customer C3955,Bronze,34,2025-01-01
C2018,Customer C2018,Bronze,67,2025-01-01
C4819,Customer C4819,Bronze,61,2025-01-01
C1979,Customer C1979,Bronze,39,2025-01-01
C3280,Customer C3280,Silver,63,2025-01-01
C2626,Customer C2626,Bronze,43,2025-01-01
C7877,Customer C7877,Bronze,45,2025-01-01
C1043,Customer C1043,Bronze,31,2025-01-01
C2760,Customer C2760,Silver,26,2025-01-01
C4275,Customer C4275,Gold,68,2025-01-01
C6040,Customer C6040,Bronze,43,2025-01-01
C5295,Customer C5295,Gold,19,2025-01-01
C4527,Customer C4527,Silver,28,2025-01-01
C2811,Customer C2811,Gold,34,2025-01-01
C8963,Customer C8963,Silver,51,2025-01-01
C9916,Customer C9916,Bronze,36,2025-01-01
C3582,Customer C3582,Silver,56,2025-01-01
C4837,Customer C4837,Bronze,35,2025-01-01
C2665,Customer C2665,Bronze,30,2025-01-01
C9651,Customer C9651,Bronze,22,2025-01-01
C7975,Customer C7975,Bronze,67,2025-01-01
C3552,Customer C3552,Bronze,40,2025-01-01
C8475,Customer C8475,Silver,73,2025-01-01
C7096,Customer C7096,Gold,41,2025-01-01
C9823,Customer C9823,Bronze,46,2025-01-01
C3456,Customer C3456,Gold,65,2025-01-01
C7805,Customer C7805,Gold,64,2025-01-01
C3952,Customer C3952,Bronze,25,2025-01-01
C7630,Customer C7630,Bronze,43,2025-01-01
C9776,Customer C9776,Silver,32,2025-01-01
C2415,Customer C2415,Silver,74,2025-01-01
C5062,Customer C5062,Silver,18,2025-01-01
C1185,Customer C1185,Silver,45,2025-01-01
C8635,Customer C8635,Bronze,66,2025-01-01
C7201,Customer C7201,Bronze,64,2025-01-01
C8623,Customer C8623,Bronze,63,2025-01-01
C4879,Customer C4879,Bronze,31,2025-01-01
C4270,Customer C4270,Silver,59,2025-01-01
C5687,Customer C5687,Silver,51,2025-01-01
C1582,Customer C1582,Bronze,48,2025-01-01
C1288,Customer C1288,Gold,23,2025-01-01
C4859,Customer C4859,Bronze,66,2025-01-01
C4060,Customer C4060,Silver,22,2025-01-01
C2183,Customer C2183,Silver,48,2025-01-01
C7679,Customer C7679,Gold,54,2025-01-01
C8894,Customer C8894,Silver,32,2025-01-01
C7341,Customer C7341,Bronze,32,2025-01-01
C2919,Customer C2919,Gold,69,2025-01-01
C1530,Customer C1530,Silver,60,2025-01-01
C2801,Customer C2801,Silver,45,2025-01-01
C6156,Customer C6156,Silver,50,2025-01-01
C6461,Customer C6461,Bronze,28,2025-01-01
C7189,Customer C7189,Bronze,60,2025-01-01
C2142,Customer C2142,Silver,23,2025-01-01
C8076,Customer C8076,Silver,40,2025-01-01
C5840,Customer C5840,Bronze,57,2025-01-01
C1762,Customer C1762,Bronze,19,2025-01-01
C5889,Customer C5889,Bronze,32,2025-01-01
C1839,Customer C1839,Silver,40,2025-01-01
C9348,Customer C9348,Silver,39,2025-01-01
C1510,Customer C1510,Bronze,26,2025-01-01
C6434,Customer C6434,Bronze,64,2025-01-01
C8820,Customer C8820,Bronze,57,2025-01-01
C5457,Customer C5457,Silver,47,2025-01-01
C2977,Customer C2977,Bronze,33,2025-01-01
C5919,Customer C5919,Bronze,63,2025-01-01
C1543,Customer C1543,Silver,69,2025-01-01
C1883,Customer C1883,Bronze,47,2025-01-01
C9040,Customer C9040,Bronze,62,2025-01-01
C2786,Customer C2786,Gold,26,2025-01-01
C6715,Customer C6715,Bronze,18,2025-01-01
C9839,Customer C9839,Bronze,55,2025-01-01
C2596,Customer C2596,Bronze,69,2025-01-01
C1479,Customer C1479,Bronze,35,2025-01-01
C4312,Customer C4312,Bronze,44,2025-01-01
C7156,Customer C7156,Silver,35,2025-01-01
C8919,Customer C8919,Bronze,49,2025-01-01
C4898,Customer C4898,Silver,66,2025-01-01
C9176,Customer C9176,Bronze,49,2025-01-01
C2669,Customer C2669,Bronze,70,2025-01-01
C7634,Customer C7634,Silver,65,2025-01-01
C8308,Customer C8308,Gold,62,2025-01-01
C2126,Customer C2126,Bronze,71,2025-01-01
C7021,Customer C7021,Silver,53,2025-01-01
C8039,Customer C8039,Bronze,53,2025-01-01
C9674,Customer C9674,Bronze,38,2025-01-01
C8207,Customer C8207,Silver,49,2025-01-01
C3913,Customer C3913,Bronze,48,2025-01-01
C3340,Customer C3340,Bronze,54,2025-01-01
C9836,Customer C9836,Bronze,33,2025-01-01
C9955,Customer C9955,Bronze,63,2025-01-01
C8663,Customer C8663,Gold,63,2025-01-01
C9771,Customer C9771,Silver,74,2025-01-01
C4804,Customer C4804,Bronze,41,2025-01-01
C5878,Customer C5878,Bronze,42,2025-01-01
C9093,Customer C9093,Silver,63,2025-01-01
C6608,Customer C6608,Gold,68,2025-01-01
C7395,Customer C7395,Bronze,52,2025-01-01
C7101,Customer C7101,Silver,34,2025-01-01
C6531,Customer C6531,Gold,63,2025-01-01
C9408,Customer C9408,Silver,59,2025-01-01
C4679,Customer C4679,Bronze,62,2025-01-01
C8540,Customer C8540,Bronze,71,2025-01-01
C8074,Customer C8074,Bronze,21,2025-01-01
C4996,Customer C4996,Bronze,28,2025-01-01
C5786,Customer C5786,Bronze,64,2025-01-01
C3366,Customer C3366,Bronze,32,2025-01-01
C2614,Customer C2614,Silver,47,2025-01-01
C8699,Customer C8699,Bronze,41,2025-01-01
C5960,Customer C5960,Bronze,19,2025-01-01
C7194,Customer C7194,Silver,60,2025-01-01
C1978,Customer C1978,Silver,51,2025-01-01
C2701,Customer C2701,Silver,40,2025-01-01
C8229,Customer C8229,Bronze,48,2025-01-01
C9303,Customer C9303,Silver,54,2025-01-01
C5121,Customer C5121,Bronze,30,2025-01-01
C6651,Customer C6651,Bronze,50,2025-01-01
C8273,Customer C8273,Silver,24,2025-01-01
C1908,Customer C1908,Bronze,49,2025-01-01
C5617,Customer C5617,Bronze,24,2025-01-01
C2049,Customer C2049,Bronze,59,2025-01-01
C5129,Customer C5129,Bronze,55,2025-01-01
C9653,Customer C9653,Bronze,69,2025-01-01
C9272,Customer C9272,Silver,61,2025-01-01
C3804,Customer C3804,Bronze,30,2025-01-01
C9031,Customer C9031,Gold,41,2025-01-01
C6526,Customer C6526,Bronze,45,2025-01-01
C5694,Customer C5694,Bronze,49,2025-01-01
C2934,Customer C2934,Bronze,60,2025-01-01
C4909,Customer C4909,Bronze,35,2025-01-01
C4066,Customer C4066,Silver,51,2025-01-01
C5872,Customer C5872,Bronze,65,2025-01-01
C3337,Customer C3337,Bronze,51,2025-01-01
C7820,Customer C7820,Silver,68,2025-01-01
C3655,Customer C3655,Silver,18,2025-01-01
C1704,Customer C1704,Silver,60,2025-01-01
C1376,Customer C1376,Bronze,67,2025-01-01
C1443,Customer C1443,Bronze,59,2025-01-01
C4465,Customer C4465,Bronze,48,2025-01-01
C3407,Customer C3407,Silver,67,2025-01-01
C9814,Customer C9814,Bronze,18,2025-01-01
C7104,Customer C7104,Bronze,68,2025-01-01
C6747,Customer C6747,Bronze,33,2025-01-01
C2723,Customer C2723,Bronze,56,2025-01-01
C8224,Customer C8224,Bronze,32,2025-01-01
C5215,Customer C5215,Silver,50,2025-01-01
C4881,Customer C4881,Bronze,40,2025-01-01
